Brand Names,Buyer Classification,Buyer Sector,Buyer HQ Location,Buyer HQ Region,Cum. Retirements,"Cum. Share, %",Last 5 Years Retirements,"Last 5 Years Share, %",2019,2020,2021,2022,2023,2024,Repeat Tx count,Average purchase per year,Last 2 Years Purchases,Purchases before Last 2 Years,Last 2 Years gain vs prior
02 Taksi Oy,Transportation/ Taxi Services,Transportation/Logistics,Finland,Europe,253,0.00%,253,0.00%,,,,253,,,1,253,0,253,0.00%
100% Renewables,Energy and sustainability sector,Energy/Mining/Utilities,Australia,Oceania,269,0.00%,269,0.00%,,,,,75,194,1,135,269,0,100.00%
11er Nahrungsmittel GmbH,Food and Beverage industry,Food and Beverage,Germany,Europe,"2,703",0.00%,"2,500",0.00%,"1,000","1,000",,500,,,3,833,0,"2,703",0.00%
11th Hour Racing,Entertainment industry,Entertainment/Media/Sports,United States,North America,23,0.00%,23,0.00%,23,,,,,,1,23,0,23,0.00%
17 Capital Services Ltd,Financial Services,Financial Services,United Kingdom,Europe,101,0.00%,101,0.00%,,,,,,101,0,101,101,0,100.00%
17 Sport,Sportswear/Apparel,Apparel/Fashion,Germany,Europe,496,0.00%,496,0.00%,,,,,332,164,1,248,496,0,100.00%
2025 US Open Tennis Championships,Sports,Entertainment/Media/Sports,United States,North America,"2,040",0.00%,"2,040",0.00%,,,,,,"2,040",0,"2,040","2,040",0,100.00%
2050 Consulting AB,Consulting Services,Consulting Services,Sweden,Europe,"4,837",0.01%,"4,837",0.01%,,,"2,426",,"2,411",,2,"2,419","2,411","2,426",49.84%
"2099 Productions NY, LLC",Entertainment industry,Entertainment/Media/Sports,United States,North America,831,0.00%,831,0.00%,,,,,831,,1,831,831,0,100.00%
20th Century Studios,Entertainment industry,Entertainment/Media/Sports,United States,North America,266,0.00%,266,0.00%,,,,225,41,,2,133,41,225,15.41%
21 Construction,Construction,Construction/Engineering,Singapore,Asia,"1,671",0.00%,"1,671",0.00%,,,"1,671",,,,1,"1,671",0,"1,671",0.00%
23 Degrees Coffee,Food and Beverage industry,Food and Beverage,United States,North America,30,0.00%,30,0.00%,,,,30,,,1,30,0,30,0.00%
2B Scientific,Medical Devices,Healthcare/Pharmaceuticals,United Kingdom,Europe,92,0.00%,92,0.00%,,,,48,,44,1,46,44,48,47.83%
2do Marketing Services GmbH,Marketing Services,Advertising/Marketing/PR,Germany,Europe,80,0.00%,80,0.00%,,,80,,,,1,80,0,80,0.00%
2i Rete Gas,Energy/Utilities,Energy/Mining/Utilities,Italy,Europe,"14,515",0.02%,"14,515",0.02%,,,,,410,"14,105",1,"7,258","14,515",0,100.00%
2SPL,Legal services,Consulting Services,Germany,Europe,95,0.00%,95,0.00%,,,,,95,,1,95,95,0,100.00%
30 Seconds Limited,Advertising/Marketing/PR,Advertising/Marketing/PR,New Zealand,Oceania,"3,624",0.00%,"3,624",0.01%,,,,,"3,624",,1,"3,624","3,624",0,100.00%
3Degrees,Energy and sustainability sector,Energy/Mining/Utilities,United States,North America,476,0.00%,476,0.00%,,,,,476,,1,476,476,0,100.00%
3E Group,Consulting or technology sector,Consulting Services,United States,North America,500,0.00%,500,0.00%,,,,,500,,1,500,500,0,100.00%
3R Group Limited,Waste management and recycling industry,Agriculture/Agribusiness/Resources,New Zealand,Oceania,629,0.00%,629,0.00%,,,210,,300,119,2,210,419,210,66.61%
4AIR,Travel & Tourism,Travel & Tourism,France,Europe,"126,010",0.17%,"126,010",0.19%,,,,"19,643","5,860","100,507",2,"42,003","106,367","19,643",84.41%
4C,Certification Services,Consulting Services,Germany,Europe,13,0.00%,13,0.00%,,,,13,,,1,13,0,13,0.00%
4G Systems GmbH,Technology/Telecommunications,Technology/Telecommunications,Germany,Europe,775,0.00%,775,0.00%,,,775,,,,1,775,0,775,0.00%
4T Medical,Medical Devices,Healthcare/Pharmaceuticals,United Kingdom,Europe,83,0.00%,83,0.00%,,,,,83,,1,83,83,0,100.00%
667 Technology GmbH,Technology,Technology/Telecommunications,Germany,Europe,767,0.00%,767,0.00%,,767,,,,,1,767,0,767,0.00%
7-Eleven,Convenience store industry,Retail,Japan,Asia,32,0.00%,32,0.00%,,,,,,32,0,32,32,0,100.00%
A Days March,Fashion/Apparel,Apparel/Fashion,Sweden,Europe,"1,744",0.00%,"1,744",0.00%,,378,764,602,,,3,581,0,"1,744",0.00%
A.E.S Engineering,Engineering,Construction/Engineering,United States,North America,500,0.00%,500,0.00%,,,,500,,,1,500,0,500,0.00%
A2C Services Ltd,Services/Consulting industry,Consulting Services,United Kingdom,Europe,837,0.00%,837,0.00%,,,837,,,,1,837,0,837,0.00%
AA Salt Services Ltd,Salt services,Others,United Kingdom,Europe,40,0.00%,40,0.00%,,,,,,40,0,40,40,0,100.00%
AAC,Aerospace and Defense,Manufacturing/Engineering,United States,North America,"50,000",0.07%,"50,000",0.08%,,,,,,"50,000",0,"50,000","50,000",0,100.00%
AAM Commercial,Commercial Services,Consulting Services,United States,North America,300,0.00%,300,0.00%,,,,,,300,0,300,300,0,100.00%
AB KE Petterssons Handelsträdgårdar,Agriculture/ Gardening/ Landscaping,Agriculture/Agribusiness/Resources,Sweden,Europe,612,0.00%,612,0.00%,612,,,,,,1,612,0,612,0.00%
ABAB Accountants en Adviseurs,Accounting Services,Consulting Services,Netherlands,Europe,"3,096",0.00%,"1,848",0.00%,383,,848,617,,,3,616,0,"3,096",0.00%
ABAX Group,Technology/Software,Technology/Telecommunications,Norway,Europe,"1,064",0.00%,"1,064",0.00%,,,181,176,707,,3,355,707,357,66.45%
ABB,Technology/Electronics,Technology/Telecommunications,Switzerland,Europe,"31,537",0.04%,"31,537",0.05%,,"15,446",,,"15,921",170,2,"10,512","16,091","15,446",51.02%
Abbey,Financial Services,Financial Services,United Kingdom,Europe,959,0.00%,959,0.00%,,,,,,959,0,959,959,0,100.00%
Aberdeen International Airport,Travel & Transportation,Transportation/Logistics,United Kingdom,Europe,"2,527",0.00%,"2,527",0.00%,,"1,590",937,,,,2,"1,264",0,"2,527",0.00%
ABF,Technical Services,Others,Mexico,North America,32,0.00%,32,0.00%,,,,,32,,1,32,32,0,100.00%
ABI,Beverages,Food and Beverage,Nigeria,Africa,"1,125",0.00%,"1,125",0.00%,,,,,,"1,125",0,"1,125","1,125",0,100.00%
Ablasswandel,Retail,Retail,Germany,Europe,61,0.00%,61,0.00%,,,40,,21,,2,31,21,40,34.43%
Abley,Construction,Construction/Engineering,United Kingdom,Europe,54,0.00%,54,0.00%,,,,54,,,1,54,0,54,0.00%
ABRA-SAX,Software,Technology/Telecommunications,Germany,Europe,28,0.00%,28,0.00%,,,28,,,,1,28,0,28,0.00%
Abstracta,Furniture or interior design industry,Retail,Sweden,Europe,456,0.00%,456,0.00%,,,,120,336,,2,228,336,120,73.68%
AC ter Kuile,Agriculture,Agriculture/Agribusiness/Resources,Netherlands,Europe,64,0.00%,0,0.00%,0,0,0,0,0,0,5,0,0,64,0.00%
ACADEMIA,Education,Others,United States,North America,560,0.00%,560,0.00%,,,,,,560,0,560,560,0,100.00%
Academy of Medical Sciences,Healthcare,Healthcare/Pharmaceuticals,United Kingdom,Europe,235,0.00%,235,0.00%,,,,,,235,0,235,235,0,100.00%
Accelya,Technology/Software,Technology/Telecommunications,India,Asia,"3,434",0.00%,"3,434",0.01%,,,,,"3,434",,1,"3,434","3,434",0,100.00%
Accordia,Real Estate,Entertainment/Media/Sports,Japan,Asia,25,0.00%,25,0.00%,,,,,,25,0,25,25,0,100.00%
AccuRx,Healthcare Technology,Healthcare/Pharmaceuticals,United Kingdom,Europe,879,0.00%,879,0.00%,,,20,280,405,174,3,220,579,300,65.87%
Ace Natural,Food and beverage industry,Food and Beverage,United States,North America,458,0.00%,458,0.00%,,458,,,,,1,458,0,458,0.00%
Ace Winches,Industrial Equipment/Manufacturing,Construction/Engineering,United Kingdom,Europe,"1,810",0.00%,"1,810",0.00%,,,,,782,"1,028",1,905,"1,810",0,100.00%
Acer,Technology,Technology/Telecommunications,Taiwan,Asia,83,0.00%,83,0.00%,,,,,,83,0,83,83,0,100.00%
ACETUM,Food & Beverage,Food and Beverage,Italy,Europe,329,0.00%,329,0.00%,,,,,329,,1,329,329,0,100.00%
ACH - Agency for Co-operative Housing,Real Estate,Entertainment/Media/Sports,Canada,North America,127,0.00%,127,0.00%,,,,,,127,0,127,127,0,100.00%
Achmea,Insurance,Financial Services,Netherlands,Europe,"7,566",0.01%,"7,566",0.01%,,,,,,"7,566",0,"7,566","7,566",0,100.00%
Aclymate,Software,Technology/Telecommunications,United States,North America,158,0.00%,158,0.00%,,,,,,158,0,158,158,0,100.00%
Acropolis Aviation,Aviation/Aerospace,Transportation/Logistics,United Kingdom,Europe,"6,815",0.01%,"6,815",0.01%,,,"1,407","3,408","2,000",,3,"2,272","2,000","4,815",29.35%
ACS International Schools,Education,Non-profit/Charity/Government/NGO,United Kingdom,Europe,418,0.00%,308,0.00%,,,200,108,,,2,154,0,418,0.00%
ACS Private Jet,Private Aviation,Transportation/Logistics,United States,North America,100,0.00%,100,0.00%,,,,100,,,1,100,0,100,0.00%
ACT Financial Solutions,Finance/Financial Services,Financial Services,India,Asia,"70,214",0.09%,"70,214",0.11%,,,"70,214",,,,1,"70,214",0,"70,214",0.00%
Acterience,Management Consulting,Consulting Services,Germany,Europe,93,0.00%,93,0.00%,,,,,,93,0,93,93,0,100.00%
ActewAGL,Utilities,Energy/Mining/Utilities,Australia,Oceania,688,0.00%,0,0.00%,0,0,0,0,0,0,5,0,0,688,0.00%
Action Sustainability,Sustainability Consulting,Environmental & Sustainability Services,United Kingdom,Europe,60,0.00%,60,0.00%,,,60,,,,1,60,0,60,0.00%
Action Together,Non-profit/Charity,Non-profit/Charity/Government/NGO,United Kingdom,Europe,132,0.00%,132,0.00%,,,132,,,,1,132,0,132,0.00%
Actis,Finance/Investment Banking,Financial Services,United Kingdom,Europe,227,0.00%,227,0.00%,,,,227,,,1,227,0,227,0.00%
Active,Retail,Retail,United Kingdom,Europe,23,0.00%,23,0.00%,,,,,23,,1,23,23,0,100.00%
ActNow,Health and wellness,Healthcare/Pharmaceuticals,United States,North America,200,0.00%,0,0.00%,0,0,0,0,0,0,5,0,0,200,0.00%
ADA,Accessibility Consulting,Consulting Services,Czech Republic,Europe,64,0.00%,64,0.00%,,,,,64,,1,64,64,0,100.00%
ADA Cosmetics,Cosmetics and Personal Care,Retail,Germany,Europe,343,0.00%,343,0.00%,,,,,23,320,1,172,343,0,100.00%
Adamantem,Finance/Investment,Financial Services,Australia,Oceania,108,0.00%,108,0.00%,,108,,,,,1,108,0,108,0.00%
Adapro,Software,Technology/Telecommunications,India,Asia,40,0.00%,40,0.00%,,40,,,,,1,40,0,40,0.00%
Aden Contracting,Construction,Construction/Engineering,United Kingdom,Europe,200,0.00%,200,0.00%,,,,,200,,1,200,200,0,100.00%
Adevinta,Technology/Internet/E-commerce,Technology/Telecommunications,Norway,Europe,"28,106",0.04%,"22,103",0.03%,,,,,"22,103",,1,"22,103","22,103","6,003",78.64%
Adey Innovation Ltd,Water Treatment,Manufacturing/Engineering,United Kingdom,Europe,709,0.00%,709,0.00%,,,,,,709,0,709,709,0,100.00%
Adidas,Sporting goods,Retail,Germany,Europe,46,0.00%,46,0.00%,,,26,,20,,2,23,20,26,43.48%
Aditro,Logistics,Transportation/Logistics,Sweden,Europe,250,0.00%,250,0.00%,,,,,,250,0,250,250,0,100.00%
Adlibris AB,Online Bookstore,Retail,Sweden,Europe,"26,093",0.04%,"26,093",0.04%,,,,"26,093",,,1,"26,093",0,"26,093",0.00%
Admiral Insurance,Insurance,Financial Services,United Kingdom,Europe,"18,427",0.02%,"14,927",0.02%,,,,"8,669","6,258",,2,"7,464","6,258","12,169",33.96%
ADP Consulting,Consulting Services,Consulting Services,United States,North America,662,0.00%,662,0.00%,,,,,662,,1,662,662,0,100.00%
ADT,Security,Technology/Telecommunications,United States,North America,25,0.00%,25,0.00%,,25,,,,,1,25,0,25,0.00%
Advanced Engineering,Engineering,Construction/Engineering,United Kingdom,Europe,15,0.00%,15,0.00%,,,,15,,,1,15,0,15,0.00%
Advent International,Private Equity,Financial Services,United States,North America,"1,860",0.00%,"1,860",0.00%,,,,"1,360",500,,2,930,500,"1,360",26.88%
Advent Partners,Private Equity,Financial Services,Australia,Oceania,165,0.00%,165,0.00%,,,,,,165,0,165,165,0,100.00%
Adventure Travel World Summit,Travel and Tourism,Travel & Tourism,United States,North America,"1,124",0.00%,0,0.00%,0,0,0,0,0,0,5,0,0,"1,124",0.00%
Adveq,Finance/Investment industry,Financial Services,Switzerland,Europe,"2,469",0.00%,0,0.00%,0,0,0,0,0,0,5,0,0,"2,469",0.00%
Adyen,Financial Technology (FinTech),Technology/Telecommunications,Netherlands,Europe,"12,903",0.02%,"12,903",0.02%,,,,"12,903",,,1,"12,903",0,"12,903",0.00%
AEB SE,Software Company,Technology/Telecommunications,Germany,Europe,"3,342",0.00%,"1,710",0.00%,,,"1,606",104,,,2,855,0,"3,342",0.00%
AECID – Spanish Agency for International Development Cooperation,Government agency,Non-profit/Charity/Government/NGO,Spain,Europe,20,0.00%,20,0.00%,,,,20,,,1,20,0,20,0.00%
AECOM,Engineering/Construction/Infrastructure,Construction/Engineering,United States,North America,"1,194",0.00%,"1,194",0.00%,,,"1,194",,,,1,"1,194",0,"1,194",0.00%
AEL Mining Services Limited,Mining and Chemicals industry,Energy/Mining/Utilities,South Africa,Africa,"1,022,634",1.38%,"1,022,634",1.56%,,"906,380","116,254",,,,2,"511,317",0,"1,022,634",0.00%
aeoon,Textile and apparel industry,Apparel/Fashion,Austria,Europe,325,0.00%,325,0.00%,,,,325,,,1,325,0,325,0.00%
Aeorema,Telecommunications,Technology/Telecommunications,United Kingdom,Europe,199,0.00%,199,0.00%,,,,,199,,1,199,199,0,100.00%
Aeroplan,Travel and Loyalty Programs,Travel & Tourism,Canada,North America,"89,564",0.12%,"38,175",0.06%,,"12,042","7,252","11,881","7,000",,4,"9,544","7,000","82,564",7.82%
Aéroport du Golfe Saint-Tropez,Travel and Transportation,Travel & Tourism,France,Europe,385,0.00%,385,0.00%,,,,,,385,0,385,385,0,100.00%
Aeroport Nice Cote d'Azur,Travel and Transportation,Travel & Tourism,France,Europe,"1,190",0.00%,0,0.00%,0,0,0,0,0,0,5,0,0,"1,190",0.00%
Aeroporti di Roma,Travel and Transportation,Travel & Tourism,Italy,Europe,"17,400",0.02%,"17,400",0.03%,,,,,,"17,400",0,"17,400","17,400",0,100.00%
Aéroports de la Côte d'Azur,Travel and Transportation,Travel & Tourism,France,Europe,50,0.00%,50,0.00%,,,,,,50,0,50,50,0,100.00%
Aéroports de Lyon,Travel and Transportation,Travel & Tourism,France,Europe,945,0.00%,945,0.00%,,,,,,945,0,945,945,0,100.00%
Aerzen,Construction,Construction/Engineering,Germany,Europe,186,0.00%,186,0.00%,,,,,,186,0,186,186,0,100.00%
Aerzener,Construction,Construction/Engineering,Germany,Europe,141,0.00%,141,0.00%,,,,,,141,0,141,141,0,100.00%
AES Engineering Ltd,Engineering,Manufacturing/Engineering,United Kingdom,Europe,"2,500",0.00%,"2,500",0.00%,,,,,,"2,500",0,"2,500","2,500",0,100.00%
Aesop,Beauty and skincare industry,Retail,Australia,Oceania,"10,707",0.01%,"10,707",0.02%,,,,,"10,707",,1,"10,707","10,707",0,100.00%
AESSEAL,Engineering/Manufacturing/Industrial Machinery,Construction/Engineering,Italy,Europe,750,0.00%,750,0.00%,,,,,750,,1,750,750,0,100.00%
Aether Industries,Chemicals,Manufacturing/Engineering,India,Asia,20,0.00%,0,0.00%,0,0,0,0,0,0,5,0,0,20,0.00%
AFD,Development Finance Institution,Financial Services,France,Europe,14,0.00%,0,0.00%,0,0,0,0,0,0,5,0,0,14,0.00%
AFME,Financial Services,Financial Services,United Kingdom,Europe,25,0.00%,25,0.00%,,,,25,,,1,25,0,25,0.00%
AFRAA,Aviation/Aerospace,Transportation/Logistics,Ethiopia,Africa,75,0.00%,75,0.00%,,,,,,75,0,75,75,0,100.00%
Africa Oil Corp,Energy/Resources,Energy/Mining/Utilities,Canada,North America,"65,693",0.09%,"65,693",0.10%,,,"39,293",,"26,400",,2,"32,847","26,400","39,293",40.19%
Africa Scenic Safaris,Travel and Tourism,Travel & Tourism,Kenya,Africa,117,0.00%,117,0.00%,,,,,,117,0,117,117,0,100.00%
AfricaLink,Information Technology,Technology/Telecommunications,Zambia,Africa,15,0.00%,15,0.00%,,,,,,15,0,15,15,0,100.00%
Afriquia Gaz,Energy,Energy/Mining/Utilities,Morocco,Africa,"10,354",0.01%,"10,354",0.02%,,,,,,"10,354",0,"10,354","10,354",0,100.00%
AFS Group,Financial Services,Financial Services,Netherlands,Europe,408,0.00%,408,0.00%,,,408,,,,1,408,0,408,0.00%
AG,Technology/Software,Technology/Telecommunications,Switzerland,Europe,370,0.00%,370,0.00%,,,,370,,,1,370,0,370,0.00%
AgDevCo,Agriculture/Agribusiness,Agriculture/Agribusiness/Resources,United Kingdom,Europe,168,0.00%,168,0.00%,,,,168,,,1,168,0,168,0.00%
AGE,Environmental Services,Environmental & Sustainability Services,United States,North America,600,0.00%,600,0.00%,,,,,,600,0,600,600,0,100.00%
Agence Erasmus+ France,Government/Non-profit/Development sector,Non-profit/Charity/Government/NGO,France,Europe,54,0.00%,54,0.00%,,,54,,,,1,54,0,54,0.00%
Agence Francaise de Developpement,Government/Non-profit/Development,Non-profit/Charity/Government/NGO,France,Europe,"164,839",0.22%,"5,000",0.01%,,"5,000",,,,,1,"5,000",0,"164,839",0.00%
Agilio,Technology,Technology/Telecommunications,United States,North America,201,0.00%,201,0.00%,,,,,201,,1,201,201,0,100.00%
Agio,Furniture industry,Retail,Italy,Europe,632,0.00%,632,0.00%,222,314,,96,,,3,211,0,632,0.00%
AGL Energy,Energy/utility sector,Energy/Mining/Utilities,Australia,Oceania,"682,700",0.92%,"601,394",0.92%,,"19,316","104,932","115,465","361,681",,4,"150,349","361,681","321,019",52.98%
Agnes Advokatbyrå,Legal Services,Consulting Services,Sweden,Europe,58,0.00%,58,0.00%,20,,25,13,,,3,19,0,58,0.00%
Agri-Synergie,Agriculture,Agriculture/Agribusiness/Resources,France,Europe,23,0.00%,23,0.00%,,,,23,,,1,23,0,23,0.00%
Agria Pet Insurance,Pet Insurance,Financial Services,Sweden,Europe,401,0.00%,401,0.00%,,,,,68,333,1,201,401,0,100.00%
Agriportance,Agriculture,Agriculture/Agribusiness/Resources,Netherlands,Europe,20,0.00%,20,0.00%,,,,,,20,0,20,20,0,100.00%
Agroinduchem,Agriculture,Agriculture/Agribusiness/Resources,Argentina,South America,91,0.00%,0,0.00%,0,0,0,0,0,0,5,0,0,91,0.00%
Agrosostenible,Agriculture,Agriculture/Agribusiness/Resources,Colombia,South America,58,0.00%,58,0.00%,,,,,58,,1,58,58,0,100.00%
AGS Airports Ltd,Airport Services,Transportation/Logistics,United Kingdom,Europe,20,0.00%,20,0.00%,,,,,,20,0,20,20,0,100.00%
AIA,Insurance,Financial Services,Singapore,Asia,177,0.00%,177,0.00%,,,,,,177,0,177,177,0,100.00%
AIFS,Travel and tourism industry,Travel & Tourism,United States,North America,"4,000",0.01%,"4,000",0.01%,,"2,000",,,"2,000",,2,"2,000","2,000","2,000",50.00%
AIIB,Finance,Financial Services,China,Asia,23,0.00%,23,0.00%,,,,,,23,0,23,23,0,100.00%
Aiimi,Technology/Information Technology,Technology/Telecommunications,United Kingdom,Europe,"1,056",0.00%,"1,056",0.00%,,,206,,,850,1,528,850,206,80.49%
aik,Sports,Entertainment/Media/Sports,Sweden,Europe,"43,000",0.06%,"43,000",0.07%,"23,000",,"20,000",,,,2,"21,500",0,"43,000",0.00%
AIR,Asset Management,Financial Services,United States,North America,30,0.00%,30,0.00%,,,,,30,,1,30,30,0,100.00%
Air 7 Asia,Airline,Transportation/Logistics,Singapore,Asia,87,0.00%,87,0.00%,,,,87,,,1,87,0,87,0.00%
Air France,Airline industry,Transportation/Logistics,France,Europe,"125,677",0.17%,"125,677",0.19%,,,"26,678","73,337","25,662",,3,"41,892","25,662","100,015",20.42%
Air Liquide,Industrial Gases,Energy/Mining/Utilities,France,Europe,"1,137",0.00%,"1,137",0.00%,,164,,,973,,2,569,973,164,85.58%
Air New Zealand,Airline industry,Transportation/Logistics,New Zealand,Oceania,"37,331",0.05%,"28,140",0.04%,,"2,500",,"22,174","3,466",,3,"9,380","3,466","33,865",9.28%
AirCarbon,Environmental Technology,Technology/Telecommunications,United States,North America,"1,000",0.00%,"1,000",0.00%,"1,000",,,,,,1,"1,000",0,"1,000",0.00%
Akademiska Hus,Real Estate,Real Estate,Sweden,Europe,"9,400",0.01%,"9,400",0.01%,,,,,,"9,400",0,"9,400","9,400",0,100.00%
Aker,Renewable energy,Energy/Mining/Utilities,Germany,Europe,23,0.00%,0,0.00%,0,0,0,0,0,0,5,0,0,23,0.00%
Aker Solutions,Oil & Gas - Equipment & Services,Energy/Mining/Utilities,Norway,Europe,824,0.00%,824,0.00%,,,,,,824,0,824,824,0,100.00%
AKO Capital LLP,Finance,Financial Services,United Kingdom,Europe,215,0.00%,215,0.00%,,,,,,215,0,215,215,0,100.00%
AKT II,Engineering and construction industry,Construction/Engineering,United Kingdom,Europe,300,0.00%,300,0.00%,,,,,,300,0,300,300,0,100.00%
Alan Reed Ltd,Auto Repair,Others,United Kingdom,Europe,264,0.00%,264,0.00%,,,,,,264,0,264,264,0,100.00%
Alba,Hospitality,Travel & Tourism,Albania,Europe,100,0.00%,100,0.00%,,,,,,100,0,100,100,0,100.00%
AlbaCore,Finance,Financial Services,United Kingdom,Europe,180,0.00%,180,0.00%,,,,,,180,0,180,180,0,100.00%
Albany SPC Services,Financial Services,Financial Services,United Kingdom,Europe,55,0.00%,55,0.00%,,,,,20,35,1,28,55,0,100.00%
Albizia Capital,Investment Management,Financial Services,Singapore,Asia,47,0.00%,47,0.00%,,,,,47,,1,47,47,0,100.00%
Alcaguete,Food and Beverage,Food and Beverage,Colombia,South America,20,0.00%,20,0.00%,,,,,,20,0,20,20,0,100.00%
Alcantara,Textiles and materials,Apparel/Fashion,Italy,Europe,"5,519",0.01%,"4,419",0.01%,,,"1,500",,"2,799",120,2,"1,473","2,919","2,600",52.89%
Alcimed,Consulting,Consulting Services,France,Europe,60,0.00%,60,0.00%,,,,,,60,0,60,60,0,100.00%
Alcon,Healthcare/Pharmaceuticals,Healthcare/Pharmaceuticals,Switzerland,Europe,256,0.00%,256,0.00%,,,,,256,,1,256,256,0,100.00%
Alcyon Aviation,Aviation,Transportation/Logistics,Germany,Europe,640,0.00%,0,0.00%,0,0,0,0,0,0,5,0,0,640,0.00%
Aledade,Healthcare/HealthTech,Healthcare/Pharmaceuticals,United States,North America,"2,583",0.00%,"2,583",0.00%,,,888,"1,695",,,2,"1,292",0,"2,583",0.00%
Aleris,Aluminum,Manufacturing/Engineering,United States,North America,63,0.00%,63,0.00%,,,63,,,,1,63,0,63,0.00%
Alfred Dunhill,Fashion and luxury goods,Apparel/Fashion,United Kingdom,Europe,"1,056",0.00%,"1,056",0.00%,,,,"1,056",,,1,"1,056",0,"1,056",0.00%
Align Strategy Ltd,Business consulting or management consulting,Consulting Services,United Kingdom,Europe,400,0.00%,400,0.00%,,,,400,,,1,400,0,400,0.00%
Aligne,Healthcare/Orthodontics,Healthcare/Pharmaceuticals,United States,North America,"1,992",0.00%,0,0.00%,0,0,0,0,0,0,5,0,0,"1,992",0.00%
Alinea Consulting LLP,Consulting Services,Consulting Services,United Kingdom,Europe,167,0.00%,167,0.00%,,,,167,,,1,167,0,167,0.00%
Alinea International Ltd.,Consulting Services,Consulting Services,Canada,North America,41,0.00%,41,0.00%,,,,,41,,1,41,41,0,100.00%
Alive2Green,Environmental sustainability or green technology sector,Energy/Mining/Utilities,South Africa,Africa,128,0.00%,0,0.00%,0,0,0,0,0,0,5,0,0,128,0.00%
All In Maintenance Building & Development Ltd,Construction and Maintenance,Construction/Engineering,Canada,North America,47,0.00%,47,0.00%,,,,,,47,0,47,47,0,100.00%
All Seas Capital,Investment Management,Financial Services,United Kingdom,Europe,17,0.00%,17,0.00%,,,,17,,,1,17,0,17,0.00%
Allbirds,Fashion/Apparel,Apparel/Fashion,United States,North America,"16,638",0.02%,"16,638",0.03%,,,"16,638",,,,1,"16,638",0,"16,638",0.00%
Allbyn,Manufacturing,Manufacturing/Engineering,United Kingdom,Europe,15,0.00%,15,0.00%,,,,,15,,1,15,15,0,100.00%
Alliance Management,Financial Services,Financial Services,United States,North America,454,0.00%,454,0.00%,,,,,,454,0,454,454,0,100.00%
Alliance to Zero,Non-profit organization,Non-profit/Charity/Government/NGO,United States,North America,15,0.00%,15,0.00%,,,15,,,,1,15,0,15,0.00%
Allianz,Insurance and financial services,Financial Services,Germany,Europe,"1,217",0.00%,"1,162",0.00%,,"1,000",,162,,,2,581,0,"1,217",0.00%
Allmannwappner,Architecture,Construction/Engineering,Germany,Europe,178,0.00%,133,0.00%,,,,45,88,,2,67,88,90,49.44%
AlmaWin,Household cleaning products,Retail,Germany,Europe,104,0.00%,104,0.00%,,,,104,,,1,104,0,104,0.00%
Almeräng Fotografi,Photography,Entertainment/Media/Sports,Sweden,Europe,14,0.00%,14,0.00%,,14,,,,,1,14,0,14,0.00%
Alpensped,Logistics and transportation,Transportation/Logistics,Germany,Europe,268,0.00%,268,0.00%,,,,,268,,1,268,268,0,100.00%
Alpensped GmbH,Logistics/Transportation,Transportation/Logistics,Germany,Europe,"1,800",0.00%,"1,800",0.00%,,,,,"1,800",,1,"1,800","1,800",0,100.00%
Alpha,Technology/Software,Technology/Telecommunications,United States,North America,216,0.00%,216,0.00%,,,216,,,,1,216,0,216,0.00%
Alpha Investment,Financial Services,Financial Services,United Kingdom,Europe,19,0.00%,19,0.00%,,19,,,,,1,19,0,19,0.00%
Alpha Real Trust,Real Estate,Real Estate,United Kingdom,Europe,62,0.00%,62,0.00%,,,,,,62,0,62,62,0,100.00%
Alpha Vet International,Veterinary Services,Healthcare/Pharmaceuticals,United Kingdom,Europe,40,0.00%,40,0.00%,,,40,,,,1,40,0,40,0.00%
Alpine,Automotive or outdoor recreation industry,Transportation/Logistics,France,Europe,"1,234",0.00%,"1,234",0.00%,,,,554,680,,2,617,680,554,55.11%
Alpkit,Outdoor and adventure sports industry,Entertainment/Media/Sports,United Kingdom,Europe,100,0.00%,100,0.00%,,,,,100,,1,100,100,0,100.00%
ALPLA,Manufacturing/Plastics industry,Agriculture/Agribusiness/Resources,Austria,Europe,283,0.00%,0,0.00%,0,0,0,0,0,0,5,0,0,283,0.00%
ALS Limited,Healthcare/Pharmaceuticals/Laboratory Services,Healthcare/Pharmaceuticals,Australia,Oceania,"36,161",0.05%,"36,161",0.06%,,,,"12,500","12,500","11,161",2,"12,054","23,661","12,500",65.43%
Altas Corporation,Investment Management,Financial Services,Canada,North America,863,0.00%,863,0.00%,,,,,,863,0,863,863,0,100.00%
Alteco,Construction,Construction/Engineering,Italy,Europe,31,0.00%,31,0.00%,,,31,,,,1,31,0,31,0.00%
Altergaz,Gas and Electricity,Energy/Mining/Utilities,France,Europe,42,0.00%,0,0.00%,0,0,0,0,0,0,5,0,0,42,0.00%
Alverbäcks Blommor AB,Florist or gardening industry,Retail,Sweden,Europe,"1,746",0.00%,"1,746",0.00%,"1,309",,437,,,,2,873,0,"1,746",0.00%
Amaury Sport Organisation,Sports and events industry,Entertainment/Media/Sports,France,Europe,"66,384",0.09%,"51,884",0.08%,"13,850","14,374","23,660",,,,3,"17,295",0,"66,384",0.00%
Amazon,Technology,Technology/Telecommunications,United States,North America,"6,546",0.01%,"6,546",0.01%,,,,25,,"6,521",1,"3,273","6,521",25,99.62%
Ambar Kelly,Financial Services,Financial Services,United Kingdom,Europe,20,0.00%,20,0.00%,,,,20,,,1,20,0,20,0.00%
Amber Capital,Finance,Financial Services,United States,North America,120,0.00%,120,0.00%,,,,,,120,0,120,120,0,100.00%
Amber Electric,Energy/Utilities,Energy/Mining/Utilities,Australia,Oceania,363,0.00%,363,0.00%,,,,363,,,1,363,0,363,0.00%
Amberjack,Fishing industry,Agriculture/Agribusiness/Resources,United States,North America,15,0.00%,15,0.00%,,,,,,15,0,15,15,0,100.00%
Amberstone,Technology,Technology/Telecommunications,United Kingdom,Europe,"1,397",0.00%,"1,397",0.00%,,209,,367,615,206,3,349,821,576,58.77%
Ambielegsa,Utilities,Energy/Mining/Utilities,Spain,Europe,20,0.00%,20,0.00%,,,,,,20,0,20,20,0,100.00%
American Academy of Arts and Sciences,Education,Others,United States,North America,33,0.00%,33,0.00%,,,,,,33,0,33,33,0,100.00%
American Chemical Society,Scientific and professional organizations,Non-profit/Charity/Government/NGO,United States,North America,100,0.00%,100,0.00%,,,,100,,,1,100,0,100,0.00%
American Express,Financial Services,Financial Services,United States,North America,"10,810",0.01%,"10,810",0.02%,,,,10,"10,800",,2,"5,405","10,800",10,99.91%
American International Group,Financial Services,Financial Services,United States,North America,"9,550",0.01%,0,0.00%,0,0,0,0,0,0,5,0,0,"9,550",0.00%
American International School of Lusaka,Education,Others,Zambia,Africa,87,0.00%,87,0.00%,,,87,,,,1,87,0,87,0.00%
American University,Education,Non-profit/Charity/Government/NGO,United States,North America,"18,000",0.02%,"18,000",0.03%,"6,000","6,000","6,000",,,,3,"6,000",0,"18,000",0.00%
Amiln,Healthcare,Healthcare/Pharmaceuticals,Brazil,South America,400,0.00%,400,0.00%,,,,,150,250,1,200,400,0,100.00%
AMP,Finance/Investment sector,Financial Services,Australia,Oceania,"1,863",0.00%,"1,863",0.00%,,"1,863",,,,,1,"1,863",0,"1,863",0.00%
Amplitude,Software,Technology/Telecommunications,United States,North America,10,0.00%,10,0.00%,,,10,,,,1,10,0,10,0.00%
Ampol,Energy & Utilities,Energy/Mining/Utilities,Australia,Oceania,"4,543",0.01%,"4,543",0.01%,,,,"4,543",,,1,"4,543",0,"4,543",0.00%
Ana Tree,Agriculture/Forestry/Environmental Conservation,Agriculture/Agribusiness/Resources,Brazil,South America,295,0.00%,295,0.00%,,295,,,,,1,295,0,295,0.00%
Anca Medica,Medical Devices,Healthcare/Pharmaceuticals,Romania,Europe,50,0.00%,0,0.00%,0,0,0,0,0,0,5,0,0,50,0.00%
Anderson Architecture,Architecture,Construction/Engineering,Australia,Oceania,30,0.00%,30,0.00%,,,,,30,,1,30,30,0,100.00%
Anderson Lloyd,Law firm,Consulting Services,New Zealand,Asia,331,0.00%,331,0.00%,,,,,48,283,1,166,331,0,100.00%
Andreas Oster Weinkellerei,Wine Production,Food and Beverage,Germany,Europe,123,0.00%,123,0.00%,,,,123,,,1,123,0,123,0.00%
Angel On Board,Angel Investor Network,Financial Services,United States,North America,10,0.00%,10,0.00%,,,,10,,,1,10,0,10,0.00%
Anglo-American,Mining and resources,Agriculture/Agribusiness/Resources,South Africa,Africa,"4,000",0.01%,"4,000",0.01%,,,,"2,000",,"2,000",1,"2,000","2,000","2,000",50.00%
Anglo-Eastern,Maritime industry,Transportation/Logistics,Hong Kong,Asia,"4,294",0.01%,"4,294",0.01%,,,,,,"4,294",0,"4,294","4,294",0,100.00%
Angola Rig Ops Travel,Travel,Travel & Tourism,Angola,Africa,805,0.00%,805,0.00%,,,,,,805,0,805,805,0,100.00%
Animalcare,Healthcare - Pharmaceuticals & Biotechnology,Healthcare/Pharmaceuticals,United Kingdom,Europe,246,0.00%,246,0.00%,,,,,,246,0,246,246,0,100.00%
Animor,Animal feed and nutrition,Agriculture/Agribusiness/Resources,United Kingdom,Europe,60,0.00%,60,0.00%,,,60,,,,1,60,0,60,0.00%
Anne Blom Städ & Service,Cleaning Services,Others,Sweden,Europe,87,0.00%,87,0.00%,,23,32,32,,,3,29,0,87,0.00%
Anstiftung,Marketing and Advertising Agency,Advertising/Marketing/PR,Germany,Europe,45,0.00%,45,0.00%,,45,,,,,1,45,0,45,0.00%
Ant Packaging Pty Ltd,Packaging industry,Agriculture/Agribusiness/Resources,Australia,Oceania,"1,441",0.00%,"1,441",0.00%,,,200,600,641,,3,480,641,800,44.48%
Antalis AG,Paper and packaging industry,Agriculture/Agribusiness/Resources,France,Europe,"1,836",0.00%,"1,836",0.00%,,,907,929,,,2,918,0,"1,836",0.00%
Anthesis,Consulting or Environmental Services,Consulting Services,United Kingdom,Europe,900,0.00%,900,0.00%,,,900,,,,1,900,0,900,0.00%
ANWB,Travel and Tourism,Transportation/Logistics,Netherlands,Europe,60,0.00%,60,0.00%,60,,,,,,1,60,0,60,0.00%
Anyvan,Transportation,Transportation/Logistics,United Kingdom,Europe,"7,180",0.01%,"7,180",0.01%,,,,,,"7,180",0,"7,180","7,180",0,100.00%
AO Foundation,Healthcare/medical industry,Healthcare/Pharmaceuticals,Switzerland,Europe,"4,384",0.01%,0,0.00%,0,0,0,0,0,0,5,0,0,"4,384",0.00%
AO Rig Ops Travel,Travel and Tourism,Travel & Tourism,Angola,Africa,"1,142",0.00%,"1,142",0.00%,,,,,,"1,142",0,"1,142","1,142",0,100.00%
Aobis,Technology/Software,Technology/Telecommunications,United States,North America,180,0.00%,180,0.00%,180,,,,,,1,180,0,180,0.00%
APA Service,Service,Consulting Services,United States,North America,16,0.00%,16,0.00%,,,,,,16,0,16,16,0,100.00%
APCOA,Parking and transportation industry,Transportation/Logistics,United States,North America,"4,479",0.01%,"4,479",0.01%,"2,252",,"2,227",,,,2,"2,240",0,"4,479",0.00%
APEM,Chemicals,Manufacturing/Engineering,France,Europe,107,0.00%,107,0.00%,,,,,,107,0,107,107,0,100.00%
Aperio,Technology,Technology/Telecommunications,United States,North America,"2,000",0.00%,"2,000",0.00%,,,,"2,000",,,1,"2,000",0,"2,000",0.00%
Apetito,Food and Beverage,Food and Beverage,Germany,Europe,"17,701",0.02%,"17,701",0.03%,,,,"8,500",,"9,201",1,"8,851","9,201","8,500",51.98%
Apex Group Ltd,Financial Services,Financial Services,United Kingdom,Europe,"12,000",0.02%,"8,000",0.01%,,,,"4,000","4,000",,2,"4,000","4,000","8,000",33.33%
Apex Moto,Motorcycle Manufacturing,Manufacturing/Engineering,Spain,Europe,71,0.00%,71,0.00%,,,,,71,,1,71,71,0,100.00%
APL Service Center Costa Rica S.A.,Service Center/Technology,Technology/Telecommunications,Costa Rica,North America,379,0.00%,379,0.00%,,332,47,,,,2,190,0,379,0.00%
APN Property Group Limited,Real Estate / Property Management,Construction/Engineering,Australia,Oceania,678,0.00%,678,0.00%,,,678,,,,1,678,0,678,0.00%
ApoEx AB,Pharmaceuticals/Healthcare,Healthcare/Pharmaceuticals,Sweden,Europe,"1,004",0.00%,"1,004",0.00%,,,334,379,291,,3,335,291,713,28.98%
Apollo18 GmbH,Film Production and Distribution,Entertainment/Media/Sports,Germany,Europe,82,0.00%,82,0.00%,,,,82,,,1,82,0,82,0.00%
Apotea,"Pharmaceuticals, E-commerce",Healthcare/Pharmaceuticals,Sweden,Europe,155,0.00%,155,0.00%,,,,,61,94,1,78,155,0,100.00%
Apoteket,Pharmacy/Healthcare,Healthcare/Pharmaceuticals,Sweden,Europe,"8,960",0.01%,"2,000",0.00%,,,,600,"1,400",,2,"1,000","1,400","7,560",15.63%
APP Corporation,Technology,Technology/Telecommunications,United States,North America,"1,126",0.00%,"1,126",0.00%,,,,,,"1,126",0,"1,126","1,126",0,100.00%
Applause,Technology,Technology/Telecommunications,United States,North America,200,0.00%,200,0.00%,,,,,,200,0,200,200,0,100.00%
Apple,Technology/Consumer Electronics,Technology/Telecommunications,United States,North America,"787,395",1.06%,"787,395",1.20%,,,"53,000","187,000","315,000","232,395",3,"196,849","547,395","240,000",69.52%
Apptweak,Mobile App Marketing,Technology/Telecommunications,France,Europe,73,0.00%,73,0.00%,,,,,73,,1,73,73,0,100.00%
Aqseptence,Water Technology,Technology/Telecommunications,Germany,Europe,70,0.00%,70,0.00%,,,70,,,,1,70,0,70,0.00%
aqua concept GmbH,Fashion/retail industry,Apparel/Fashion,Germany,Europe,"1,474",0.00%,"1,144",0.00%,314,230,600,,,,3,381,0,"1,474",0.00%
Aqualisa,Bathroom fixtures and fittings,Construction/Engineering,United Kingdom,Europe,240,0.00%,240,0.00%,,,,240,,,1,240,0,240,0.00%
Aquality Trading Consulting Ltd,Financial Services,Financial Services,United Kingdom,Europe,21,0.00%,21,0.00%,,,,,21,,1,21,21,0,100.00%
AquaService,Utilities,Energy/Mining/Utilities,United States,North America,"1,534",0.00%,"1,534",0.00%,,,,,,"1,534",0,"1,534","1,534",0,100.00%
Aramark,Food Service,Food and Beverage,United States,North America,640,0.00%,640,0.00%,,,,,,640,0,640,640,0,100.00%
Arámbula y Cerati Consultoría Ambiental,Environmental Consulting,Environmental & Sustainability Services,Mexico,North America,20,0.00%,20,0.00%,,,,,,20,0,20,20,0,100.00%
Arbetarrörelsens arkiv och bibliotek,Education/Non-profit/Archives,Non-profit/Charity/Government/NGO,Sweden,Europe,145,0.00%,145,0.00%,,145,,,,,1,145,0,145,0.00%
Arbor Australis Consulting,Consulting,Consulting Services,Australia,Oceania,101,0.00%,101,0.00%,,,,,,101,0,101,101,0,100.00%
ArchCollab,Architecture,Construction/Engineering,United States,North America,15,0.00%,15,0.00%,,,,,,15,0,15,15,0,100.00%
Architecture Studio,Architecture,Construction/Engineering,United States,North America,50,0.00%,50,0.00%,,,,,50,,1,50,50,0,100.00%
Architectus,Architecture,Construction/Engineering,Australia,Oceania,41,0.00%,41,0.00%,,,27,,14,,2,21,14,27,34.15%
Arco Ltd,Energy/Utilities,Energy/Mining/Utilities,United States,North America,"2,418",0.00%,"2,418",0.00%,,,"1,462",806,150,,3,806,150,"2,268",6.20%
Arcus,Infrastructure,Construction/Engineering,Norway,Europe,175,0.00%,175,0.00%,,,,,,175,0,175,175,0,100.00%
Ardent Consulting Engineers,Engineering,Manufacturing/Engineering,United States,North America,82,0.00%,82,0.00%,,,,,,82,0,82,82,0,100.00%
Ardjan & Cornelie,Fashion,Apparel/Fashion,Netherlands,Europe,10,0.00%,10,0.00%,,,10,,,,1,10,0,10,0.00%
Arenas Skate & Surf,Sporting Goods Retail,Retail,United States,North America,57,0.00%,0,0.00%,0,0,0,0,0,0,5,0,0,57,0.00%
Arendal kommune,Public sector/Local government,Non-profit/Charity/Government/NGO,Norway,Europe,"3,489",0.00%,"1,756",0.00%,,,,,"1,756",,1,"1,756","1,756","1,733",50.33%
Argosy,Real Estate,Real Estate,United States,North America,494,0.00%,494,0.00%,,,,,,494,0,494,494,0,100.00%
Arkeologicentrum i Skandinavien,Consulting Services,Consulting Services,Sweden,Europe,160,0.00%,160,0.00%,80,40,40,,,,3,53,0,160,0.00%
Arla EKO,Food and Beverage industry,Food and Beverage,Denmark,Europe,"188,310",0.25%,"153,444",0.23%,,"27,288","43,883","33,772","48,501",,4,"38,361","48,501","139,809",25.76%
Armasteel,Manufacturing/Construction industry,Construction/Engineering,United States,North America,"1,028",0.00%,"1,028",0.00%,,,"1,028",,,,1,"1,028",0,"1,028",0.00%
Armatec,Environmental Services,Environmental & Sustainability Services,Canada,North America,157,0.00%,157,0.00%,,,,,,157,0,157,157,0,100.00%
ARNOLD UMFORMTECHNIK GmbH & Co. KG,Manufacturing/Engineering,Construction/Engineering,Germany,Europe,"7,334",0.01%,"7,334",0.01%,,"2,919",,,"4,200",215,2,"2,445","4,415","2,919",60.20%
Aros y Llantas Mundiales,Automotive Parts and Accessories,Construction/Engineering,Mexico,North America,60,0.00%,60,0.00%,,60,,,,,1,60,0,60,0.00%
Arquigraf S.A.,Architecture and Design,Construction/Engineering,Brazil,South America,41,0.00%,41,0.00%,14,12,15,,,,3,14,0,41,0.00%
Art Blocks Inc,Art & Design,Others,United States,North America,"1,000",0.00%,"1,000",0.00%,,,"1,000",,,,1,"1,000",0,"1,000",0.00%
Artemis,Investment Management,Financial Services,United Kingdom,Europe,89,0.00%,89,0.00%,,,,,29,60,1,45,89,0,100.00%
Arthur Cox,Law firm,Consulting Services,Ireland,Europe,"8,215",0.01%,"8,215",0.01%,,"1,863","1,316",,,"5,036",2,"2,738","5,036","3,179",61.30%
Arthur D. Little,Consulting Services,Consulting Services,Belgium,Europe,203,0.00%,203,0.00%,,,,91,,112,1,102,112,91,55.17%
Artigo,Manufacturing,Manufacturing/Engineering,Portugal,Europe,100,0.00%,100,0.00%,,,,,,100,0,100,100,0,100.00%
ARTIS,Zoos and Aquariums,Travel & Tourism,Netherlands,Europe,532,0.00%,532,0.00%,,,,,,532,0,532,532,0,100.00%
Artline,Dental Equipment and Supplies,Healthcare/Pharmaceuticals,Germany,Europe,16,0.00%,16,0.00%,,,16,,,,1,16,0,16,0.00%
Artoro,Furniture,Retail,United Kingdom,Europe,67,0.00%,67,0.00%,,,,67,,,1,67,0,67,0.00%
Arup,Engineering and construction industry,Construction/Engineering,United Kingdom,Europe,"4,363",0.01%,"4,363",0.01%,,718,,,,"3,645",1,"2,182","3,645",718,83.54%
Arval,Automotive/Transportation,Transportation/Logistics,France,Europe,267,0.00%,0,0.00%,0,0,0,0,0,0,5,0,0,267,0.00%
Arvid Nordquist,Food and beverage industry,Food and Beverage,Sweden,Europe,"14,568",0.02%,"14,568",0.02%,,,"7,330",,"7,238",,2,"7,284","7,238","7,330",49.68%
Arvos GmbH,Manufacturing,Construction/Engineering,Germany,Europe,175,0.00%,175,0.00%,,,175,,,,1,175,0,175,0.00%
Asahi Breweries,Beverage industry,Food and Beverage,Japan,Asia,"19,740",0.03%,"8,852",0.01%,,33,,"8,715",104,,3,"2,951",104,"19,636",0.53%
Asahi Kasei,Chemical Company,Construction/Engineering,Japan,Asia,200,0.00%,200,0.00%,,,,,,200,0,200,200,0,100.00%
ASB Bank,Banking/Financial Services,Financial Services,New Zealand,Oceania,"3,608",0.00%,"3,608",0.01%,,,,,"3,608",,1,"3,608","3,608",0,100.00%
Ascential,Technology/Software,Technology/Telecommunications,United Kingdom,Europe,467,0.00%,467,0.00%,,,,,467,,1,467,467,0,100.00%
Aschaffenburger Versorgungs-GmbH,Utilities,Energy/Mining/Utilities,Germany,Europe,148,0.00%,0,0.00%,0,0,0,0,0,0,5,0,0,148,0.00%
ASE,Education,Others,Australia,Oceania,98,0.00%,98,0.00%,,,,,,98,0,98,98,0,100.00%
Asesoría de Sustentabilidad y Economía Circular,Consulting Services,Consulting Services,Mexico,North America,20,0.00%,20,0.00%,,,,,,20,0,20,20,0,100.00%
Ashurst,Law Practice,Consulting Services,United Kingdom,Europe,95,0.00%,95,0.00%,,,,,,95,0,95,95,0,100.00%
Asilia Lodges and Camps,Hospitality and Tourism,Travel & Tourism,Tanzania,Africa,"1,636",0.00%,"1,636",0.00%,,,,,101,"1,535",1,818,"1,636",0,100.00%
ASO,Technology/Software,Technology/Telecommunications,United States,North America,"5,523",0.01%,"5,523",0.01%,"2,782",,,"2,741",,,2,"2,762",0,"5,523",0.00%
Aspen Insurance,Insurance,Financial Services,Bermuda,North America,"1,333",0.00%,"1,333",0.00%,,,,,"1,333",,1,"1,333","1,333",0,100.00%
Aspen Pumps Ltd,Manufacturing/Industrial sector,Construction/Engineering,United Kingdom,Europe,368,0.00%,368,0.00%,,,269,,,99,1,184,99,269,26.90%
Aspiration,Financial Services,Financial Services,United States,North America,119,0.00%,119,0.00%,,,,,,119,0,119,119,0,100.00%
Assemble,Real Estate,Real Estate,United States,North America,41,0.00%,41,0.00%,,,,,,41,0,41,41,0,100.00%
Assemblin,Construction and engineering sector,Construction/Engineering,Sweden,Europe,"1,036",0.00%,"1,036",0.00%,,,"1,036",,,,1,"1,036",0,"1,036",0.00%
Assent Inc,Software,Technology/Telecommunications,Canada,North America,65,0.00%,65,0.00%,,,,,,65,0,65,65,0,100.00%
Assiniboine Credit Union,Financial Services,Financial Services,Canada,North America,"1,335",0.00%,"1,335",0.00%,,,475,560,,300,2,445,300,"1,035",22.47%
AssistiveWare,Software,Technology/Telecommunications,Netherlands,Europe,35,0.00%,35,0.00%,23,,,,,12,1,18,12,23,34.29%
Associated Engineering,Engineering and Consulting Services,Construction/Engineering,Canada,North America,"46,300",0.06%,"25,835",0.04%,"7,081","13,090","2,350","3,314",,,4,"6,459",0,"46,300",0.00%
Association Insolites BÃ¢tisseurs,Construction and real estate industry,Construction/Engineering,France,Europe,"19,180",0.03%,969,0.00%,969,,,,,,1,969,0,"19,180",0.00%
Association of American Medical Colleges,Education,Others,United States,North America,"1,200",0.00%,"1,200",0.00%,,,,,,"1,200",0,"1,200","1,200",0,100.00%
Aston Villa,Football Club,Entertainment/Media/Sports,United Kingdom,Europe,150,0.00%,0,0.00%,0,0,0,0,0,0,5,0,0,150,0.00%
Astorg,Private Equity,Financial Services,France,Europe,837,0.00%,837,0.00%,,,,,837,,1,837,837,0,100.00%
Astrid Lindgren,Entertainment,Entertainment/Media/Sports,Sweden,Europe,85,0.00%,85,0.00%,47,38,,,,,2,43,0,85,0.00%
Astrolabe,Beverages - Wineries & Distilleries,Food and Beverage,France,Europe,50,0.00%,50,0.00%,,,,,,50,0,50,50,0,100.00%
Astrolabe Wines Limited,Wine Production,Food and Beverage,New Zealand,Oceania,200,0.00%,200,0.00%,,,,,200,,1,200,200,0,100.00%
AsureQuality,Agriculture/Food Safety,Agriculture/Agribusiness/Resources,New Zealand,Oceania,120,0.00%,120,0.00%,,,120,,,,1,120,0,120,0.00%
Atea,Technology/IT sector,Technology/Telecommunications,Norway,Europe,"1,452",0.00%,"1,452",0.00%,,,,,"1,452",,1,"1,452","1,452",0,100.00%
ATF Fuels,Energy/Utilities,Energy/Mining/Utilities,United States,North America,732,0.00%,732,0.00%,,151,168,241,87,85,4,146,172,560,23.50%
ATF Global Ventures,Venture Capital,Financial Services,United States,North America,35,0.00%,35,0.00%,,,35,,,,1,35,0,35,0.00%
Athena Social Work Services,Social Services,Non-profit/Charity/Government/NGO,United Kingdom,Europe,95,0.00%,95,0.00%,,,,95,,,1,95,0,95,0.00%
Athletes Unlimited,Sports & Fitness,Entertainment/Media/Sports,United States,North America,"7,277",0.01%,"7,277",0.01%,,,,,"3,805","3,472",1,"3,639","7,277",0,100.00%
Athyna Inc,Technology/Software,Technology/Telecommunications,United States,North America,197,0.00%,197,0.00%,,,,197,,,1,197,0,197,0.00%
ATI Holidays,Tour operator,Travel & Tourism,Namibia,Africa,771,0.00%,771,0.00%,,,,250,,521,1,386,521,250,67.57%
Atlas Programmed Marine NZ Limited,Maritime/Shipping industry,Transportation/Logistics,New Zealand,Oceania,159,0.00%,159,0.00%,,,,,159,,1,159,159,0,100.00%
ATM Artists,Entertainment or Music Industry,Entertainment/Media/Sports,United States,North America,"1,334",0.00%,"1,334",0.00%,"1,334",,,,,,1,"1,334",0,"1,334",0.00%
Atomic Hub,NFT Marketplace,Technology/Telecommunications,United States,North America,56,0.00%,56,0.00%,,,,39,,17,1,28,17,39,30.36%
Atomico,Venture Capital,Financial Services,United Kingdom,Europe,116,0.00%,116,0.00%,,,116,,,,1,116,0,116,0.00%
ATOS,Technology/IT Services,Technology/Telecommunications,France,Europe,"60,000",0.08%,"60,000",0.09%,,,"60,000",,,,1,"60,000",0,"60,000",0.00%
ATP,Sports,Entertainment/Media/Sports,United States,North America,"6,936",0.01%,"6,936",0.01%,,,"4,508",,"2,428",,2,"3,468","2,428","4,508",35.01%
ATPI Global,Travel and Tourism,Travel & Tourism,Switzerland,Europe,"8,047",0.01%,"8,047",0.01%,"2,769",,,298,"2,725","2,255",3,"2,012","4,980","3,067",61.89%
Atrium Underwriters Ltd,Insurance company,Financial Services,United Kingdom,Europe,953,0.00%,953,0.00%,,114,617,70,,152,3,238,152,801,15.95%
ATTA,Tourism,Travel & Tourism,United States,North America,67,0.00%,67,0.00%,,,,67,,,1,67,0,67,0.00%
Audi,Automotive,Transportation/Logistics,Germany,Europe,"40,806",0.05%,"40,806",0.06%,,,,"40,796",,10,1,"20,403",10,"40,796",0.02%
Audley Travel,Travel and Tourism,Travel & Tourism,United Kingdom,Europe,"1,294",0.00%,"1,294",0.00%,,"1,294",,,,,1,"1,294",0,"1,294",0.00%
Augustus Services,Financial Services,Financial Services,United Kingdom,Europe,88,0.00%,88,0.00%,,,,,88,,1,88,88,0,100.00%
Aura IT,Information Technology,Technology/Telecommunications,India,Asia,47,0.00%,47,0.00%,,47,,,,,1,47,0,47,0.00%
AURETO,Beauty and skincare industry,Retail,France,Europe,290,0.00%,190,0.00%,,,,190,,,1,190,0,290,0.00%
Aurora Energy,Energy,Energy/Mining/Utilities,United States,North America,350,0.00%,350,0.00%,,,,,,350,0,350,350,0,100.00%
Auslieferung durch beauftragte Speditionen Bezugsjahr,Logistics and transportation industry,Transportation/Logistics,Germany,Europe,"4,438",0.01%,"4,438",0.01%,,,,,"4,438",,1,"4,438","4,438",0,100.00%
Aust Agder Fylkeskommune,Government,Non-profit/Charity/Government/NGO,Norway,Europe,98,0.00%,0,0.00%,0,0,0,0,0,0,5,0,0,98,0.00%
Austep Eco,Environmental Services,Environmental & Sustainability Services,Australia,Oceania,75,0.00%,75,0.00%,,,,,75,,1,75,75,0,100.00%
Austin Healey,Automotive,Transportation/Logistics,United Kingdom,Europe,30,0.00%,30,0.00%,,,,,,30,0,30,30,0,100.00%
Australia Post,Logistics/Postal Services,Transportation/Logistics,Australia,Oceania,"7,133",0.01%,"7,133",0.01%,,"2,770","3,337",,,"1,026",2,"2,378","1,026","6,107",14.38%
Australian Wetlands Consulting,Environmental Consulting,Environmental & Sustainability Services,Australia,Oceania,10,0.00%,10,0.00%,,,,,,10,0,10,10,0,100.00%
Australian-Thai Chamber of Commerce,Business/Commerce,Others,Australia,Oceania,12,0.00%,12,0.00%,,,,,,12,0,12,12,0,100.00%
Auto Body Professionals Club,Automotive,Transportation/Logistics,Canada,North America,25,0.00%,25,0.00%,,,25,,,,1,25,0,25,0.00%
Autodesk,Technology/Software,Technology/Telecommunications,United States,North America,"24,807",0.03%,"9,440",0.01%,"2,107",,,"6,000",,"1,333",2,"3,147","1,333","23,474",5.37%
Autohaus Kummich GmbH,Automotive,Transportation/Logistics,Germany,Europe,"1,567",0.00%,"1,567",0.00%,,,,567,,"1,000",1,784,"1,000",567,63.82%
AvAir,Aerospace and Defense,Manufacturing/Engineering,United States,North America,"3,481",0.00%,"3,481",0.01%,,,,,,"3,481",0,"3,481","3,481",0,100.00%
Avanza,Transportation,Transportation/Logistics,Spain,Europe,263,0.00%,263,0.00%,,,263,,,,1,263,0,263,0.00%
Avast,Technology/Software/Security,Technology/Telecommunications,Czech Republic,Europe,200,0.00%,200,0.00%,,,200,,,,1,200,0,200,0.00%
Aviation News Ltd,Media/News,Entertainment/Media/Sports,United Kingdom,Europe,400,0.00%,400,0.00%,,,,,400,,1,400,400,0,100.00%
AVIATION SERVICES,Aviation Services,Transportation/Logistics,Italy,Europe,35,0.00%,35,0.00%,,,,,35,,1,35,35,0,100.00%
AVICO,Aviation,Transportation/Logistics,United States,North America,78,0.00%,78,0.00%,,78,,,,,1,78,0,78,0.00%
AVIS,Travel and Transportation,Travel & Tourism,United States,North America,"38,469",0.05%,"25,034",0.04%,"13,748",,"11,286",,,,2,"12,517",0,"38,469",0.00%
Aviva,Insurance,Financial Services,United Kingdom,Europe,"304,440",0.41%,"296,827",0.45%,"34,609",,,,198,"262,020",2,"98,942","262,218","42,222",86.13%
Avolon,Aviation/ Aerospace industry,Transportation/Logistics,Ireland,Europe,978,0.00%,978,0.00%,978,,,,,,1,978,0,978,0.00%
AVS,Technology/Software,Technology/Telecommunications,United States,North America,775,0.00%,775,0.00%,,,775,,,,1,775,0,775,0.00%
AVT Group,Technology,Technology/Telecommunications,Czech Republic,Europe,863,0.00%,863,0.00%,,,,,863,,1,863,863,0,100.00%
AVTEL,Telecommunications,Technology/Telecommunications,United States,North America,78,0.00%,78,0.00%,,,,,,78,0,78,78,0,100.00%
Axair,Industrial Equipment,Manufacturing/Engineering,United Kingdom,Europe,20,0.00%,20,0.00%,20,,,,,,1,20,0,20,0.00%
Axel Springer Auto Verlag GmbH,E-commerce service,Retail,Germany,Europe,"15,251",0.02%,"15,251",0.02%,"1,875",,"10,060","3,316",,,3,"5,084",0,"15,251",0.00%
Axfood,Retail/Food & Beverage,Food and Beverage,Sweden,Europe,"1,508",0.00%,"1,508",0.00%,397,715,396,,,,3,503,0,"1,508",0.00%
Axfoods,Retail/Food & Beverage,Food and Beverage,Sweden,Europe,228,0.00%,0,0.00%,0,0,0,0,0,0,5,0,0,228,0.00%
Axintor,Software,Technology/Telecommunications,United States,North America,10,0.00%,10,0.00%,,,10,,,,1,10,0,10,0.00%
AXIS,Awards Show,Entertainment/Media/Sports,United States,North America,298,0.00%,298,0.00%,,,,,28,270,1,149,298,0,100.00%
AyA-GAM,Architecture,Construction/Engineering,Mexico,North America,14,0.00%,0,0.00%,0,0,0,0,0,0,5,0,0,14,0.00%
AZ Fine Chemicals,Chemicals,Manufacturing/Engineering,Azerbaijan,Europe,76,0.00%,76,0.00%,,,,,,76,0,76,76,0,100.00%
Azalea Investment Management,Finance,Financial Services,United States,North America,600,0.00%,600,0.00%,,,,,,600,0,600,600,0,100.00%
Azimut,Financial Services,Financial Services,Italy,Europe,12,0.00%,12,0.00%,,,,12,,,1,12,0,12,0.00%
Azura,Energy,Energy/Mining/Utilities,Nigeria,Africa,"50,000",0.07%,"50,000",0.08%,,,,,,"50,000",0,"50,000","50,000",0,100.00%
B. Braun,Healthcare,Healthcare/Pharmaceuticals,Germany,Europe,"1,200",0.00%,"1,200",0.00%,,400,400,400,,,3,400,0,"1,200",0.00%
B.A.U.M.,Non-profit organization,Non-profit/Charity/Government/NGO,Germany,Europe,16,0.00%,16,0.00%,,,,16,,,1,16,0,16,0.00%
Bachmann,Manufacturing or Model Trains,Retail,United States,North America,191,0.00%,191,0.00%,,,191,,,,1,191,0,191,0.00%
Bad Dürrheimer,Beverage,Food and Beverage,Germany,Europe,"4,272",0.01%,"4,272",0.01%,250,"2,472","1,550",,,,3,"1,424",0,"4,272",0.00%
Bad Honnef AG,Energy & Utilities,Energy/Mining/Utilities,Germany,Europe,"9,040",0.01%,"9,040",0.01%,,,"5,050","3,990",,,2,"4,520",0,"9,040",0.00%
Baden-Württemberg Stiftung,Non-profit/Philanthropy,Non-profit/Charity/Government/NGO,Germany,Europe,"15,429",0.02%,"15,429",0.02%,,,,,"1,284","14,145",1,"7,715","15,429",0,100.00%
BAFTA,Entertainment,Entertainment/Media/Sports,United Kingdom,Europe,"10,000",0.01%,"10,000",0.02%,,,,,,"10,000",0,"10,000","10,000",0,100.00%
Bahkauv Brew,Brewery,Food and Beverage,Germany,Europe,10,0.00%,10,0.00%,,,,10,,,1,10,0,10,0.00%
Bahnhof-Apotheke,Pharmacy/Healthcare,Healthcare/Pharmaceuticals,Germany,Europe,"1,200",0.00%,"1,200",0.00%,,"1,200",,,,,1,"1,200",0,"1,200",0.00%
Baillie Gifford,Finance & Investment,Financial Services,United Kingdom,Europe,"65,506",0.09%,"55,262",0.08%,"15,164","10,050","2,029",,"13,252","14,767",4,"11,052","28,019","37,487",42.77%
Bain & Company,Management Consulting,Consulting Services,United States,North America,"37,765",0.05%,"37,765",0.06%,,,,,"21,091","16,674",1,"18,883","37,765",0,100.00%
Baines' River Camp,Hospitality/Tourism,Travel & Tourism,Zambia,Africa,177,0.00%,177,0.00%,,177,,,,,1,177,0,177,0.00%
Bakers and Barista,Food and Beverage,Food and Beverage,India,Asia,150,0.00%,150,0.00%,,,,,150,,1,150,150,0,100.00%
Balderton Capital,Venture Capital,Financial Services,United Kingdom,Europe,190,0.00%,190,0.00%,,,,,,190,0,190,190,0,100.00%
Balenciaga,Luxury fashion,Apparel/Fashion,France,Europe,18,0.00%,18,0.00%,,,,18,,,1,18,0,18,0.00%
Bamboo Clothing Ltd,Fashion/Apparel,Apparel/Fashion,United Kingdom,Europe,"3,009",0.00%,"3,009",0.00%,,,,"1,500","1,509",,2,"1,505","1,509","1,500",50.15%
Banco BPM S.p.A,Banking,Financial Services,Italy,Europe,"6,000",0.01%,"6,000",0.01%,,,,,,"6,000",0,"6,000","6,000",0,100.00%
Bancroft,Financial Services,Financial Services,Canada,North America,104,0.00%,104,0.00%,,,,,104,,1,104,104,0,100.00%
Bank of America,Banking,Financial Services,United States,North America,"20,000",0.03%,"20,000",0.03%,,,,,,"20,000",0,"20,000","20,000",0,100.00%
Bank of New Zealand,Banking,Financial Services,New Zealand,Oceania,"1,440",0.00%,"1,440",0.00%,,,,,,"1,440",0,"1,440","1,440",0,100.00%
Bank of South Texas,Banking,Financial Services,United States,North America,21,0.00%,0,0.00%,0,0,0,0,0,0,5,0,0,21,0.00%
Banpro,Banking,Financial Services,Nicaragua,North America,"14,109",0.02%,"14,109",0.02%,,,,,,"14,109",0,"14,109","14,109",0,100.00%
Banque Cantonale de Fribourg,Banking/Financial Services,Financial Services,Switzerland,Europe,408,0.00%,0,0.00%,0,0,0,0,0,0,5,0,0,408,0.00%
Barclays,Banking/Financial Services,Financial Services,United Kingdom,Europe,"31,153",0.04%,"31,000",0.05%,,,,"31,000",,,1,"31,000",0,"31,153",0.00%
Barefootshoes,Footwear/Outdoor Recreation,Apparel/Fashion,Germany,Europe,100,0.00%,100,0.00%,,,,,100,,1,100,100,0,100.00%
Barker and Stonehouse,Furniture and Home Decor,Retail,United Kingdom,Europe,800,0.00%,800,0.00%,,,,600,200,,2,400,200,600,25.00%
Barnaverb,Furniture,Retail,Iceland,Europe,45,0.00%,45,0.00%,,,,45,,,1,45,0,45,0.00%
Barnes & Noble,Bookselling,Retail,United States,North America,44,0.00%,44,0.00%,,,,,44,,1,44,44,0,100.00%
Barnett,Law firm,Consulting Services,United States,North America,50,0.00%,50,0.00%,,50,,,,,1,50,0,50,0.00%
Baron Mobility Service GmbH,Transportation,Transportation/Logistics,Germany,Europe,"11,561",0.02%,"11,561",0.02%,,,,,,"11,561",0,"11,561","11,561",0,100.00%
Barrett Dixon Bell,Marketing and Advertising,Advertising/Marketing/PR,United States,North America,18,0.00%,18,0.00%,,,,,,18,0,18,18,0,100.00%
Bartalis,Construction,Construction/Engineering,Germany,Europe,56,0.00%,56,0.00%,,,56,,,,1,56,0,56,0.00%
Barton Petroleum,Fuel and services,Transportation/Logistics,United Kingdom,Europe,"1,255",0.00%,"1,255",0.00%,,,467,788,,,2,628,0,"1,255",0.00%
Barwood Capital,Private Equity,Financial Services,United Kingdom,Europe,136,0.00%,136,0.00%,,68,68,,,,2,68,0,136,0.00%
Basecamp,Technology/Software,Technology/Telecommunications,United States,North America,"2,500",0.00%,"2,500",0.00%,,"2,500",,,,,1,"2,500",0,"2,500",0.00%
Basecamp Brews Ltd,Food and Beverage,Food and Beverage,Canada,North America,857,0.00%,857,0.00%,,833,24,,,,2,429,0,857,0.00%
BASIC,Information Technology,Technology/Telecommunications,United States,North America,60,0.00%,60,0.00%,,,,,,60,0,60,60,0,100.00%
Basketball Bundesliga,Sports,Entertainment/Media/Sports,Germany,Europe,78,0.00%,78,0.00%,,,,,78,,1,78,78,0,100.00%
Batenburg Techniek,Industrial Machinery or Electrical Engineering,Construction/Engineering,Netherlands,Europe,"1,014",0.00%,"1,014",0.00%,,,,,"1,014",,1,"1,014","1,014",0,100.00%
Bates Smart,Architecture,Construction/Engineering,Australia,Oceania,"1,020",0.00%,"1,020",0.00%,,,,,,"1,020",0,"1,020","1,020",0,100.00%
Battery Associates,Battery Manufacturing,Manufacturing/Engineering,United States,North America,11,0.00%,11,0.00%,,,,11,,,1,11,0,11,0.00%
baukreativ AG,Construction/Architecture/Design,Construction/Engineering,Switzerland,Europe,"1,200",0.00%,"1,200",0.00%,,,"1,200",,,,1,"1,200",0,"1,200",0.00%
Bausch+Ströbel,Pharmaceuticals,Healthcare/Pharmaceuticals,Germany,Europe,"5,576",0.01%,"5,576",0.01%,,,,,,"5,576",0,"5,576","5,576",0,100.00%
Baux,Manufacturing,Manufacturing/Engineering,Australia,Oceania,314,0.00%,314,0.00%,,,,,,314,0,314,314,0,100.00%
Bayer,Pharmaceuticals/Healthcare,Healthcare/Pharmaceuticals,Germany,Europe,"230,000",0.31%,"230,000",0.35%,,,,"150,000",,"80,000",1,"115,000","80,000","150,000",34.78%
Bayerische,Automotive,Transportation/Logistics,Germany,Europe,867,0.00%,867,0.00%,,,,,867,,1,867,867,0,100.00%
Bayerische Staatskanzlei,Government/Politics,Non-profit/Charity/Government/NGO,Germany,Europe,280,0.00%,280,0.00%,,,,,280,,1,280,280,0,100.00%
BayWa,Agriculture/Agribusiness,Agriculture/Agribusiness/Resources,Germany,Europe,"10,057",0.01%,"9,467",0.01%,"5,107",,,208,,"4,152",2,"3,156","4,152","5,905",41.28%
Baywater Healthcare,Healthcare,Healthcare/Pharmaceuticals,United Kingdom,Europe,441,0.00%,441,0.00%,,,441,,,,1,441,0,441,0.00%
BBF,Construction,Construction/Engineering,Germany,Europe,78,0.00%,78,0.00%,,,56,,,22,1,39,22,56,28.21%
BBV (Bayerische Beamten Versicherung),Insurance,Financial Services,Germany,Europe,812,0.00%,812,0.00%,,,,,,812,0,812,812,0,100.00%
BCC,Business Consulting,Consulting Services,Germany,Europe,17,0.00%,17,0.00%,,17,,,,,1,17,0,17,0.00%
BCD Group Limited,Travel and tourism,Travel & Tourism,New Zealand,Oceania,86,0.00%,86,0.00%,,,,,,86,0,86,86,0,100.00%
BCF,Retail/Outdoor Recreation,Retail,United States,North America,"1,335",0.00%,0,0.00%,0,0,0,0,0,0,5,0,0,"1,335",0.00%
BCP Ltd,Mining,Energy/Mining/Utilities,Peru,South America,"1,726",0.00%,"1,726",0.00%,400,,366,960,,,3,575,0,"1,726",0.00%
BDO LLP,Professional Services/Accounting and Consulting,Consulting Services,United Kingdom,Europe,"54,549",0.07%,"54,549",0.08%,,,"54,549",,,,1,"54,549",0,"54,549",0.00%
Bea Crystal,Jewelry,Retail,United States,North America,40,0.00%,40,0.00%,,,40,,,,1,40,0,40,0.00%
Beacon,Software,Technology/Telecommunications,United States,North America,23,0.00%,23,0.00%,,,,,23,,1,23,23,0,100.00%
BearingPoint,Management consulting,Consulting Services,Germany,Europe,"5,502",0.01%,"5,502",0.01%,,,,,,"5,502",0,"5,502","5,502",0,100.00%
Beauvoir,Consulting,Consulting Services,France,Europe,160,0.00%,160,0.00%,,,,,,160,0,160,160,0,100.00%
BEaZERO,Beverage,Food and Beverage,United States,North America,53,0.00%,53,0.00%,29,24,,,,,2,27,0,53,0.00%
BEC,Consulting,Consulting Services,Belgium,Europe,36,0.00%,36,0.00%,,,,,,36,0,36,36,0,100.00%
BEF Group,Business/Consulting Services,Consulting Services,Belgium,Europe,"4,176",0.01%,"3,767",0.01%,718,759,"1,193","1,097",,,4,942,0,"4,176",0.00%
Beheer,Management Consulting,Consulting Services,Netherlands,Europe,32,0.00%,0,0.00%,0,0,0,0,0,0,5,0,0,32,0.00%
Beiersdorf AG,Consumer Goods,Retail,Germany,Europe,"247,715",0.33%,"247,715",0.38%,,,,"65,252",,"182,463",1,"123,858","182,463","65,252",73.66%
Beigang,Religious Institutions,Non-profit/Charity/Government/NGO,Taiwan,Asia,"1,106",0.00%,"1,106",0.00%,,,,,,"1,106",0,"1,106","1,106",0,100.00%
BeiHuaHaoShen,Technology,Technology/Telecommunications,China,Asia,"126,929",0.17%,"126,929",0.19%,,,,,,"126,929",0,"126,929","126,929",0,100.00%
Belconnen Arts Centre,Arts and Culture,Entertainment/Media/Sports,Australia,Oceania,37,0.00%,37,0.00%,,,,,37,,1,37,37,0,100.00%
Belfius Bank,Banking/Financial Services,Financial Services,Belgium,Europe,"4,894",0.01%,"4,894",0.01%,,,,,"4,894",,1,"4,894","4,894",0,100.00%
Belgian Development Cooperation,Government,Financial Services,Belgium,Europe,20,0.00%,20,0.00%,,,,20,,,1,20,0,20,0.00%
Belgian Technical Cooperation,Government/Non-profit sector,Non-profit/Charity/Government/NGO,Belgium,Europe,"1,322",0.00%,0,0.00%,0,0,0,0,0,0,5,0,0,"1,322",0.00%
Bell Gully,Law Practice,Consulting Services,New Zealand,Oceania,180,0.00%,180,0.00%,,,,,,180,0,180,180,0,100.00%
Bellrock,Construction or real estate industry,Construction/Engineering,United Kingdom,Europe,500,0.00%,500,0.00%,,,,500,,,1,500,0,500,0.00%
Belron,Automotive Services,Transportation/Logistics,United Kingdom,Europe,845,0.00%,0,0.00%,0,0,0,0,0,0,5,0,0,845,0.00%
Bence Mulcahy,Financial Services,Financial Services,United Kingdom,Europe,21,0.00%,21,0.00%,,,,,21,,1,21,21,0,100.00%
Bending Spoons,Technology,Technology/Telecommunications,Italy,Europe,"18,161",0.02%,"18,161",0.03%,,,,,,"18,161",0,"18,161","18,161",0,100.00%
Benessere,Wellness and Beauty,Healthcare/Pharmaceuticals,Sweden,Europe,20,0.00%,20,0.00%,20,,,,,,1,20,0,20,0.00%
Bentley,Automotive,Transportation/Logistics,United Kingdom,Europe,"6,356",0.01%,"6,356",0.01%,,,"2,254",,"1,079","3,023",2,"2,119","4,102","2,254",64.54%
BeRebel,Fashion/Apparel,Apparel/Fashion,Italy,Europe,200,0.00%,200,0.00%,,,,200,,,1,200,0,200,0.00%
Berendsen,Industrial Services,Construction/Engineering,Denmark,Europe,205,0.00%,205,0.00%,,,205,,,,1,205,0,205,0.00%
Bergkramerhof,Leisure and Recreation,Others,Austria,Europe,100,0.00%,0,0.00%,0,0,0,0,0,0,5,0,0,100,0.00%
Bergmark,Sustainability Consulting,Environmental & Sustainability Services,Sweden,Europe,40,0.00%,40,0.00%,40,,,,,,1,40,0,40,0.00%
Berkeley Square,Financial Services,Financial Services,United Kingdom,Europe,190,0.00%,190,0.00%,,,,,,190,0,190,190,0,100.00%
Bertegruppen AB,Retail,Retail,Sweden,Europe,45,0.00%,45,0.00%,,33,12,,,,2,23,0,45,0.00%
Bertrand Cliquet,Fashion,Apparel/Fashion,France,Europe,30,0.00%,30,0.00%,,30,,,,,1,30,0,30,0.00%
Beskow,Law firm,Consulting Services,Sweden,Europe,48,0.00%,48,0.00%,,31,17,,,,2,24,0,48,0.00%
BETESCO,Construction,Construction/Engineering,Belgium,Europe,13,0.00%,13,0.00%,,,13,,,,1,13,0,13,0.00%
Better Places,Travel and Tourism,Travel & Tourism,Denmark,Europe,"23,511",0.03%,"8,511",0.01%,,,,"5,511","3,000",,2,"4,256","3,000","20,511",12.76%
Bevan Brittan,Law firm,Consulting Services,United Kingdom,Europe,164,0.00%,164,0.00%,,,,164,,,1,164,0,164,0.00%
BEW,Energy,Energy/Mining/Utilities,United Kingdom,Europe,537,0.00%,320,0.00%,120,200,,,,,2,160,0,537,0.00%
Beyond Neutral,Environmental sustainability or renewable energy sector,Energy/Mining/Utilities,Australia,Oceania,389,0.00%,389,0.00%,,,200,12,,177,2,130,177,212,45.50%
Beyondly,Technology,Technology/Telecommunications,United States,North America,15,0.00%,15,0.00%,,,,,,15,0,15,15,0,100.00%
BeZero Carbon,Climate Technology,Technology/Telecommunications,United Kingdom,Europe,72,0.00%,72,0.00%,,,72,,,,1,72,0,72,0.00%
BGC Engineering,Engineering Consulting,Consulting Services,Canada,North America,86,0.00%,86,0.00%,,,,,36,50,1,43,86,0,100.00%
BGMG Cosmetics,Fashion/Apparel,Apparel/Fashion,South Korea,Asia,"7,266",0.01%,"7,266",0.01%,,,,,"7,266",,1,"7,266","7,266",0,100.00%
BGN,Financial Services,Financial Services,Bulgaria,Europe,"13,973",0.02%,"13,973",0.02%,,,,,,"13,973",0,"13,973","13,973",0,100.00%
BHP Billiton,Mining and Resources,Agriculture/Agribusiness/Resources,Australia,Oceania,"200,000",0.27%,"200,000",0.31%,,,"200,000",,,,1,"200,000",0,"200,000",0.00%
BI Holding,Financial Services,Financial Services,Denmark,Europe,85,0.00%,85,0.00%,,,31,54,,,2,43,0,85,0.00%
BidX1 Technology Limited,Real Estate or Property Auctions,Construction/Engineering,Ireland,Europe,288,0.00%,288,0.00%,,,288,,,,1,288,0,288,0.00%
Big Lots,Retail,Retail,United States,North America,"1,500",0.00%,"1,500",0.00%,,,"1,500",,,,1,"1,500",0,"1,500",0.00%
Big Sky,Hospitality/Tourism/Travel,Travel & Tourism,United States,North America,149,0.00%,149,0.00%,,,10,,139,,2,75,139,10,93.29%
Big Springs,Beverage industry,Food and Beverage,United States,North America,600,0.00%,600,0.00%,,,600,,,,1,600,0,600,0.00%
bigHead Bonding Fasteners Ltd,Manufacturing,Manufacturing/Engineering,United Kingdom,Europe,69,0.00%,69,0.00%,,40,,,14,15,2,23,29,40,42.03%
Bilger,Automotive,Transportation/Logistics,Germany,Europe,13,0.00%,13,0.00%,13,,,,,,1,13,0,13,0.00%
Bilkompani,Automotive,Transportation/Logistics,Sweden,Europe,"1,464",0.00%,"1,464",0.00%,,,,"1,464",,,1,"1,464",0,"1,464",0.00%
Billogram,"Invoice financing, Accounts Receivable Management",Financial Services,Sweden,Europe,120,0.00%,120,0.00%,80,,40,,,,2,60,0,120,0.00%
Bio Fachmarkt,Grocery Retail,Retail,Germany,Europe,141,0.00%,141,0.00%,,,84,57,,,2,71,0,141,0.00%
Bio Hotel,Hospitality,Travel & Tourism,Austria,Europe,168,0.00%,168,0.00%,68,,,100,,,2,84,0,168,0.00%
bio verlag GmbH,Publishing/ Media,Entertainment/Media/Sports,Germany,Europe,"6,708",0.01%,"2,141",0.00%,500,"1,641",,,,,2,"1,071",0,"6,708",0.00%
Bio-D,Biotechnology,Healthcare/Pharmaceuticals,United States,North America,60,0.00%,60,0.00%,,,60,,,,1,60,0,60,0.00%
Bio-Rad,Scientific Research & Equipment,Others,United States,North America,142,0.00%,142,0.00%,,,,61,81,,2,71,81,61,57.04%
BioCarbon,Agriculture/Environmental Science,Agriculture/Agribusiness/Resources,United States,North America,"4,878",0.01%,0,0.00%,0,0,0,0,0,0,5,0,0,"4,878",0.00%
BioEinfach,Organic food and beverage,Food and Beverage,Germany,Europe,20,0.00%,20,0.00%,,20,,,,,1,20,0,20,0.00%
Biohotel,Hospitality/Travel & Tourism,Travel & Tourism,Germany,Europe,100,0.00%,100,0.00%,,,,100,,,1,100,0,100,0.00%
Biohotel Daberer GmbH,Hospitality/Travel/Tourism,Travel & Tourism,Austria,Europe,196,0.00%,196,0.00%,,,196,,,,1,196,0,196,0.00%
Bioladen,Grocery Store,Retail,Germany,Europe,28,0.00%,28,0.00%,,28,,,,,1,28,0,28,0.00%
BioLite,Outdoor and camping equipment,Retail,United States,North America,"15,266",0.02%,"7,717",0.01%,"1,750",,"5,967",,,,2,"3,859",0,"15,266",0.00%
Biolove,Food and Beverage,Food and Beverage,Germany,Europe,210,0.00%,210,0.00%,,,148,62,,,2,105,0,210,0.00%
BioMare GmbH,Healthcare/Pharmaceuticals,Healthcare/Pharmaceuticals,Germany,Europe,592,0.00%,592,0.00%,,592,,,,,1,592,0,592,0.00%
Biomass Research,Energy,Energy/Mining/Utilities,United States,North America,10,0.00%,10,0.00%,,,,,,10,0,10,10,0,100.00%
BIONORICA,Healthcare/Pharmaceuticals,Healthcare/Pharmaceuticals,Germany,Europe,"25,000",0.03%,"25,000",0.04%,,"15,000","10,000",,,,2,"12,500",0,"25,000",0.00%
BiP GmbH,Technology/Software,Technology/Telecommunications,Germany,Europe,150,0.00%,150,0.00%,,,,150,,,1,150,0,150,0.00%
Birkenspanner,Outdoor apparel and footwear,Apparel/Fashion,Germany,Europe,10,0.00%,10,0.00%,,,,10,,,1,10,0,10,0.00%
Birwelco,Industrial Equipment,Manufacturing/Engineering,United States,North America,100,0.00%,100,0.00%,,,,50,50,,2,50,50,50,50.00%
Bischoff & Ditze,Environmental consulting,Consulting Services,Germany,Europe,24,0.00%,24,0.00%,11,,,,13,,2,12,13,11,54.17%
Bitling,Software,Technology/Telecommunications,Sweden,Europe,96,0.00%,96,0.00%,72,24,,,,,2,48,0,96,0.00%
Bivo,Food and Beverage,Food and Beverage,United States,North America,235,0.00%,235,0.00%,,,,,120,115,1,118,235,0,100.00%
Bjanes,Fashion,Apparel/Fashion,Norway,Europe,24,0.00%,24,0.00%,24,,,,,,1,24,0,24,0.00%
Bjarke Ingels Group,Design & Architectural Services,Construction/Engineering,Denmark,Europe,112,0.00%,112,0.00%,,,,,,112,0,112,112,0,100.00%
bk Group AG,Finance/Investment sector,Financial Services,Switzerland,Europe,450,0.00%,450,0.00%,,,,,450,,1,450,450,0,100.00%
BKK,Travel and Tourism,Travel & Tourism,Thailand,Asia,893,0.00%,54,0.00%,,,54,,,,1,54,0,893,0.00%
BKL,Law/Legal Services,Consulting Services,United States,North America,55,0.00%,55,0.00%,,,,,,55,0,55,55,0,100.00%
BL Innovation Properties Limited,Real Estate,Construction/Engineering,United Kingdom,Europe,481,0.00%,481,0.00%,,,,,481,,1,481,481,0,100.00%
BL Shoreditch,Real Estate,Real Estate,United Kingdom,Europe,"6,250",0.01%,"6,250",0.01%,,,,,,"6,250",0,"6,250","6,250",0,100.00%
Black Professionals In Tech Network (Bptn) Inc,Community,Non-profit/Charity/Government/NGO,Canada,North America,"2,471",0.00%,"2,471",0.00%,"2,471",,,,,,1,"2,471",0,"2,471",0.00%
Black Tomato,Travel,Travel & Tourism,United Kingdom,Europe,520,0.00%,520,0.00%,200,,,,,320,1,260,320,200,61.54%
Blacklane,Transportation/Travel Services,Travel & Tourism,Germany,Europe,"1,800",0.00%,"1,800",0.00%,,,,"1,800",,,1,"1,800",0,"1,800",0.00%
BlackRock,Financial Services,Financial Services,United States,North America,"24,810",0.03%,"24,810",0.04%,,,"5,350","10,000",,"9,460",2,"8,270","9,460","15,350",38.13%
Blair Day,Real Estate,Others,United States,North America,10,0.00%,10,0.00%,,,10,,,,1,10,0,10,0.00%
Blake Kathryn Thomas Ltd.,Art and Design,Others,United States,North America,60,0.00%,60,0.00%,,,60,,,,1,60,0,60,0.00%
Blick Rothenberg,Accounting and Financial Services,Financial Services,United Kingdom,Europe,66,0.00%,66,0.00%,,,,,66,,1,66,66,0,100.00%
Blickle,Manufacturing/Industrial Sector,Construction/Engineering,Germany,Europe,"2,461",0.00%,"2,461",0.00%,,,311,"1,400",750,,3,820,750,"1,711",30.48%
BlocCarbon,Carbon offsetting,Environmental & Sustainability Services,Canada,North America,564,0.00%,564,0.00%,,,,,,564,0,564,564,0,100.00%
Block,Construction or real estate industry,Construction/Engineering,United States,North America,"78,106",0.11%,"78,106",0.12%,,,,"25,000","15,000","38,106",2,"26,035","53,106","25,000",67.99%
BlockTower Capital,Finance/Investment Management,Financial Services,United States,North America,"1,843",0.00%,"1,843",0.00%,,,,,"1,843",,1,"1,843","1,843",0,100.00%
Blomsterlandet,Retail - Garden and Home Decor,Retail,Sweden,Europe,212,0.00%,212,0.00%,,212,,,,,1,212,0,212,0.00%
blooloop,Media and Technology,Technology/Telecommunications,United Kingdom,Europe,15,0.00%,15,0.00%,,,,,15,,1,15,15,0,100.00%
Blue Apron,Food and Beverage,Food and Beverage,United States,North America,"86,667",0.12%,"86,667",0.13%,,,,"74,000","8,603","4,064",2,"28,889","12,667","74,000",14.62%
Blue Cap,Agriculture,Agriculture/Agribusiness/Resources,Germany,Europe,16,0.00%,16,0.00%,,,,16,,,1,16,0,16,0.00%
Blue Tap,Plumbing,Construction/Engineering,United States,North America,15,0.00%,15,0.00%,,,15,,,,1,15,0,15,0.00%
Blue Tree Group,Hospitality and leisure,Travel & Tourism,United States,North America,110,0.00%,110,0.00%,,,,,,110,0,110,110,0,100.00%
Blue World Carbon Asset Management,Financial Services,Financial Services,United States,North America,"96,372",0.13%,"96,372",0.15%,,,,,,"96,372",0,"96,372","96,372",0,100.00%
BlueCove,Technology,Technology/Telecommunications,United States,North America,139,0.00%,139,0.00%,,,,,,139,0,139,139,0,100.00%
Blygold,Investment Management,Financial Services,Netherlands,Europe,23,0.00%,23,0.00%,,,,,23,,1,23,23,0,100.00%
BMC Consulting,Consulting,Consulting Services,United States,North America,20,0.00%,20,0.00%,,,,,,20,0,20,20,0,100.00%
BMI,Health and wellness,Healthcare/Pharmaceuticals,United States,North America,210,0.00%,210,0.00%,,,,210,,,1,210,0,210,0.00%
BMO,Banking,Financial Services,Canada,North America,"12,000",0.02%,"12,000",0.02%,,,,,,"12,000",0,"12,000","12,000",0,100.00%
BMS Group Limited,Finance/Insurance,Financial Services,United Kingdom,Europe,"1,704",0.00%,"1,704",0.00%,,,,,"1,704",,1,"1,704","1,704",0,100.00%
BMW,Automotive,Transportation/Logistics,Germany,Europe,154,0.00%,0,0.00%,0,0,0,0,0,0,5,0,0,154,0.00%
BNP Paribas,Banking/Financial Services,Financial Services,France,Europe,"41,910",0.06%,"20,058",0.03%,"14,116","5,942",,,,,2,"10,029",0,"41,910",0.00%
Bodystreet,Fitness and Wellness,Healthcare/Pharmaceuticals,Germany,Europe,59,0.00%,59,0.00%,,,,59,,,1,59,0,59,0.00%
Boehringer Ingelheim,Pharmaceuticals/Healthcare,Healthcare/Pharmaceuticals,Germany,Europe,"58,773",0.08%,"58,773",0.09%,,"15,001","31,623","3,550",750,"7,849",4,"11,755","8,599","50,174",14.63%
Boeing,Aerospace/Defense industry,Construction/Engineering,United States,North America,"241,400",0.33%,"241,400",0.37%,,"35,500",,,,"205,900",1,"120,700","205,900","35,500",85.29%
Boettcher,Science,Others,Germany,Europe,40,0.00%,40,0.00%,,,,,,40,0,40,40,0,100.00%
Boffa Miskell,Environmental consulting,Consulting Services,New Zealand,Oceania,35,0.00%,35,0.00%,,,,,35,,1,35,35,0,100.00%
Boffa Miskell Limited,Architecture/Urban Planning/Landscape Design,Construction/Engineering,New Zealand,Oceania,163,0.00%,163,0.00%,,,,163,,,1,163,0,163,0.00%
Bokningsbolaget,Travel,Travel & Tourism,Sweden,Europe,35,0.00%,0,0.00%,0,0,0,0,0,0,5,0,0,35,0.00%
Bokus AB,Retail/ E-commerce,Retail,Sweden,Europe,"1,325",0.00%,"1,325",0.00%,770,,240,315,,,3,442,0,"1,325",0.00%
BONG,Cannabis,Others,Canada,North America,282,0.00%,0,0.00%,0,0,0,0,0,0,5,0,0,282,0.00%
Bonnier AB,Media and Publishing,Entertainment/Media/Sports,Sweden,Europe,"99,257",0.13%,"99,257",0.15%,20,40,"99,128",,,69,3,"24,814",69,"99,188",0.07%
Bonum,Health and wellness,Healthcare/Pharmaceuticals,United States,North America,150,0.00%,150,0.00%,,,150,,,,1,150,0,150,0.00%
Bonus Media,Marketing/Advertising,Advertising/Marketing/PR,Sweden,Europe,395,0.00%,395,0.00%,160,,235,,,,2,198,0,395,0.00%
Booking,Travel and hospitality sector,Travel & Tourism,Netherlands,Europe,"114,999",0.15%,"114,999",0.18%,,,,"25,000","60,000","29,999",2,"38,333","89,999","25,000",78.26%
Bookshop,Retail,Retail,United Kingdom,Europe,"2,481",0.00%,"2,481",0.00%,,,,,,"2,481",0,"2,481","2,481",0,100.00%
Bord Bia - The Irish Food Board,Food and Beverage Services,Food and Beverage,Ireland,Europe,"1,656",0.00%,"1,656",0.00%,,,,,,"1,656",0,"1,656","1,656",0,100.00%
Borg & Co,Investment Management,Financial Services,Switzerland,Europe,50,0.00%,50,0.00%,,50,,,,,1,50,0,50,0.00%
Bormioli,Glassware manufacturing,Construction/Engineering,Italy,Europe,"6,794",0.01%,"6,794",0.01%,,,"6,794",,,,1,"6,794",0,"6,794",0.00%
Borough Engineering Services,Engineering Services,Construction/Engineering,United Kingdom,Europe,115,0.00%,115,0.00%,,,,,115,,1,115,115,0,100.00%
BORR Drilling,Energy & Utilities,Energy/Mining/Utilities,Norway,Europe,224,0.00%,224,0.00%,,,,,224,,1,224,224,0,100.00%
Boston Consulting Group,Management Consulting,Consulting Services,United States,North America,"18,000",0.02%,"18,000",0.03%,,,,,"18,000",,1,"18,000","18,000",0,100.00%
Botanica,Beauty and skincare industry,Retail,United States,North America,255,0.00%,255,0.00%,,,,,255,,1,255,255,0,100.00%
Botica Hermogenes Barcia S.A.,Pharmaceuticals,Healthcare/Pharmaceuticals,Spain,Europe,97,0.00%,97,0.00%,,,,,,97,0,97,97,0,100.00%
Botrygg,Real Estate,Construction/Engineering,Sweden,Europe,"2,717",0.00%,"2,717",0.00%,,"1,749",968,,,,2,"1,359",0,"2,717",0.00%
Bottega Veneta,Fashion and Luxury Goods,Apparel/Fashion,Italy,Europe,"1,820",0.00%,"1,820",0.00%,,628,"1,192",,,,2,910,0,"1,820",0.00%
Boutique Camping,"Hospitality, Tourism, Recreation",Travel & Tourism,France,Europe,101,0.00%,101,0.00%,,,10,81,10,,3,34,10,91,9.90%
BoxKnight,"E-commerce, Packaging",Retail,Canada,North America,35,0.00%,35,0.00%,,35,,,,,1,35,0,35,0.00%
Boy Scouts of America,"Non-profit organization, youth development",Non-profit/Charity/Government/NGO,United States,North America,50,0.00%,50,0.00%,,,,50,,,1,50,0,50,0.00%
BP p.l.c.,Energy & Utilities,Energy/Mining/Utilities,United Kingdom,Europe,20,0.00%,0,0.00%,0,0,0,0,0,0,5,0,0,20,0.00%
BPhD e. V.,Nonprofit,Non-profit/Charity/Government/NGO,Germany,Europe,21,0.00%,21,0.00%,,,,,,21,0,21,21,0,100.00%
BpiFrance,Finance/Investment,Financial Services,France,Europe,"8,800",0.01%,"4,400",0.01%,"4,400",,,,,,1,"4,400",0,"8,800",0.00%
BQH,Quantity surveyor,Construction/Engineering,New Zealand,Oceania,11,0.00%,11,0.00%,,,,,,11,0,11,11,0,100.00%
Braintec,Technology,Technology/Telecommunications,United States,North America,50,0.00%,50,0.00%,,,,,,50,0,50,50,0,100.00%
Brandelity,Marketing and Branding,Advertising/Marketing/PR,United Kingdom,Europe,20,0.00%,20,0.00%,,,,20,,,1,20,0,20,0.00%
Brandon Rule,Real Estate,Others,United States,North America,10,0.00%,10,0.00%,,,,,10,,1,10,10,0,100.00%
Bravura,Beauty and cosmetics,Retail,United States,North America,104,0.00%,104,0.00%,,,104,,,,1,104,0,104,0.00%
Bray Capital,Financial Services,Financial Services,United Kingdom,Europe,16,0.00%,0,0.00%,0,0,0,0,0,0,5,0,0,16,0.00%
Brayton Energy,Energy/Engineering sector,Energy/Mining/Utilities,United States,North America,183,0.00%,183,0.00%,,,183,,,,1,183,0,183,0.00%
Breitling,Luxury watches,Retail,Switzerland,Europe,"2,600",0.00%,"2,600",0.00%,,,,"2,600",,,1,"2,600",0,"2,600",0.00%
Breutel und Huber GbR,Film Production,Entertainment/Media/Sports,Germany,Europe,18,0.00%,18,0.00%,,,,18,,,1,18,0,18,0.00%
Bricks & Lime,Construction,Construction/Engineering,United States,North America,150,0.00%,150,0.00%,,12,78,60,,,3,50,0,150,0.00%
Bridges Israel,Finance,Financial Services,Israel,Middle East,22,0.00%,22,0.00%,,,,,,22,0,22,22,0,100.00%
Bright Products,Consumer Goods,Retail,Sweden,Europe,210,0.00%,210,0.00%,,,,210,,,1,210,0,210,0.00%
Brightly,Technology,Technology/Telecommunications,United States,North America,30,0.00%,30,0.00%,,,,,,30,0,30,30,0,100.00%
Brighton & Hove Albion F.C.,Sports/Entertainment,Entertainment/Media/Sports,United Kingdom,Europe,900,0.00%,900,0.00%,,,,,900,,1,900,900,0,100.00%
Brindabella Christian College,Education,Non-profit/Charity/Government/NGO,Australia,Oceania,300,0.00%,300,0.00%,,,300,,,,1,300,0,300,0.00%
Bristol-Myers Squibb,Pharmaceuticals,Healthcare/Pharmaceuticals,United States,North America,30,0.00%,30,0.00%,,,,,,30,0,30,30,0,100.00%
British Airways,Airline industry,Transportation/Logistics,United Kingdom,Europe,"96,500",0.13%,"96,500",0.15%,,,,,"25,000","71,500",1,"48,250","96,500",0,100.00%
British American Tobacco,Food and Beverage industry,Food and Beverage,United Kingdom,Europe,60,0.00%,60,0.00%,,,,60,,,1,60,0,60,0.00%
British Embassy,Government,Non-profit/Charity/Government/NGO,United Kingdom,Europe,20,0.00%,20,0.00%,,,,,,20,0,20,20,0,100.00%
British Government,Government,Non-profit/Charity/Government/NGO,United Kingdom,Europe,20,0.00%,20,0.00%,,,,20,,,1,20,0,20,0.00%
Broadstone,Real Estate,Others,United Kingdom,Europe,407,0.00%,407,0.00%,,,,53,,354,1,204,354,53,86.98%
Brooks,Apparel & Footwear,Apparel/Fashion,United States,North America,"13,491",0.02%,"13,491",0.02%,"6,840",,,,"6,651",,2,"6,746","6,651","6,840",49.30%
Brooksfield,Real Estate,Real Estate,United States,North America,31,0.00%,31,0.00%,,,,,,31,0,31,31,0,100.00%
Brother,Technology/Office Supplies,Technology/Telecommunications,Japan,Asia,719,0.00%,719,0.00%,,,60,173,244,242,3,180,486,233,67.59%
Brüning´s Scheune Fischerhude,Food and beverage industry,Food and Beverage,Germany,Europe,181,0.00%,181,0.00%,,181,,,,,1,181,0,181,0.00%
Brunswick,Real Estate,Others,United States,North America,75,0.00%,75,0.00%,,75,,,,,1,75,0,75,0.00%
Brussels Airport,Transportation,Transportation/Logistics,Belgium,Europe,"18,332",0.02%,"18,332",0.03%,,,,,,"18,332",0,"18,332","18,332",0,100.00%
Bryden Wood,Architecture and design,Construction/Engineering,United Kingdom,Europe,171,0.00%,171,0.00%,,,,,,171,0,171,171,0,100.00%
BSV Arkitekter,Architecture and design,Construction/Engineering,Sweden,Europe,300,0.00%,300,0.00%,,224,76,,,,2,150,0,300,0.00%
BTM,Transportation and Logistics,Transportation/Logistics,Colombia,South America,14,0.00%,14,0.00%,14,,,,,,1,14,0,14,0.00%
Bucher,Industrial Machinery/Equipment,Construction/Engineering,Switzerland,Europe,140,0.00%,140,0.00%,,,140,,,,1,140,0,140,0.00%
Buckinghamshire Business First,Business/Networking/Consulting,Consulting Services,United Kingdom,Europe,205,0.00%,205,0.00%,,,,,109,96,1,103,205,0,100.00%
Buddle Findlay Limited,Legal Services,Consulting Services,New Zealand,Oceania,254,0.00%,254,0.00%,,,,241,,13,1,127,13,241,5.12%
buecher.de,"E-commerce, Bookselling",Retail,Germany,Europe,33,0.00%,0,0.00%,0,0,0,0,0,0,5,0,0,33,0.00%
Building Structural Consultants,Engineering,Construction/Engineering,United Kingdom,Europe,96,0.00%,96,0.00%,,,,,39,57,1,48,96,0,100.00%
Bulb,Lighting or energy sector,Energy/Mining/Utilities,United Kingdom,Europe,"75,997",0.10%,"36,416",0.06%,,,,,"36,416",,1,"36,416","36,416","39,581",47.92%
BUPA,Healthcare/Insurance,Healthcare/Pharmaceuticals,United Kingdom,Europe,"22,000",0.03%,"11,200",0.02%,,,,"11,200",,,1,"11,200",0,"22,000",0.00%
Burberry,Luxury goods,Retail,United Kingdom,Europe,16,0.00%,16,0.00%,,,,16,,,1,16,0,16,0.00%
Burg Silvergreen,Fashion/Apparel,Apparel/Fashion,Germany,Europe,"8,156",0.01%,"4,055",0.01%,,,,"4,055",,,1,"4,055",0,"8,156",0.00%
Burger-In,Food and Beverage,Food and Beverage,United States,North America,500,0.00%,500,0.00%,,,,,,500,0,500,500,0,100.00%
Burnett,Non-profit organization,Non-profit/Charity/Government/NGO,United States,North America,31,0.00%,31,0.00%,,,,,31,,1,31,31,0,100.00%
Busby Geophysical,Oil and Gas Services,Energy/Mining/Utilities,Canada,North America,100,0.00%,100,0.00%,,,,100,,,1,100,0,100,0.00%
Bush and Beach,Tourism,Travel & Tourism,New Zealand,Oceania,198,0.00%,198,0.00%,,,,,,198,0,198,198,0,100.00%
Business New Zealand,Business and Trade Organization,Consulting Services,New Zealand,Oceania,143,0.00%,143,0.00%,,,,,,143,0,143,143,0,100.00%
Butagaz,Energy/Utilities,Energy/Mining/Utilities,France,Europe,"52,672",0.07%,"41,677",0.06%,"3,148","5,131","11,289","22,109",,,4,"10,419",0,"52,672",0.00%
Butler,Real Estate,Real Estate,United States,North America,14,0.00%,14,0.00%,,,,,,14,0,14,14,0,100.00%
BV Katwijk Chemie,Chemical Manufacturing,Manufacturing/Engineering,Netherlands,Europe,"1,374",0.00%,"1,374",0.00%,,,,,,"1,374",0,"1,374","1,374",0,100.00%
bvdm,Printing and Media,Others,Germany,Europe,86,0.00%,0,0.00%,0,0,0,0,0,0,5,0,0,86,0.00%
BVL,Logistics,Transportation/Logistics,Germany,Europe,51,0.00%,51,0.00%,,,,51,,,1,51,0,51,0.00%
BWCI Group,Insurance,Financial Services,Bermuda,North America,107,0.00%,107,0.00%,,,,,,107,0,107,107,0,100.00%
BWT,Water treatment,Environmental & Sustainability Services,Austria,Europe,13,0.00%,13,0.00%,,,13,,,,1,13,0,13,0.00%
Bylund Advisory,Consulting,Consulting Services,Sweden,Europe,25,0.00%,25,0.00%,,,,,,25,0,25,25,0,100.00%
C Supplies Ltd,Warehousing,Transportation/Logistics,United Kingdom,Europe,30,0.00%,30,0.00%,,30,,,,,1,30,0,30,0.00%
C+P,Automotive industry,Manufacturing/Engineering,Germany,Europe,221,0.00%,221,0.00%,,,,,,221,0,221,221,0,100.00%
C2Dev,Software Development,Technology/Telecommunications,United Kingdom,Europe,25,0.00%,25,0.00%,,,25,,,,1,25,0,25,0.00%
C40 Cities,Government/Urban Planning/Energy & Environment,Non-profit/Charity/Government/NGO,United States,North America,970,0.00%,970,0.00%,,,485,,485,,2,485,485,485,50.00%
CA,Consulting,Consulting Services,Canada,North America,69,0.00%,69,0.00%,,,69,,,,1,69,0,69,0.00%
CABI,Fashion,Apparel/Fashion,France,Europe,60,0.00%,60,0.00%,50,,,10,,,2,30,0,60,0.00%
Cable News Network,Media,Entertainment/Media/Sports,United States,North America,25,0.00%,25,0.00%,,,,,,25,0,25,25,0,100.00%
CadDo,Software,Technology/Telecommunications,United Kingdom,Europe,80,0.00%,80,0.00%,,,,25,25,30,2,27,55,25,68.75%
Cakesmiths,Food and Beverage,Food and Beverage,United Kingdom,Europe,236,0.00%,236,0.00%,,,,,,236,0,236,236,0,100.00%
Calculator,Technology,Technology/Telecommunications,United States,North America,480,0.00%,480,0.00%,,,,,,480,0,480,480,0,100.00%
calfordseaden,Architecture & Planning,Construction/Engineering,United Kingdom,Europe,129,0.00%,129,0.00%,,,,,,129,0,129,129,0,100.00%
Callmewine,Wine and Spirits,Food and Beverage,France,Europe,940,0.00%,940,0.00%,,,,,,940,0,940,940,0,100.00%
Cambrian,Packaging,Manufacturing/Engineering,United Kingdom,Europe,44,0.00%,44,0.00%,,,,,,44,0,44,44,0,100.00%
Cambridge,Education,Others,United Kingdom,Europe,"5,000",0.01%,"5,000",0.01%,,,,,,"5,000",0,"5,000","5,000",0,100.00%
Cambridge & Counties Bank,Banking,Financial Services,United Kingdom,Europe,140,0.00%,140,0.00%,,,,,,140,0,140,140,0,100.00%
Cambridge Associates,Financial Services,Financial Services,United States,North America,120,0.00%,120,0.00%,,,,120,,,1,120,0,120,0.00%
Cambridge GaN Devices,Semiconductors,Technology/Telecommunications,United States,North America,222,0.00%,222,0.00%,,,,,,222,0,222,222,0,100.00%
Cambridge Intelligence,Software,Technology/Telecommunications,United Kingdom,Europe,75,0.00%,75,0.00%,,,75,,,,1,75,0,75,0.00%
Cambridge Partners Limited,Financial Services,Financial Services,United Kingdom,Europe,52,0.00%,52,0.00%,,,,,,52,0,52,52,0,100.00%
Camco,Clean Energy,Energy/Mining/Utilities,United States,North America,10,0.00%,10,0.00%,,,,,,10,0,10,10,0,100.00%
Camco Manufacturing,Manufacturing,Manufacturing/Engineering,United States,North America,95,0.00%,95,0.00%,,,,,95,,1,95,95,0,100.00%
Cameron,Financial Services,Financial Services,United States,North America,18,0.00%,18,0.00%,,,,,,18,0,18,18,0,100.00%
Campana,Business Services,Consulting Services,United States,North America,"1,300",0.00%,"1,300",0.00%,,,,,,"1,300",0,"1,300","1,300",0,100.00%
Campbell Brown,Financial Services,Financial Services,United States,North America,124,0.00%,124,0.00%,,,,,,124,0,124,124,0,100.00%
Campbell's,Food and Beverage,Food and Beverage,United States,North America,46,0.00%,46,0.00%,,,,,,46,0,46,46,0,100.00%
Campo Coprint BV,Printing and publishing industry,Entertainment/Media/Sports,Netherlands,Europe,183,0.00%,0,0.00%,0,0,0,0,0,0,5,0,0,183,0.00%
Campus Kristiania,Education,Non-profit/Charity/Government/NGO,Norway,Europe,685,0.00%,0,0.00%,0,0,0,0,0,0,5,0,0,685,0.00%
Canagan,Pet food industry,Food and Beverage,United Kingdom,Europe,994,0.00%,994,0.00%,,,500,200,294,,3,331,294,700,29.58%
CANAL+,Media/Entertainment,Entertainment/Media/Sports,France,Europe,"16,435",0.02%,"13,435",0.02%,,,,"13,435",,,1,"13,435",0,"16,435",0.00%
Canary,Marketing,Advertising/Marketing/PR,Spain,Europe,"1,664",0.00%,"1,664",0.00%,,,,,,"1,664",0,"1,664","1,664",0,100.00%
Candia,Food and Beverage,Food and Beverage,France,Europe,342,0.00%,342,0.00%,,,,342,,,1,342,0,342,0.00%
Canlead,Technology,Technology/Telecommunications,Canada,North America,"2,500",0.00%,"2,500",0.00%,,,,,,"2,500",0,"2,500","2,500",0,100.00%
Cannes,Entertainment or Film Industry,Entertainment/Media/Sports,France,Europe,"45,550",0.06%,"45,550",0.07%,,,,"25,550",,"20,000",1,"22,775","20,000","25,550",43.91%
Canon,Technology/Electronics,Technology/Telecommunications,Japan,Asia,"67,954",0.09%,"61,890",0.09%,"6,264","7,872","14,668","5,326","15,579","12,181",5,"10,315","27,760","40,194",40.85%
Canopy,Fashion/Apparel,Apparel/Fashion,Canada,North America,389,0.00%,389,0.00%,,,,,,389,0,389,389,0,100.00%
Canteen,Food and Beverage Services,Food and Beverage,Singapore,Asia,"3,338",0.00%,"3,338",0.01%,,,,,,"3,338",0,"3,338","3,338",0,100.00%
Cantler Family,Hospitality Industry,Travel & Tourism,United States,North America,34,0.00%,34,0.00%,,,,,,34,0,34,34,0,100.00%
Cantor Fitzgerald,Finance/Investment Banking,Financial Services,United States,North America,590,0.00%,590,0.00%,,,200,,,390,1,295,390,200,66.10%
Canyonauten,Outdoor Recreation,Others,Germany,Europe,19,0.00%,19,0.00%,,,19,,,,1,19,0,19,0.00%
Capel,Automotive,Transportation/Logistics,Australia,Oceania,59,0.00%,59,0.00%,,28,,,,31,1,30,31,28,52.54%
Capgemini,Technology/Consulting,Technology/Telecommunications,France,Europe,"12,715",0.02%,"6,415",0.01%,,,,"6,415",,,1,"6,415",0,"12,715",0.00%
Capital & Counties Properties,Real Estate,Real Estate,United Kingdom,Europe,295,0.00%,295,0.00%,,,,,,295,0,295,295,0,100.00%
Capital Group,Finance & Investment,Financial Services,United States,North America,"2,911",0.00%,"2,911",0.00%,,,,,"2,911",,1,"2,911","2,911",0,100.00%
Capital On Tap,Financial Services,Financial Services,United Kingdom,Europe,"1,000",0.00%,"1,000",0.00%,,,"1,000",,,,1,"1,000",0,"1,000",0.00%
Capital One,Financial Services,Financial Services,United States,North America,40,0.00%,40,0.00%,,,,30,10,,2,20,10,30,25.00%
Caplor,Investment Management,Financial Services,United Kingdom,Europe,62,0.00%,62,0.00%,41,,,21,,,2,31,0,62,0.00%
Capri Consulting,Management Consulting,Consulting Services,United States,North America,25,0.00%,0,0.00%,0,0,0,0,0,0,5,0,0,25,0.00%
Capvis AG,Finance & Investment,Financial Services,Switzerland,Europe,266,0.00%,266,0.00%,,110,48,108,,,3,89,0,266,0.00%
Carbolibrium,Dietary Supplements,Healthcare/Pharmaceuticals,United Kingdom,Europe,94,0.00%,94,0.00%,94,,,,,,1,94,0,94,0.00%
Carbon,Energy and Manufacturing,Energy/Mining/Utilities,United States,North America,"1,949",0.00%,"1,949",0.00%,,,,,131,"1,818",1,975,"1,949",0,100.00%
Carbon Clear Limited,Environmental Services/Carbon Offsetting,Energy/Mining/Utilities,United Kingdom,Europe,200,0.00%,0,0.00%,0,0,0,0,0,0,5,0,0,200,0.00%
Carbon Credit Cart,Financial Services,Financial Services,United States,North America,177,0.00%,177,0.00%,,,96,81,,,2,89,0,177,0.00%
Carbon Footprint,Environmental Sustainability/Carbon Offsetting,Agriculture/Agribusiness/Resources,United Kingdom,Europe,"13,167",0.02%,"13,167",0.02%,"2,394",,"2,984","1,571","1,257","4,961",4,"2,633","6,218","6,949",47.22%
Carbon Forward,Environmental Consulting/Carbon Offsetting,Consulting Services,United Kingdom,Europe,160,0.00%,160,0.00%,,,,,160,,1,160,160,0,100.00%
Carbon Forward London,Financial Services,Financial Services,United Kingdom,Europe,124,0.00%,124,0.00%,,,,,,124,0,124,124,0,100.00%
Carbon Green Ltd.,Environmental/ Renewable Energy sector,Energy/Mining/Utilities,United Kingdom,Europe,"1,106",0.00%,"1,106",0.00%,,,"1,106",,,,1,"1,106",0,"1,106",0.00%
Carbon Habitat,"Sustainability, Climate Change Solutions",Environmental & Sustainability Services,United States,North America,175,0.00%,75,0.00%,75,,,,,,1,75,0,175,0.00%
Carbon Jacked,Dietary Supplements,Healthcare/Pharmaceuticals,Canada,North America,"1,549",0.00%,"1,549",0.00%,,25,50,170,,"1,304",3,387,"1,304",245,84.18%
Carbon Less,Carbon offsetting,Environmental & Sustainability Services,United States,North America,25,0.00%,25,0.00%,25,,,,,,1,25,0,25,0.00%
Carbon Market Institute,"Non-profit organization, Environmental Consulting",Environmental & Sustainability Services,Australia,Oceania,727,0.00%,673,0.00%,,,,,,673,0,673,673,54,92.57%
Carbon Neutral,Environmental Sustainability,Agriculture/Agribusiness/Resources,Australia,Oceania,868,0.00%,768,0.00%,,,379,238,101,50,3,192,151,717,17.40%
Carbon Neutral Cup 2024,Sports,Entertainment/Media/Sports,Qatar,Middle East,26,0.00%,26,0.00%,,,,,,26,0,26,26,0,100.00%
Carbon Offset Plus,Environmental Services,Environmental & Sustainability Services,United States,North America,10,0.00%,10,0.00%,,,10,,,,1,10,0,10,0.00%
Carbon Sense Ltd.,Carbon Sense Ltd. - Environmental Services,Environmental & Sustainability Services,The country is United Kingdom.,Europe,800,0.00%,800,0.00%,,,,,,800,0,800,800,0,100.00%
Carbon Tanzania,Carbon Offsetting,Environmental & Sustainability Services,Tanzania,Africa,152,0.00%,152,0.00%,,,,,,152,0,152,152,0,100.00%
Carbon-Zero,Environmental sustainability or renewable energy sector,Energy/Mining/Utilities,United States,North America,946,0.00%,946,0.00%,,,,,116,830,1,473,946,0,100.00%
CarbonBee,"Sustainability, Carbon Offsetting",Environmental & Sustainability Services,United States,North America,17,0.00%,17,0.00%,,,,17,,,1,17,0,17,0.00%
CarbonClick,Environmental Conservation/Eco-Friendly Technology,Environmental & Sustainability Services,New Zealand,Oceania,"11,341",0.02%,"9,341",0.01%,,,"4,000","4,000","1,283",58,3,"2,335","1,341","10,000",11.82%
CarbonCroc,Carbon capture and storage,Energy/Mining/Utilities,United States,North America,50,0.00%,50,0.00%,,,50,,,,1,50,0,50,0.00%
"Carbonfree, ECOPROGRESSO, Ruption","Carbon offsetting, sustainability, environmental technology",Environmental & Sustainability Services,United States,North America,11,0.00%,11,0.00%,,,,11,,,1,11,0,11,0.00%
Carbonfund.org,Non-profit/Environmental sector,Agriculture/Agribusiness/Resources,United States,North America,"3,000",0.00%,0,0.00%,0,0,0,0,0,0,5,0,0,"3,000",0.00%
Carbonless,Paper and Printing,Manufacturing/Engineering,United States,North America,10,0.00%,0,0.00%,0,0,0,0,0,0,5,0,0,10,0.00%
CarbonOffsets,"Environmental Technology, Carbon Offsetting, Blockchain",Environmental & Sustainability Services,United States,North America,10,0.00%,10,0.00%,,,10,,,,1,10,0,10,0.00%
CarbonStack,Technology/Software,Technology/Telecommunications,United States,North America,100,0.00%,100,0.00%,,,,,100,,1,100,100,0,100.00%
CarbonStory,"Sustainability, Carbon Offsetting",Environmental & Sustainability Services,United States,North America,300,0.00%,0,0.00%,0,0,0,0,0,0,5,0,0,300,0.00%
Carbonzero,Carbon offsetting,Environmental & Sustainability Services,United Kingdom,Europe,86,0.00%,86,0.00%,,,11,44,,31,2,29,31,55,36.05%
Carby Box,Energy and sustainability sector,Energy/Mining/Utilities,United States,North America,394,0.00%,160,0.00%,37,123,,,,,2,80,0,394,0.00%
CarbZone,Food and Beverage,Food and Beverage,United States,North America,84,0.00%,84,0.00%,84,,,,,,1,84,0,84,0.00%
CARE,Non-profit organization,Non-profit/Charity/Government/NGO,Austria,Europe,10,0.00%,10,0.00%,,,,10,,,1,10,0,10,0.00%
Care Connection,Healthcare,Healthcare/Pharmaceuticals,Germany,Europe,56,0.00%,56,0.00%,56,,,,,,1,56,0,56,0.00%
Care Cup,"Consumer Goods, Health & Wellness, Feminine Hygiene",Retail,Germany,Europe,100,0.00%,100,0.00%,,,,100,,,1,100,0,100,0.00%
Cargo Center Sweden AB,Logistics,Transportation/Logistics,Sweden,Europe,48,0.00%,0,0.00%,0,0,0,0,0,0,5,0,0,48,0.00%
Caribe Bay,Hospitality/Entertainment/Travel & Tourism,Travel & Tourism,Italy,Europe,200,0.00%,200,0.00%,,,,200,,,1,200,0,200,0.00%
Carl Knauber,Construction,Construction/Engineering,Germany,Europe,489,0.00%,489,0.00%,,489,,,,,1,489,0,489,0.00%
Carlson Wagonlit Travel,Travel and Tourism,Travel & Tourism,France,Europe,"2,995",0.00%,0,0.00%,0,0,0,0,0,0,5,0,0,"2,995",0.00%
CARMA,Market Research and Data Analytics,Consulting Services,Germany,Europe,18,0.00%,18,0.00%,,18,,,,,1,18,0,18,0.00%
CarMax,Automotive Retail,Retail,United States,North America,"13,877",0.02%,"13,877",0.02%,,,,,,"13,877",0,"13,877","13,877",0,100.00%
Carne Global Financial Services Limited,Financial Services,Financial Services,United Kingdom,Europe,114,0.00%,114,0.00%,,,,,114,,1,114,114,0,100.00%
Carnival Coffee,Food and Beverage,Food and Beverage,United States,North America,19,0.00%,19,0.00%,,,,19,,,1,19,0,19,0.00%
CarVal Investors,Private Equity,Financial Services,United States,North America,73,0.00%,73,0.00%,,,73,,,,1,73,0,73,0.00%
CAS,Education,Others,United States,North America,24,0.00%,24,0.00%,,,,,,24,0,24,24,0,100.00%
Casa Nativa,Food and Beverage,Food and Beverage,United States,North America,20,0.00%,20,0.00%,,,,,20,,1,20,20,0,100.00%
Casall,Fitness and activewear industry,Apparel/Fashion,Sweden,Europe,201,0.00%,201,0.00%,,201,,,,,1,201,0,201,0.00%
Casitas Eclipse,Hospitality,Travel & Tourism,Mexico,North America,69,0.00%,69,0.00%,,,,69,,,1,69,0,69,0.00%
Cassini,Aerospace and Defense,Manufacturing/Engineering,United States,North America,"1,843",0.00%,"1,843",0.00%,,,,,,"1,843",0,"1,843","1,843",0,100.00%
Castlepeake Architecture,Architecture,Construction/Engineering,United States,North America,93,0.00%,93,0.00%,,,93,,,,1,93,0,93,0.00%
Castrén & Snellman,Law firm,Consulting Services,Finland,Europe,975,0.00%,975,0.00%,225,750,,,,,2,488,0,975,0.00%
Castro y De la Torre,Fashion/Apparel,Apparel/Fashion,Spain,Europe,812,0.00%,661,0.00%,106,,70,299,186,,4,165,186,626,22.91%
Catalyst,Technology,Technology/Telecommunications,United States,North America,11,0.00%,11,0.00%,,,,,,11,0,11,11,0,100.00%
Catalyst IT,Information Technology,Technology/Telecommunications,New Zealand,Oceania,71,0.00%,71,0.00%,,,,30,41,,2,36,41,30,57.75%
Cathay,Financial Services,Financial Services,Taiwan,Asia,135,0.00%,135,0.00%,,,,,,135,0,135,135,0,100.00%
Cathay United Bank,Banking,Financial Services,Taiwan,Asia,70,0.00%,70,0.00%,,,,,,70,0,70,70,0,100.00%
Causeway Technologies,Technology,Technology/Telecommunications,United Kingdom,Europe,456,0.00%,456,0.00%,,,,,86,370,1,228,456,0,100.00%
CBRE Group Inc,Real Estate,Construction/Engineering,United States,North America,"8,297",0.01%,"5,797",0.01%,,,,,,"5,797",0,"5,797","5,797","2,500",69.87%
CC Artemis Trust PTE Ltd.,Financial Services,Financial Services,Singapore,Asia,140,0.00%,140,0.00%,,,,,,140,0,140,140,0,100.00%
CC Neikea Trust,Financial Services,Financial Services,Singapore,Asia,13,0.00%,13,0.00%,,,,,13,,1,13,13,0,100.00%
CC Neikea Trust Pte. Limited,Real Estate,Real Estate,Singapore,Asia,"1,683",0.00%,"1,683",0.00%,,,,,,"1,683",0,"1,683","1,683",0,100.00%
CC TAPIS,Textiles and Home Furnishings,Apparel/Fashion,India,Asia,436,0.00%,436,0.00%,,,,436,,,1,436,0,436,0.00%
CCF,Financial Services,Financial Services,United States,North America,154,0.00%,154,0.00%,,,,,,154,0,154,154,0,100.00%
CDM Ireland,Construction and Engineering,Construction/Engineering,Ireland,Europe,416,0.00%,416,0.00%,,,139,,,277,1,208,277,139,66.59%
CDP,Beauty and personal care,Retail,United Kingdom,Europe,"1,270",0.00%,"1,270",0.00%,,,,,,"1,270",0,"1,270","1,270",0,100.00%
CdR,Private Equity,Financial Services,France,Europe,42,0.00%,42,0.00%,,,,13,29,,2,21,29,13,69.05%
CECEBA,Apparel/Fashion,Retail,Germany,Europe,134,0.00%,134,0.00%,,,134,,,,1,134,0,134,0.00%
Cedara,Healthcare,Healthcare/Pharmaceuticals,South Africa,Africa,12,0.00%,12,0.00%,,,,,,12,0,12,12,0,100.00%
Celebrus,Technology,Technology/Telecommunications,United Kingdom,Europe,125,0.00%,125,0.00%,,,,,,125,0,125,125,0,100.00%
Celonis,Process Mining Software,Technology/Telecommunications,Germany,Europe,"1,117",0.00%,"1,117",0.00%,,,,"1,100",,17,1,559,17,"1,100",1.52%
CEMR,Non-profit organization,Non-profit/Charity/Government/NGO,Belgium,Europe,20,0.00%,20,0.00%,,,,20,,,1,20,0,20,0.00%
Centaur,Pharmaceuticals/Healthcare,Healthcare/Pharmaceuticals,India,Asia,300,0.00%,300,0.00%,200,100,,,,,2,150,0,300,0.00%
Centaur Investments,Financial Services,Financial Services,United Kingdom,Europe,100,0.00%,100,0.00%,,100,,,,,1,100,0,100,0.00%
Centerpartiet,Politics,Non-profit/Charity/Government/NGO,Sweden,Europe,103,0.00%,103,0.00%,83,20,,,,,2,52,0,103,0.00%
Centigrade,Fashion,Apparel/Fashion,Sweden,Europe,100,0.00%,100,0.00%,,,,,,100,0,100,100,0,100.00%
Centrala Partihallen AB,Retail or wholesale sector,Retail,Sweden,Europe,602,0.00%,602,0.00%,602,,,,,,1,602,0,602,0.00%
CentralNic,Technology/Internet,Technology/Telecommunications,United Kingdom,Europe,"1,096",0.00%,"1,096",0.00%,,,,,"1,096",,1,"1,096","1,096",0,100.00%
Centro Gallego de Investigaciones del Agua,Research and Development,Technology/Telecommunications,Spain,Europe,70,0.00%,70,0.00%,,,,70,,,1,70,0,70,0.00%
CERTANIA,Financial Services,Financial Services,Germany,Europe,729,0.00%,729,0.00%,,,,,,729,0,729,729,0,100.00%
Certas Energy,Energy,Energy/Mining/Utilities,Canada,North America,"5,556",0.01%,"5,556",0.01%,,,,,,"5,556",0,"5,556","5,556",0,100.00%
CEWE,Printing Services,Others,Germany,Europe,"35,025",0.05%,"35,025",0.05%,,,,,,"35,025",0,"35,025","35,025",0,100.00%
CEY,Energy,Energy/Mining/Utilities,Sri Lanka,Asia,"1,287",0.00%,"1,287",0.00%,,,,,,"1,287",0,"1,287","1,287",0,100.00%
CFA Society,Financial Services,Financial Services,Ireland,Europe,80,0.00%,80,0.00%,,,,80,,,1,80,0,80,0.00%
CFAO,Automotive or Retail sector,Retail,France,Europe,240,0.00%,240,0.00%,,,,240,,,1,240,0,240,0.00%
CFM,Manufacturing/Industrial Sector,Construction/Engineering,United States,North America,"1,364",0.00%,0,0.00%,0,0,0,0,0,0,5,0,0,"1,364",0.00%
CFM IndoSuez Wealth,Finance/Wealth Management,Financial Services,France,Europe,"1,630",0.00%,0,0.00%,0,0,0,0,0,0,5,0,0,"1,630",0.00%
CGI Group,Technology/IT Services,Technology/Telecommunications,Canada,North America,102,0.00%,102,0.00%,102,,,,,,1,102,0,102,0.00%
CGIAR,Agriculture/Research & Development,Agriculture/Agribusiness/Resources,France,Europe,112,0.00%,112,0.00%,112,,,,,,1,112,0,112,0.00%
Chakwenga Safaris Ltd,Travel and Tourism,Travel & Tourism,Kenya,Africa,"1,310",0.00%,"1,310",0.00%,375,,230,187,364,154,4,262,518,792,39.54%
Challenger,Retail or sporting goods industry,Retail,Australia,Oceania,"4,329",0.01%,"2,175",0.00%,,,"2,175",,,,1,"2,175",0,"4,329",0.00%
Chameleon,Sustainable fashion,Apparel/Fashion,Germany,Europe,312,0.00%,312,0.00%,,,146,166,,,2,156,0,312,0.00%
Chan Zuckerberg Initiative,Philanthropy/Nonprofit,Non-profit/Charity/Government/NGO,United States,North America,"11,271",0.02%,"11,271",0.02%,,,,"10,455",,816,1,"5,636",816,"10,455",7.24%
ChangeNow,Cryptocurrency/Blockchain Technology,Technology/Telecommunications,France,Europe,"2,155",0.00%,"2,155",0.00%,,"2,155",,,,,1,"2,155",0,"2,155",0.00%
Changeworks,Energy & Utilities,Energy/Mining/Utilities,United Kingdom,Europe,50,0.00%,50,0.00%,,,,,,50,0,50,50,0,100.00%
Charcoalblue,Architecture and design,Construction/Engineering,United Kingdom,Europe,65,0.00%,65,0.00%,,,,,,65,0,65,65,0,100.00%
Charity: Water,Nonprofit Organization,Non-profit/Charity/Government/NGO,United States,North America,24,0.00%,24,0.00%,,,,,24,,1,24,24,0,100.00%
Charles Russell Speechlys,Law firm,Consulting Services,United Kingdom,Europe,68,0.00%,68,0.00%,,,,,68,,1,68,68,0,100.00%
Charles Tyrwhitt,Apparel/Fashion,Retail,United Kingdom,Europe,"2,278",0.00%,"2,278",0.00%,"2,278",,,,,,1,"2,278",0,"2,278",0.00%
Charlie's Travel,Travel and Tourism,Travel & Tourism,United States,North America,259,0.00%,259,0.00%,,,259,,,,1,259,0,259,0.00%
Charterhouse,Real Estate/Property Development,Construction/Engineering,United Kingdom,Europe,663,0.00%,663,0.00%,,,406,107,,150,2,221,150,513,22.62%
Chas Visual Management,Information Technology,Technology/Telecommunications,United States,North America,15,0.00%,15,0.00%,,,,,,15,0,15,15,0,100.00%
CHC,Architecture and Design,Construction/Engineering,Switzerland,Europe,430,0.00%,430,0.00%,,,,,,430,0,430,430,0,100.00%
Checkmate,Gaming/Entertainment,Entertainment/Media/Sports,United States,North America,184,0.00%,0,0.00%,0,0,0,0,0,0,5,0,0,184,0.00%
Checkout Limited,Retail/E-commerce,Retail,United Kingdom,Europe,"6,833",0.01%,"6,833",0.01%,,,,"3,187",,"3,646",1,"3,417","3,646","3,187",53.36%
Chesnara,Financial Services/Insurance,Financial Services,United Kingdom,Europe,906,0.00%,906,0.00%,,,,,906,,1,906,906,0,100.00%
Chesterton,Real Estate,Real Estate,United Kingdom,Europe,135,0.00%,135,0.00%,,,,,,135,0,135,135,0,100.00%
Chevron,Energy sector,Energy/Mining/Utilities,United States,North America,"1,217",0.00%,"1,217",0.00%,,,"1,217",,,,1,"1,217",0,"1,217",0.00%
CHG-Meridian,Technology/IT Services,Technology/Telecommunications,Germany,Europe,"5,785",0.01%,"5,785",0.01%,,,,"5,785",,,1,"5,785",0,"5,785",0.00%
Chichele Safaris Limited,Travel and Tourism,Travel & Tourism,Zambia,Africa,"1,218",0.00%,"1,218",0.00%,,,307,317,,594,2,406,594,624,48.77%
Childs Farm,Beauty and Personal Care,Retail,United Kingdom,Europe,437,0.00%,437,0.00%,,,200,,237,,2,219,237,200,54.23%
Chimei,Chemical industry,Manufacturing/Engineering,Taiwan,Asia,71,0.00%,71,0.00%,,,,,,71,0,71,71,0,100.00%
ChimpKey,Software,Technology/Telecommunications,United Kingdom,Europe,10,0.00%,10,0.00%,,,,,10,,1,10,10,0,100.00%
Choice Hotels,Hospitality,Travel & Tourism,United States,North America,620,0.00%,620,0.00%,,,,,,620,0,620,620,0,100.00%
CHOOOSE,Fashion/Apparel,Apparel/Fashion,Italy,Europe,"7,774",0.01%,"7,774",0.01%,,"4,324",,"3,249",,201,2,"2,591",201,"7,573",2.59%
ChorusOne,Music Streaming,Entertainment/Media/Sports,United States,North America,130,0.00%,130,0.00%,,,,130,,,1,130,0,130,0.00%
Chow:Hill,Architecture and Design,Construction/Engineering,New Zealand,Oceania,10,0.00%,10,0.00%,,,,,,10,0,10,10,0,100.00%
Christian Brothers,Education,Others,United States,North America,43,0.00%,43,0.00%,,,,,,43,0,43,43,0,100.00%
Christoph Fischer GmbH,Manufacturing/Industrial sector,Construction/Engineering,Germany,Europe,147,0.00%,147,0.00%,,,147,,,,1,147,0,147,0.00%
Cidron,Technology,Technology/Telecommunications,United States,North America,"4,220",0.01%,"4,220",0.01%,,,,,"4,220",,1,"4,220","4,220",0,100.00%
Ciments Belges,Cement,Construction/Engineering,Belgium,Europe,20,0.00%,20,0.00%,,20,,,,,1,20,0,20,0.00%
Cincinnati Zoo,Zoological Gardens,Travel & Tourism,United States,North America,500,0.00%,500,0.00%,,,,,,500,0,500,500,0,100.00%
Cipio,Private Equity,Financial Services,United States,North America,71,0.00%,71,0.00%,,,,,,71,0,71,71,0,100.00%
Circle Economy,Non-profit organization,Non-profit/Charity/Government/NGO,Netherlands,Europe,10,0.00%,10,0.00%,,,,,,10,0,10,10,0,100.00%
Circular Computing,Technology/Electronics,Technology/Telecommunications,United Kingdom,Europe,466,0.00%,466,0.00%,466,,,,,,1,466,0,466,0.00%
Ciret,Construction,Construction/Engineering,United Kingdom,Europe,36,0.00%,36,0.00%,,,,36,,,1,36,0,36,0.00%
Cisa,Beverage,Food and Beverage,Finland,Europe,53,0.00%,53,0.00%,,,,,53,,1,53,53,0,100.00%
City Developments Limited,Real Estate,Construction/Engineering,Singapore,Asia,750,0.00%,750,0.00%,,,,486,264,,2,375,264,486,35.20%
City Network Hosting,Internet Service Provider (ISP),Technology/Telecommunications,United States,North America,145,0.00%,145,0.00%,81,54,,10,,,3,48,0,145,0.00%
City of London Investment Group,Financial Services,Financial Services,United Kingdom,Europe,100,0.00%,100,0.00%,,,,,,100,0,100,100,0,100.00%
City of Melbourne,Government/Local Government,Non-profit/Charity/Government/NGO,Australia,Oceania,"131,512",0.18%,"57,000",0.09%,,,,"10,000","47,000",,2,"28,500","47,000","84,512",35.74%
CitySuites,Hospitality/Real Estate,Travel & Tourism,United Kingdom,Europe,145,0.00%,145,0.00%,,,,145,,,1,145,0,145,0.00%
Civic Engineers Limited,Engineering/Construction sector,Construction/Engineering,United Kingdom,Europe,106,0.00%,106,0.00%,,,,,106,,1,106,106,0,100.00%
CIX,Financial Services,Financial Services,United States,North America,15,0.00%,15,0.00%,,,15,,,,1,15,0,15,0.00%
Clarence,Beauty and skincare industry,Retail,United States,North America,100,0.00%,100,0.00%,,,,,100,,1,100,100,0,100.00%
Clarmondial,Finance/Investment sector,Financial Services,Switzerland,Europe,200,0.00%,0,0.00%,0,0,0,0,0,0,5,0,0,200,0.00%
Clausework,Legal Services,Consulting Services,United States,North America,10,0.00%,10,0.00%,,,,,,10,0,10,10,0,100.00%
CLC,Hospitality,Travel & Tourism,Chile,South America,"10,543",0.01%,"10,543",0.02%,,,,,,"10,543",0,"10,543","10,543",0,100.00%
Clean Advantage,Environmental Services,Environmental & Sustainability Services,United States,North America,"49,607",0.07%,"49,607",0.08%,,,,,,"49,607",0,"49,607","49,607",0,100.00%
Clean Air Society of Australia and New Zealand,Environmental Services,Environmental & Sustainability Services,Australia,Oceania,295,0.00%,295,0.00%,,,,,,295,0,295,295,0,100.00%
Clean Beauty Co,Beauty and skincare industry,Retail,United Kingdom,Europe,267,0.00%,267,0.00%,,,267,,,,1,267,0,267,0.00%
Clean Cooking Alliance,Non-profit organization,Non-profit/Charity/Government/NGO,United States,North America,80,0.00%,80,0.00%,,,,,30,50,1,40,80,0,100.00%
Clean Earth,Environmental Services,Environmental & Sustainability Services,United States,North America,410,0.00%,410,0.00%,,410,,,,,1,410,0,410,0.00%
Clean Earth Collective,Waste Management and Recycling,Environmental & Sustainability Services,United States,North America,65,0.00%,65,0.00%,,,65,,,,1,65,0,65,0.00%
Cleaner Climate,Environmental Services/ Renewable Energy,Energy/Mining/Utilities,Australia,Oceania,203,0.00%,203,0.00%,203,,,,,,1,203,0,203,0.00%
ClearBlue,Healthcare,Healthcare/Pharmaceuticals,United Kingdom,Europe,50,0.00%,50,0.00%,,,50,,,,1,50,0,50,0.00%
Clearview,Real Estate,Real Estate,United States,North America,100,0.00%,100,0.00%,,,,,,100,0,100,100,0,100.00%
Clearwater,Environmental Services,Environmental & Sustainability Services,United States,North America,770,0.00%,770,0.00%,,,,,,770,0,770,770,0,100.00%
Clearwater Hampers Ltd,Retail/Consumer Goods,Retail,United Kingdom,Europe,106,0.00%,106,0.00%,,,,,106,,1,106,106,0,100.00%
Clement de Chaisemartin,Fashion,Apparel/Fashion,France,Europe,17,0.00%,17,0.00%,17,,,,,,1,17,0,17,0.00%
Clifford Chance,Legal Services,Consulting Services,United Kingdom,Europe,415,0.00%,0,0.00%,0,0,0,0,0,0,5,0,0,415,0.00%
Climagap,Construction,Construction/Engineering,Singapore,Asia,13,0.00%,13,0.00%,,,13,,,,1,13,0,13,0.00%
Climate Clean,Clean Energy,Energy/Mining/Utilities,United States,North America,"1,000",0.00%,"1,000",0.00%,,,,,,"1,000",0,"1,000","1,000",0,100.00%
Climate Focus,Environmental consulting or sustainability sector,Consulting Services,Netherlands,Europe,937,0.00%,873,0.00%,318,555,,,,,2,437,0,937,0.00%
Climate Friendly,Environmental/ Sustainability,Agriculture/Agribusiness/Resources,Sweden,Europe,"35,820",0.05%,0,0.00%,0,0,0,0,0,0,5,0,0,"35,820",0.00%
Climate Fund Managers,Finance/Investment sector,Financial Services,Netherlands,Europe,150,0.00%,150,0.00%,,,150,,,,1,150,0,150,0.00%
Climate Heroes,Environmental conservation and sustainability,Environmental & Sustainability Services,United States,North America,"40,054",0.05%,"40,054",0.06%,,"3,870","21,612","14,572",,,3,"13,351",0,"40,054",0.00%
Climate Impact Partners,Environmental consulting or sustainability industry,Consulting Services,United States,North America,"11,862",0.02%,"11,862",0.02%,,,,"3,000","8,862",,2,"5,931","8,862","3,000",74.71%
Climate Invest,Investment,Financial Services,Sweden,Europe,10,0.00%,10,0.00%,,10,,,,,1,10,0,10,0.00%
Climate Neutral Group,Environmental Sustainability,Agriculture/Agribusiness/Resources,Netherlands,Europe,"168,103",0.23%,"167,679",0.26%,,"116,680","6,000","44,999",,,3,"55,893",0,"168,103",0.00%
Climate Services,Technology/Environmental Services,Energy/Mining/Utilities,United States,North America,"1,852",0.00%,0,0.00%,0,0,0,0,0,0,5,0,0,"1,852",0.00%
Climate Stewards,Environmental/Non-profit sector,Non-profit/Charity/Government/NGO,United States,North America,"1,000",0.00%,0,0.00%,0,0,0,0,0,0,5,0,0,"1,000",0.00%
Climate University,Education,Others,Finland,Europe,200,0.00%,200,0.00%,,,,,,200,0,200,200,0,100.00%
Climate Wise,Environmental consulting,Consulting Services,United States,North America,16,0.00%,16,0.00%,,,16,,,,1,16,0,16,0.00%
Climate-KIC,Climate Change and Sustainability,Environmental & Sustainability Services,Netherlands,Europe,28,0.00%,0,0.00%,0,0,0,0,0,0,5,0,0,28,0.00%
ClimateCAP,"Climate Change, Sustainability, Environmental",Environmental & Sustainability Services,United States,North America,80,0.00%,80,0.00%,,,,,80,,1,80,80,0,100.00%
ClimateCare,Environmental Services/Climate Change Mitigation,Agriculture/Agribusiness/Resources,United Kingdom,Europe,"30,589",0.04%,"23,390",0.04%,"20,988",,402,,"2,000",,3,"7,797","2,000","28,589",6.54%
ClimateHero,Environmental Services,Environmental & Sustainability Services,United States,North America,"1,891",0.00%,"1,891",0.00%,,,,,,"1,891",0,"1,891","1,891",0,100.00%
Climatiza,"HVAC (Heating, Ventilation, and Air Conditioning)",Construction/Engineering,Peru,South America,14,0.00%,14,0.00%,14,,,,,,1,14,0,14,0.00%
Climecon,"HVAC (Heating, Ventilation, and Air Conditioning) sector",Construction/Engineering,Finland,Europe,282,0.00%,282,0.00%,,,,282,,,1,282,0,282,0.00%
ClinInfo,Healthcare,Healthcare/Pharmaceuticals,United States,North America,46,0.00%,46,0.00%,,,,,,46,0,46,46,0,100.00%
Clinton Health Access Initiative,Healthcare,Healthcare/Pharmaceuticals,United States,North America,"2,009",0.00%,"2,009",0.00%,,,,,,"2,009",0,"2,009","2,009",0,100.00%
Closing the Loop,Waste Management and Recycling,Environmental & Sustainability Services,Netherlands,Europe,165,0.00%,165,0.00%,,,,,,165,0,165,165,0,100.00%
Cloverly,Technology/Environmental Services,Energy/Mining/Utilities,United States,North America,"2,600",0.00%,41,0.00%,,,,,41,,1,41,41,"2,559",1.58%
Cluster Agroalimentario A.C.,Agriculture and Food Industry,Agriculture/Agribusiness/Resources,Mexico,North America,20,0.00%,20,0.00%,,,,,,20,0,20,20,0,100.00%
Clutch Adventures,Travel,Travel & Tourism,United States,North America,10,0.00%,10,0.00%,,10,,,,,1,10,0,10,0.00%
CMA CGM,Shipping and logistics,Transportation/Logistics,France,Europe,"172,257",0.23%,"172,257",0.26%,,,,"108,043","64,214",,2,"86,129","64,214","108,043",37.28%
CNH,Travel Agency,Travel & Tourism,China,Asia,228,0.00%,228,0.00%,,,,77,82,69,2,76,151,77,66.23%
CNOOC,Energy/oil and gas sector,Energy/Mining/Utilities,China,Asia,"26,877",0.04%,"26,877",0.04%,,"26,877",,,,,1,"26,877",0,"26,877",0.00%
Co-Benefits,Non-profit organization,Non-profit/Charity/Government/NGO,United Kingdom,Europe,84,0.00%,84,0.00%,,,84,,,,1,84,0,84,0.00%
Co-evolve,Software Development,Technology/Telecommunications,United States,North America,12,0.00%,12,0.00%,,,,12,,,1,12,0,12,0.00%
Co-operative Bank,Banking,Financial Services,United Kingdom,Europe,491,0.00%,491,0.00%,,,,,,491,0,491,491,0,100.00%
CO2 Balance,Environmental/Carbon Offsetting,Energy/Mining/Utilities,Germany,Europe,554,0.00%,0,0.00%,0,0,0,0,0,0,5,0,0,554,0.00%
CO2 Network Inc.,Technology,Technology/Telecommunications,United States,North America,49,0.00%,49,0.00%,,,,,,49,0,49,49,0,100.00%
CO2 Neutral Website,Environmental Sustainability,Agriculture/Agribusiness/Resources,Germany,Europe,"65,995",0.09%,"16,021",0.02%,"10,000","5,671",,,,350,2,"5,340",350,"65,645",0.53%
CO2-positiv!,"Sustainability, Climate Change Mitigation",Environmental & Sustainability Services,Germany,Europe,"4,625",0.01%,"4,625",0.01%,,,,137,,"4,488",1,"2,313","4,488",137,97.04%
CO2balance,Environmental Services/Carbon Offsetting,Energy/Mining/Utilities,United Kingdom,Europe,"19,606",0.03%,"19,453",0.03%,"5,106","2,457","8,682","1,023","2,185",,5,"3,891","2,185","17,421",11.14%
Co2focus,Carbon capture and storage,Energy/Mining/Utilities,Norway,Europe,15,0.00%,0,0.00%,0,0,0,0,0,0,5,0,0,15,0.00%
CO2logic,Environmental consulting or sustainability industry,Consulting Services,Belgium,Europe,"19,281",0.03%,"16,217",0.02%,"3,487","6,303",,"6,427",,,3,"5,406",0,"19,281",0.00%
CO2nsensus,Environmental sustainability,Agriculture/Agribusiness/Resources,United States,North America,434,0.00%,434,0.00%,193,190,15,,26,10,4,87,36,398,8.29%
CO2OL,Environmental sustainability or renewable energy sector,Energy/Mining/Utilities,Denmark,Europe,"3,318",0.00%,209,0.00%,,56,,,153,,2,105,153,"3,165",4.61%
CO2unt,Environmental consulting,Consulting Services,Germany,Europe,35,0.00%,35,0.00%,,,,15,20,,2,18,20,15,57.14%
CO2Zero,Environmental/Carbon offsetting,Energy/Mining/Utilities,Canada,North America,"119,664",0.16%,"50,050",0.08%,"9,104","19,094","1,657","10,514","9,681",,5,"10,010","9,681","109,983",8.09%
Coasin,Insurance,Financial Services,Costa Rica,North America,120,0.00%,120,0.00%,,,,32,50,38,2,40,88,32,73.33%
Coast to Coast,"Retail, Insurance",Financial Services,United States,North America,10,0.00%,10,0.00%,,,10,,,,1,10,0,10,0.00%
Coastal Crunch,Food and Beverage,Food and Beverage,United States,North America,59,0.00%,59,0.00%,,29,30,,,,2,30,0,59,0.00%
Cobenefits Org,Non-profit organization,Non-profit/Charity/Government/NGO,United States,North America,42,0.00%,42,0.00%,,,29,13,,,2,21,0,42,0.00%
COBIS,Education,Others,United States,North America,46,0.00%,46,0.00%,,,,,,46,0,46,46,0,100.00%
Coca-Cola,Beverages - Non-Alcoholic,Food and Beverage,United States,North America,619,0.00%,619,0.00%,,,,,,619,0,619,619,0,100.00%
Cognicent,Information Technology,Technology/Telecommunications,India,Asia,200,0.00%,200,0.00%,,,,,200,,1,200,200,0,100.00%
Cognni,Artificial Intelligence (AI),Technology/Telecommunications,United Kingdom,Europe,82,0.00%,82,0.00%,,,,,41,41,1,41,82,0,100.00%
Colby College,Education/Higher Education,Non-profit/Charity/Government/NGO,United States,North America,"4,000",0.01%,"4,000",0.01%,"2,000","2,000",,,,,2,"2,000",0,"4,000",0.00%
COLEACP,Agriculture and Food,Agriculture/Agribusiness/Resources,Belgium,Europe,45,0.00%,45,0.00%,,,,45,,,1,45,0,45,0.00%
Colegio Técnico Profesional de Paquera,Education,Others,Costa Rica,North America,33,0.00%,33,0.00%,33,,,,,,1,33,0,33,0.00%
Colin Lawson Transport Limited,Transportation/Logistics,Transportation/Logistics,United Kingdom,Europe,325,0.00%,325,0.00%,,179,,146,,,2,163,0,325,0.00%
Collective Concepts Limited,Event Planning and Management,Consulting Services,Singapore,Asia,36,0.00%,36,0.00%,,,,,,36,0,36,36,0,100.00%
Collins,Construction,Construction/Engineering,United Kingdom,Europe,241,0.00%,241,0.00%,,,,,,241,0,241,241,0,100.00%
COLOP,Office Supplies/Stationery,Retail,Austria,Europe,"9,911",0.01%,"9,911",0.02%,"4,411",,"5,500",,,,2,"4,956",0,"9,911",0.00%
Comcast,Telecommunications,Technology/Telecommunications,United States,North America,50,0.00%,50,0.00%,,40,10,,,,2,25,0,50,0.00%
Come Play Fly Limited,Entertainment,Entertainment/Media/Sports,United Kingdom,Europe,"2,552",0.00%,"2,552",0.00%,,,,,,"2,552",0,"2,552","2,552",0,100.00%
Comfort Inn,Hospitality/Hotel industry,Travel & Tourism,United States,North America,882,0.00%,882,0.00%,,,588,294,,,2,441,0,882,0.00%
COMMERZBANK,Finance/ Banking,Financial Services,Germany,Europe,"19,060",0.03%,"19,060",0.03%,,,,,"19,060",,1,"19,060","19,060",0,100.00%
Commissionaires,Security Services,Others,Canada,North America,380,0.00%,380,0.00%,,,,,,380,0,380,380,0,100.00%
Commodities Trading Week APAC,Finance,Financial Services,Singapore,Asia,72,0.00%,72,0.00%,,,,,,72,0,72,72,0,100.00%
Commonland,Environmental conservation and sustainability,Environmental & Sustainability Services,Netherlands,Europe,"10,000",0.01%,"10,000",0.02%,,"10,000",,,,,1,"10,000",0,"10,000",0.00%
Community Foundations of Canada,Non-profit/Philanthropy sector,Non-profit/Charity/Government/NGO,Canada,North America,378,0.00%,378,0.00%,,,178,,,200,1,189,200,178,52.91%
Community Preservation Corporation,Real Estate/Property Development,Construction/Engineering,United States,North America,"1,014",0.00%,"1,014",0.00%,,,514,500,,,2,507,0,"1,014",0.00%
Compa√±√≠a Leogar,Construction,Construction/Engineering,France,Europe,88,0.00%,0,0.00%,0,0,0,0,0,0,5,0,0,88,0.00%
Compagnie Nationale du Gaz,Energy,Energy/Mining/Utilities,France,Europe,197,0.00%,0,0.00%,0,0,0,0,0,0,5,0,0,197,0.00%
Compass,Real Estate or Financial Services,Construction/Engineering,United States,North America,140,0.00%,140,0.00%,,,140,,,,1,140,0,140,0.00%
Compassion,Nonprofit,Non-profit/Charity/Government/NGO,United States,North America,178,0.00%,178,0.00%,,,,,,178,0,178,178,0,100.00%
Compensate Foundation,Non-profit/Philanthropy sector,Non-profit/Charity/Government/NGO,United States,North America,"281,515",0.38%,"281,515",0.43%,"8,300","158,480","38,412","57,152","19,171",,5,"56,303","19,171","262,344",6.81%
Competec,IT Services,Technology/Telecommunications,Germany,Europe,240,0.00%,0,0.00%,0,0,0,0,0,0,5,0,0,240,0.00%
Complete Construction,Construction,Construction/Engineering,United Kingdom,Europe,81,0.00%,81,0.00%,,,,,81,,1,81,81,0,100.00%
Complete Music and Sound,Music Production and Sound Design,Entertainment/Media/Sports,United States,North America,10,0.00%,10,0.00%,,,,10,,,1,10,0,10,0.00%
Comply Direct,Legal Services,Consulting Services,United Kingdom,Europe,26,0.00%,14,0.00%,,,,14,,,1,14,0,26,0.00%
Comptoirs & Compagnies,Food & Beverage,Food and Beverage,France,Europe,426,0.00%,426,0.00%,,,,426,,,1,426,0,426,0.00%
Computacenter,Information Technology,Technology/Telecommunications,United Kingdom,Europe,24,0.00%,24,0.00%,,,,,,24,0,24,24,0,100.00%
Conapto,Technology/IT sector,Technology/Telecommunications,Sweden,Europe,447,0.00%,447,0.00%,,133,,314,,,2,224,0,447,0.00%
CONCA ORGANICS,Food and Beverage,Food and Beverage,Greece,Europe,115,0.00%,115,0.00%,,,,115,,,1,115,0,115,0.00%
ConClimate,Environmental Services,Environmental & Sustainability Services,United States,North America,"1,368",0.00%,"1,368",0.00%,,,,,,"1,368",0,"1,368","1,368",0,100.00%
Concord,Travel and Tourism,Travel & Tourism,United States,North America,240,0.00%,0,0.00%,0,0,0,0,0,0,5,0,0,240,0.00%
Condé Nast,Media and Publishing,Entertainment/Media/Sports,United States,North America,"15,387",0.02%,"15,387",0.02%,,,,770,,"14,617",1,"7,694","14,617",770,95.00%
CondoConsult,Real Estate,Others,Sweden,Europe,51,0.00%,51,0.00%,32,19,,,,,2,26,0,51,0.00%
Conduit,Construction or building materials,Construction/Engineering,United States,North America,"2,700",0.00%,"2,700",0.00%,,,,"2,700",,,1,"2,700",0,"2,700",0.00%
Conference Care Ltd,Hospitality/Event Planning,Travel & Tourism,United Kingdom,Europe,600,0.00%,600,0.00%,,,,,600,,1,600,600,0,100.00%
CONFLUX,Software,Technology/Telecommunications,Germany,Europe,30,0.00%,0,0.00%,0,0,0,0,0,0,5,0,0,30,0.00%
Confused.com,Insurance/Financial Services,Financial Services,United Kingdom,Europe,"11,853",0.02%,"11,853",0.02%,,,"3,251","5,000","3,602",,3,"3,951","3,602","8,251",30.39%
ConsAgFo,Food and beverage industry,Food and Beverage,United States,North America,"1,158",0.00%,0,0.00%,0,0,0,0,0,0,5,0,0,"1,158",0.00%
Conseil Régional d’Ile-de-France,Government/Regional Administration,Non-profit/Charity/Government/NGO,France,Europe,"4,000",0.01%,"4,000",0.01%,,,,"4,000",,,1,"4,000",0,"4,000",0.00%
CONSENZUM,Management Consulting,Consulting Services,Germany,Europe,29,0.00%,29,0.00%,,,29,,,,1,29,0,29,0.00%
Conservation International,Non-profit/Environmental Conservation,Agriculture/Agribusiness/Resources,United States,North America,"58,844",0.08%,"58,844",0.09%,"2,928","19,400",,"35,134",,"1,382",3,"14,711","1,382","57,462",2.35%
construktiv,Architecture/Construction/Design,Construction/Engineering,Germany,Europe,102,0.00%,102,0.00%,,,,102,,,1,102,0,102,0.00%
Consultive Solutions,Consulting,Consulting Services,United Kingdom,Europe,29,0.00%,29,0.00%,,,29,,,,1,29,0,29,0.00%
Contentia,Financial Services,Financial Services,Spain,Europe,578,0.00%,0,0.00%,0,0,0,0,0,0,5,0,0,578,0.00%
Continental,Automotive,Transportation/Logistics,Germany,Europe,"94,403",0.13%,"94,403",0.14%,,,,"94,403",,,1,"94,403",0,"94,403",0.00%
Contract Business Intelligense Nordic,Business Intelligence,Technology/Telecommunications,Sweden,Europe,10,0.00%,10,0.00%,,,10,,,,1,10,0,10,0.00%
Contracts Wise,Legal Technology,Technology/Telecommunications,United States,North America,30,0.00%,30,0.00%,,,20,,,10,1,15,10,20,33.33%
CONTRAF-NICOTEX-TOBACCO,Tobacco,Food and Beverage,Germany,Europe,60,0.00%,60,0.00%,,,,60,,,1,60,0,60,0.00%
Converge Technologies,Telecommunications/Internet Service Provider,Technology/Telecommunications,Philippines,Asia,200,0.00%,200,0.00%,,,,200,,,1,200,0,200,0.00%
Convergences,Technology/IT sector,Technology/Telecommunications,United States,North America,252,0.00%,0,0.00%,0,0,0,0,0,0,5,0,0,252,0.00%
Convert Insights,Technology,Technology/Telecommunications,United States,North America,109,0.00%,109,0.00%,,,,,,109,0,109,109,0,100.00%
Conway Sylver,Financial Services,Financial Services,United Kingdom,Europe,110,0.00%,110,0.00%,,,,,110,,1,110,110,0,100.00%
Conzultek,Information Technology,Technology/Telecommunications,Guatemala,North America,311,0.00%,159,0.00%,58,35,15,,51,,4,40,51,260,16.40%
COOK,Food and beverage industry,Food and Beverage,United States,North America,"3,228",0.00%,"3,228",0.00%,,864,594,,"1,770",,3,"1,076","1,770","1,458",54.83%
Cookson,Manufacturing or Industrial Sector,Construction/Engineering,United Kingdom,Europe,200,0.00%,200,0.00%,,,200,,,,1,200,0,200,0.00%
Cool Effect,Environmental Conservation/Nonprofit,Environmental & Sustainability Services,United States,North America,"99,744",0.13%,"99,727",0.15%,"79,120","15,252","5,355",,,,3,"33,242",0,"99,744",0.00%
Cool Planet Energy,Energy sector,Energy/Mining/Utilities,United States,North America,104,0.00%,0,0.00%,0,0,0,0,0,0,5,0,0,104,0.00%
COOP,Retail or grocery sector,Food and Beverage,Switzerland,Europe,"161,302",0.22%,"100,589",0.15%,"3,345","23,722","43,788","20,941","8,057",736,5,"16,765","8,793","152,509",5.45%
Coop Östra,Consumer Association,Non-profit/Charity/Government/NGO,Sweden,Europe,131,0.00%,131,0.00%,63,40,28,,,,3,44,0,131,0.00%
COOPEPROMAR,Agriculture,Agriculture/Agribusiness/Resources,Costa Rica,North America,117,0.00%,103,0.00%,14,14,15,20,20,20,5,17,40,77,34.19%
COOPLIFEGATE,Food & Beverage,Food and Beverage,Italy,Europe,644,0.00%,644,0.00%,,,,,,644,0,644,644,0,100.00%
Copernicus,Science and technology,Technology/Telecommunications,Poland,Europe,"3,397",0.00%,"3,397",0.01%,806,"1,008",,159,976,448,4,679,"1,424","1,973",41.92%
Copia,Finance,Financial Services,United States,North America,24,0.00%,24,0.00%,,,,,,24,0,24,24,0,100.00%
Copperleaf,Technology,Technology/Telecommunications,Canada,North America,"1,970",0.00%,"1,970",0.00%,,,,,,"1,970",0,"1,970","1,970",0,100.00%
Coquillade,Hospitality/Travel & Tourism,Travel & Tourism,France,Europe,400,0.00%,400,0.00%,,,,400,,,1,400,0,400,0.00%
COR,Manufacturer,Construction/Engineering,Germany,Europe,817,0.00%,817,0.00%,,,,,500,317,1,409,817,0,100.00%
CORE,Education,Others,United States,North America,43,0.00%,43,0.00%,,,43,,,,1,43,0,43,0.00%
Coretrax,Oil and Gas industry,Energy/Mining/Utilities,United Kingdom,Europe,200,0.00%,200,0.00%,,,,,200,,1,200,200,0,100.00%
CORNES MOTORS,Automotive,Transportation/Logistics,Japan,Asia,42,0.00%,42,0.00%,,,,,42,,1,42,42,0,100.00%
Corona Energy,Energy,Energy/Mining/Utilities,United Kingdom,Europe,"5,183",0.01%,"5,183",0.01%,,,,,,"5,183",0,"5,183","5,183",0,100.00%
Corporacion Adriana,Food and Beverage,Food and Beverage,Costa Rica,North America,10,0.00%,0,0.00%,0,0,0,0,0,0,5,0,0,10,0.00%
Corporate Rates Club,Travel,Travel & Tourism,United States,North America,19,0.00%,19,0.00%,,,,,19,,1,19,19,0,100.00%
Corrs Chambers Westgarth,Legal Services,Consulting Services,Australia,Oceania,"6,227",0.01%,"3,100",0.00%,,"3,100",,,,,1,"3,100",0,"6,227",0.00%
Cosfibel,Packaging,Manufacturing/Engineering,France,Europe,28,0.00%,28,0.00%,,28,,,,,1,28,0,28,0.00%
Cosgroves,Real Estate,Real Estate,Australia,Oceania,33,0.00%,33,0.00%,,,,,,33,0,33,33,0,100.00%
Cosmos Lac,Dairy,Food and Beverage,Switzerland,Europe,66,0.00%,66,0.00%,,,,,66,,1,66,66,0,100.00%
COT Ltd,Consumer Discretionary,Retail,United Kingdom,Europe,317,0.00%,317,0.00%,317,,,,,,1,317,0,317,0.00%
Cote,Beauty and cosmetics,Retail,France,Europe,256,0.00%,256,0.00%,,,,,256,,1,256,256,0,100.00%
Cotton On,Retail/ Fashion,Apparel/Fashion,Australia,Oceania,101,0.00%,0,0.00%,0,0,0,0,0,0,5,0,0,101,0.00%
Cougar,Apparel/Fashion,Retail,Canada,North America,200,0.00%,200,0.00%,,,200,,,,1,200,0,200,0.00%
Covage,Technology/Telecommunications,Technology/Telecommunications,France,Europe,"5,376",0.01%,"2,669",0.00%,,,"2,669",,,,1,"2,669",0,"5,376",0.00%
Cox Enterprises,Real Estate,Others,United States,North America,10,0.00%,10,0.00%,,10,,,,,1,10,0,10,0.00%
CP Creatives,Marketing and Advertising,Advertising/Marketing/PR,United States,North America,360,0.00%,360,0.00%,,,15,21,52,272,3,90,324,36,90.00%
CPC Taiwan,Oil and Gas,Energy/Mining/Utilities,Taiwan,Asia,"210,385",0.28%,"210,385",0.32%,,"42,211","168,174",,,,2,"105,193",0,"210,385",0.00%
CPCS Transcom Limited,Transportation/Logistics,Transportation/Logistics,Canada,North America,"1,535",0.00%,"1,535",0.00%,,,531,128,344,532,3,384,876,659,57.07%
CPhI,Pharmaceuticals/Healthcare,Healthcare/Pharmaceuticals,United States,North America,491,0.00%,0,0.00%,0,0,0,0,0,0,5,0,0,491,0.00%
CQS UK,Finance/Investment sector,Financial Services,United Kingdom,Europe,268,0.00%,268,0.00%,,,,,268,,1,268,268,0,100.00%
Craggs Energy Limited,Oil & Energy,Energy/Mining/Utilities,United Kingdom,Europe,68,0.00%,68,0.00%,,,,,,68,0,68,68,0,100.00%
Cramo,Construction/Equipment Rental,Construction/Engineering,Finland,Europe,"1,569",0.00%,"1,569",0.00%,"1,569",,,,,,1,"1,569",0,"1,569",0.00%
Cranswick,Food and beverage industry,Food and Beverage,United Kingdom,Europe,"6,326",0.01%,"6,326",0.01%,,"1,000",450,"4,876",,,3,"2,109",0,"6,326",0.00%
CRB,Financial Services,Financial Services,United States,North America,58,0.00%,58,0.00%,,,,31,27,,2,29,27,31,46.55%
CRB SA,Financial Services,Financial Services,South Africa,Africa,25,0.00%,25,0.00%,,,,,,25,0,25,25,0,100.00%
Creative Foods Europe,Food and Beverage industry,Food and Beverage,United Kingdom,Europe,586,0.00%,586,0.00%,586,,,,,,1,586,0,586,0.00%
Creative Meetings,Event Planning,Others,United States,North America,119,0.00%,119,0.00%,62,,57,,,,2,60,0,119,0.00%
Creative-ITC Limited,Information Technology,Technology/Telecommunications,India,Asia,201,0.00%,201,0.00%,,,,,,201,0,201,201,0,100.00%
Crédit Agricole,Banking/Financial Services,Financial Services,France,Europe,"109,993",0.15%,"55,711",0.09%,"43,188",,"1,040","11,483",,,3,"18,570",0,"109,993",0.00%
Credit Suisse,Finance/Investment Banking,Financial Services,Switzerland,Europe,"26,800",0.04%,"13,800",0.02%,,,"13,800",,,,1,"13,800",0,"26,800",0.00%
Creditreform,Credit reporting and business information,Financial Services,Germany,Europe,38,0.00%,38,0.00%,,,38,,,,1,38,0,38,0.00%
Crescent Fund Management,Finance,Financial Services,United States,North America,71,0.00%,71,0.00%,,,,,,71,0,71,71,0,100.00%
Crestyle,Fashion/Apparel,Apparel/Fashion,Italy,Europe,114,0.00%,0,0.00%,0,0,0,0,0,0,5,0,0,114,0.00%
Cribb,Real Estate,Others,United States,North America,30,0.00%,30,0.00%,,30,,,,,1,30,0,30,0.00%
Cristal Vitro,Construction and building materials,Construction/Engineering,Mexico,North America,368,0.00%,0,0.00%,0,0,0,0,0,0,5,0,0,368,0.00%
Criteo,Technology,Technology/Telecommunications,France,Europe,"1,638",0.00%,"1,638",0.00%,,,,,,"1,638",0,"1,638","1,638",0,100.00%
CRM Motorsports,Automotive,Transportation/Logistics,United States,North America,200,0.00%,200,0.00%,,,,,,200,0,200,200,0,100.00%
Croisette,Real Estate,Real Estate,France,Europe,72,0.00%,72,0.00%,,,,,,72,0,72,72,0,100.00%
Cross Ocean Partners,Finance,Financial Services,United States,North America,407,0.00%,407,0.00%,,,,,,407,0,407,407,0,100.00%
Crossflight Ltd,Logistics and transportation,Transportation/Logistics,United Kingdom,Europe,317,0.00%,317,0.00%,,,,,317,,1,317,317,0,100.00%
Crown,Office Services,Others,United Kingdom,Europe,72,0.00%,72,0.00%,,,,,,72,0,72,72,0,100.00%
Crown Agents Bank Limited,Finance/Financial Technology,Financial Services,United Kingdom,Europe,"1,848",0.00%,"1,848",0.00%,,,,,126,"1,722",1,924,"1,848",0,100.00%
Crown Oil,Energy/Utilities,Energy/Mining/Utilities,United Kingdom,Europe,343,0.00%,343,0.00%,,,,,343,,1,343,343,0,100.00%
CROZ,Information Technology,Technology/Telecommunications,Croatia,Europe,24,0.00%,24,0.00%,,,,,,24,0,24,24,0,100.00%
CSA,Environmental consulting,Consulting Services,United States,North America,65,0.00%,65,0.00%,,,,,50,15,1,33,65,0,100.00%
CTDI GmbH,Technology/Telecommunications,Technology/Telecommunications,Germany,Europe,"2,160",0.00%,"2,160",0.00%,,,"2,160",,,,1,"2,160",0,"2,160",0.00%
Cunningham,Construction,Construction/Engineering,United States,North America,16,0.00%,16,0.00%,,,,,,16,0,16,16,0,100.00%
CUPETIT,Patisserie,Food and Beverage,Taiwan,Asia,80,0.00%,80,0.00%,,,,,,80,0,80,80,0,100.00%
Currency Cloud,Finance/Financial Technology,Financial Services,United Kingdom,Europe,520,0.00%,520,0.00%,,,,,520,,1,520,520,0,100.00%
Cushon,Financial Services,Financial Services,United Kingdom,Europe,94,0.00%,94,0.00%,,,,,,94,0,94,94,0,100.00%
Customer First Renewables,Energy/Utilities,Energy/Mining/Utilities,United States,North America,"1,255",0.00%,"1,255",0.00%,,,"1,100",155,,,2,628,0,"1,255",0.00%
Cut Climate Change,Environmental Sustainability,Agriculture/Agribusiness/Resources,United States,North America,198,0.00%,198,0.00%,,,,198,,,1,198,0,198,0.00%
CUTS,"Non-profit organization, think tank",Non-profit/Charity/Government/NGO,India,Asia,170,0.00%,147,0.00%,86,61,,,,,2,74,0,170,0.00%
CVA,Construction,Construction/Engineering,Italy,Europe,30,0.00%,30,0.00%,,,,30,,,1,30,0,30,0.00%
Cybanetix,Technology/IT Security,Technology/Telecommunications,Cyprus,Asia,136,0.00%,136,0.00%,,,,,136,,1,136,136,0,100.00%
Cyberhawk,Technology/Software/Drone Services,Technology/Telecommunications,United Kingdom,Europe,415,0.00%,415,0.00%,,,,415,,,1,415,0,415,0.00%
CYG SUNRI,Manufacturing,Manufacturing/Engineering,Cyprus,Europe,"39,327",0.05%,"39,327",0.06%,,,,,,"39,327",0,"39,327","39,327",0,100.00%
cynkra,Technology,Technology/Telecommunications,South Korea,Asia,18,0.00%,18,0.00%,,,,,,18,0,18,18,0,100.00%
d-fine,Consulting/Financial Services,Consulting Services,Germany,Europe,"1,997",0.00%,"1,997",0.00%,,,697,"1,300",,,2,999,0,"1,997",0.00%
d'aucy,Food and Beverage,Food and Beverage,France,Europe,300,0.00%,300,0.00%,,,300,,,,1,300,0,300,0.00%
DACHSER,Logistics,Transportation/Logistics,Germany,Europe,"6,250",0.01%,"6,250",0.01%,,,,,,"6,250",0,"6,250","6,250",0,100.00%
Daesang,Food and beverage industry,Food and Beverage,South Korea,Asia,608,0.00%,608,0.00%,,,,,608,,1,608,608,0,100.00%
Dag Hammarskjöld Foundation,Non-profit organization,Non-profit/Charity/Government/NGO,Sweden,Europe,202,0.00%,202,0.00%,,,202,,,,1,202,0,202,0.00%
Dagré,Advertising Agency,Advertising/Marketing/PR,France,Europe,31,0.00%,0,0.00%,0,0,0,0,0,0,5,0,0,31,0.00%
Dahmen MineralÃ¶le,Oil and Gas industry,Energy/Mining/Utilities,Germany,Europe,801,0.00%,0,0.00%,0,0,0,0,0,0,5,0,0,801,0.00%
Dai-ichi Life,Insurance,Financial Services,Japan,Asia,45,0.00%,45,0.00%,,,,,,45,0,45,45,0,100.00%
Daiichi Sankyo,Pharmaceuticals,Healthcare/Pharmaceuticals,Japan,Asia,510,0.00%,510,0.00%,,,,,,510,0,510,510,0,100.00%
Daiwa,Energy and Infrastructure,Energy/Mining/Utilities,Japan,Asia,105,0.00%,105,0.00%,,,,35,35,35,2,35,70,35,66.67%
Dalberg,Consulting or professional services,Consulting Services,United States,North America,"2,633",0.00%,"2,633",0.00%,,,,"1,633","1,000",,2,"1,317","1,000","1,633",37.98%
Dale Underwriting,Insurance,Financial Services,United Kingdom,Europe,50,0.00%,50,0.00%,,,,,,50,0,50,50,0,100.00%
Dallas Lovefield Airport,Transportation,Transportation/Logistics,United States,North America,"1,000",0.00%,"1,000",0.00%,,,,,,"1,000",0,"1,000","1,000",0,100.00%
Dalradian Gold Ltd,Mining and Metals,Energy/Mining/Utilities,Canada,North America,400,0.00%,400,0.00%,,,400,,,,1,400,0,400,0.00%
Dalyan,Restaurant industry,Food and Beverage,Turkey,Europe,229,0.00%,229,0.00%,,,,,,229,0,229,229,0,100.00%
Dame Products,Adult toy retailer,Retail,United States,North America,262,0.00%,262,0.00%,,,28,198,36,,3,87,36,226,13.74%
DAN P GRAY,Real Estate,Others,United States,North America,10,0.00%,10,0.00%,10,,,,,,1,10,0,10,0.00%
DANÆG A/S,Dairy,Food and Beverage,Denmark,Europe,530,0.00%,530,0.00%,,110,,60,360,,3,177,360,170,67.92%
Danco,Environmental Services,Environmental & Sustainability Services,United States,North America,36,0.00%,36,0.00%,,,36,,,,1,36,0,36,0.00%
Danone,Food and Beverage,Food and Beverage,France,Europe,30,0.00%,30,0.00%,30,,,,,,1,30,0,30,0.00%
Dantaxi,Transportation/ride-sharing industry,Transportation/Logistics,Denmark,Europe,413,0.00%,413,0.00%,,,413,,,,1,413,0,413,0.00%
DAO-IPCI,Technology/Blockchain,Technology/Telecommunications,Switzerland,Europe,400,0.00%,0,0.00%,0,0,0,0,0,0,5,0,0,400,0.00%
Daoust Industries,Manufacturing,Manufacturing/Engineering,Canada,North America,98,0.00%,98,0.00%,,,,98,,,1,98,0,98,0.00%
Darebin City Council,Government,Non-profit/Charity/Government/NGO,Australia,Oceania,580,0.00%,580,0.00%,,,,,,580,0,580,580,0,100.00%
DART Tool Group,Tools and Hardware,Retail,United States,North America,11,0.00%,11,0.00%,,,,,11,,1,11,11,0,100.00%
Das Gemüseabo GmbH,Food and Agriculture,Agriculture/Agribusiness/Resources,Germany,Europe,"1,096",0.00%,"1,096",0.00%,,396,172,406,122,,4,274,122,974,11.13%
Dasa,Industrial Automation,Manufacturing/Engineering,Germany,Europe,59,0.00%,59,0.00%,,59,,,,,1,59,0,59,0.00%
Dashlane,Cybersecurity,Technology/Telecommunications,France,Europe,365,0.00%,365,0.00%,,,,,118,247,1,183,365,0,100.00%
Data Engineering Projects,Data Engineering,Technology/Telecommunications,United Kingdom,Europe,10,0.00%,10,0.00%,,,,10,,,1,10,0,10,0.00%
Databarracks,Information Technology,Technology/Telecommunications,United Kingdom,Europe,110,0.00%,110,0.00%,,,,,,110,0,110,110,0,100.00%
Datenschutzberatung Moers GmbH,Legal Services,Consulting Services,Germany,Europe,12,0.00%,12,0.00%,,,,12,,,1,12,0,12,0.00%
DAV,Education/Training,Others,United States,North America,416,0.00%,416,0.00%,,,,416,,,1,416,0,416,0.00%
David B Owens Foundation,Non-profit/Philanthropy,Non-profit/Charity/Government/NGO,United States,North America,420,0.00%,420,0.00%,,420,,,,,1,420,0,420,0.00%
Davis Ogilvie and Partners Limited,Engineering and consulting services,Consulting Services,New Zealand,Oceania,"3,021",0.00%,"3,021",0.00%,,,,,,"3,021",0,"3,021","3,021",0,100.00%
DB Energie GmbH,Energy sector,Energy/Mining/Utilities,Germany,Europe,"1,000",0.00%,"1,000",0.00%,,,"1,000",,,,1,"1,000",0,"1,000",0.00%
DB Interiors,Interior Design,Others,India,Asia,39,0.00%,39,0.00%,,,,,39,,1,39,39,0,100.00%
DBS,Banking/Financial Services,Financial Services,Singapore,Asia,"3,000",0.00%,"3,000",0.00%,,,"3,000",,,,1,"3,000",0,"3,000",0.00%
De Beers,Luxury goods/Jewelry industry,Apparel/Fashion,United Kingdom,Europe,289,0.00%,289,0.00%,,,,,289,,1,289,289,0,100.00%
De Brauw Blackstone Westbroek,Law firm,Consulting Services,Netherlands,Europe,"3,039",0.00%,0,0.00%,0,0,0,0,0,0,5,0,0,"3,039",0.00%
De Correspondent,Media,Entertainment/Media/Sports,Netherlands,Europe,227,0.00%,227,0.00%,,,,,,227,0,227,227,0,100.00%
De Koffiejongens,Food and Beverage,Food and Beverage,Netherlands,Europe,878,0.00%,878,0.00%,,,,,,878,0,878,878,0,100.00%
de Volksbank,Banking/Financial Services,Financial Services,Netherlands,Europe,"5,812",0.01%,0,0.00%,0,0,0,0,0,0,5,0,0,"5,812",0.00%
Deacero,Steel,Manufacturing/Engineering,Mexico,North America,42,0.00%,42,0.00%,,,,,,42,0,42,42,0,100.00%
Deadly Ponies,Fashion/Apparel,Apparel/Fashion,New Zealand,Oceania,162,0.00%,162,0.00%,,,,,,162,0,162,162,0,100.00%
DeepOcean,Oil and Gas industry,Energy/Mining/Utilities,Norway,Europe,"5,467",0.01%,"5,467",0.01%,,,"5,467",,,,1,"5,467",0,"5,467",0.00%
Defichain,Cryptocurrency,Financial Services,Switzerland,Europe,11,0.00%,11,0.00%,,,11,,,,1,11,0,11,0.00%
Delhaize,Retail,Retail,Belgium,Europe,"2,926",0.00%,"2,926",0.00%,,,,,,"2,926",0,"2,926","2,926",0,100.00%
DELICIUS RIZZOLI,Food and Beverage,Food and Beverage,Italy,Europe,107,0.00%,107,0.00%,,,,,107,,1,107,107,0,100.00%
Deliveroo,Food delivery sector,Food and Beverage,United Kingdom,Europe,"1,837",0.00%,"1,837",0.00%,,,"1,837",,,,1,"1,837",0,"1,837",0.00%
Dell Technologies,Technology,Technology/Telecommunications,United States,North America,400,0.00%,329,0.00%,,,,,,329,0,329,329,71,82.25%
Deloitte,Professional services,Consulting Services,United States,North America,"10,100",0.01%,"10,100",0.02%,,,,,,"10,100",0,"10,100","10,100",0,100.00%
Delta Air Lines,Travel & Transportation,Transportation/Logistics,United States,North America,"373,749",0.50%,"125,519",0.19%,"67,115","11,780","30,648","15,976",,,4,"31,380",0,"373,749",0.00%
Deluxe Media,Media and Entertainment,Entertainment/Media/Sports,United States,North America,45,0.00%,45,0.00%,,,,,45,,1,45,45,0,100.00%
DEMO,Government & Public Sector,Non-profit/Charity/Government/NGO,Germany,Europe,62,0.00%,0,0.00%,0,0,0,0,0,0,5,0,0,62,0.00%
Depop,E-commerce/Online Marketplace,Retail,United Kingdom,Europe,"14,811",0.02%,"14,811",0.02%,,"7,810","5,627","1,374",,,3,"4,937",0,"14,811",0.00%
Dermal Technology Laboratory,Cosmetics and Personal Care,Retail,United States,North America,30,0.00%,30,0.00%,,,,,30,,1,30,30,0,100.00%
DesignInc,Architecture and Design,Construction/Engineering,Australia,Oceania,120,0.00%,120,0.00%,,,120,,,,1,120,0,120,0.00%
Designtec,Furniture,Retail,Australia,Oceania,17,0.00%,17,0.00%,,,17,,,,1,17,0,17,0.00%
Designworks,Financial Services,Financial Services,United States,North America,"1,304",0.00%,"1,304",0.00%,,,,,,"1,304",0,"1,304","1,304",0,100.00%
Dessa Wander,Fashion,Apparel/Fashion,Germany,Europe,10,0.00%,10,0.00%,,10,,,,,1,10,0,10,0.00%
Deutherm,Industrial Manufacturing,Construction/Engineering,Germany,Europe,150,0.00%,150,0.00%,150,,,,,,1,150,0,150,0.00%
Deutsche Bank,Banking/Financial Services,Financial Services,Germany,Europe,"205,487",0.28%,"105,487",0.16%,,,,"54,250","51,237",,2,"52,744","51,237","154,250",24.93%
Deutsche Börse,Financial Services,Financial Services,Germany,Europe,"2,230",0.00%,"2,230",0.00%,,,,,,"2,230",0,"2,230","2,230",0,100.00%
Deutsche Bundesbank,Central Banking,Financial Services,Germany,Europe,15,0.00%,15,0.00%,15,,,,,,1,15,0,15,0.00%
Deutsche Ölwerke,Oil and Gas,Energy/Mining/Utilities,Germany,Europe,"1,000",0.00%,"1,000",0.00%,,,,,,"1,000",0,"1,000","1,000",0,100.00%
Deutsche Post,Logistics and transportation,Transportation/Logistics,Germany,Europe,"18,000",0.02%,"18,000",0.03%,"18,000",,,,,,1,"18,000",0,"18,000",0.00%
Deutsche Telekom,Telecommunications,Technology/Telecommunications,Germany,Europe,"8,000",0.01%,"8,000",0.01%,,,,,,"8,000",0,"8,000","8,000",0,100.00%
Deutschen Alpenvereins,Outdoor/Recreation/Travel,Travel & Tourism,Germany,Europe,115,0.00%,115,0.00%,,,115,,,,1,115,0,115,0.00%
Deutscher Versand Service GmbH,Logistics and shipping,Transportation/Logistics,Germany,Europe,437,0.00%,437,0.00%,,,,322,115,,2,219,115,322,26.32%
Development Bank of Wales,Banking,Financial Services,Wales,Europe,147,0.00%,147,0.00%,,,,,,147,0,147,147,0,100.00%
Dextrous,Wedding Services,Retail,United States,North America,60,0.00%,60,0.00%,,,,,,60,0,60,60,0,100.00%
Dexus,Real Estate / Property Management,Construction/Engineering,Australia,Oceania,"1,175",0.00%,200,0.00%,200,,,,,,1,200,0,"1,175",0.00%
DFGE,Education,Non-profit/Charity/Government/NGO,United States,North America,147,0.00%,147,0.00%,,,,147,,,1,147,0,147,0.00%
DFROST,Food and Beverage,Food and Beverage,Germany,Europe,35,0.00%,35,0.00%,,,,35,,,1,35,0,35,0.00%
"DGKH, Intercoiffure, Tentaworks","Non-profit organization, Hairdressing, Technology",Others,Germany,Europe,52,0.00%,52,0.00%,,,52,,,,1,52,0,52,0.00%
DHL,Logistics and transportation,Transportation/Logistics,Germany,Europe,"7,053",0.01%,"7,000",0.01%,"7,000",,,,,,1,"7,000",0,"7,053",0.00%
Di Luca & Di Luca,Fashion/Apparel,Apparel/Fashion,Italy,Europe,362,0.00%,362,0.00%,,226,,53,83,,3,121,83,279,22.93%
Dia,Retail,Retail,Spain,Europe,40,0.00%,40,0.00%,,,,20,20,,2,20,20,20,50.00%
Diageo,Beverage industry,Food and Beverage,United Kingdom,Europe,"1,650",0.00%,"1,650",0.00%,,,"1,650",,,,1,"1,650",0,"1,650",0.00%
Diakonie,Nonprofit,Non-profit/Charity/Government/NGO,Germany,Europe,288,0.00%,288,0.00%,,,,,,288,0,288,288,0,100.00%
Diamant,Jewelry or luxury goods sector,Retail,Belgium,Europe,"1,734",0.00%,"1,734",0.00%,,,827,416,,491,2,578,491,"1,243",28.32%
Diamond by Appointment,Jewelry,Apparel/Fashion,United Kingdom,Europe,56,0.00%,56,0.00%,,,,,,56,0,56,56,0,100.00%
Dicke & Partner GmbH,Consulting,Consulting Services,Germany,Europe,80,0.00%,80,0.00%,,,,,,80,0,80,80,0,100.00%
Diebold Nixdorf,Financial Services,Financial Services,United States,North America,416,0.00%,416,0.00%,,,,,,416,0,416,416,0,100.00%
Dietrich Identity,Identity Management,Technology/Telecommunications,Germany,Europe,15,0.00%,15,0.00%,,,,,15,,1,15,15,0,100.00%
Dietz,"HVAC (Heating, Ventilation, and Air Conditioning)",Construction/Engineering,Germany,Europe,45,0.00%,45,0.00%,,,,,,45,0,45,45,0,100.00%
Dilpack,Packaging industry,Agriculture/Agribusiness/Resources,Pakistan,Asia,184,0.00%,184,0.00%,,,,,184,,1,184,184,0,100.00%
Dimagi,Technology,Technology/Telecommunications,United States,North America,876,0.00%,876,0.00%,,,,,,876,0,876,876,0,100.00%
Dimograf,Printing,Manufacturing/Engineering,Poland,Europe,78,0.00%,78,0.00%,,,,40,38,,2,39,38,40,48.72%
Disc-O-Bed,Furniture and Home Furnishings,Retail,United States,North America,18,0.00%,18,0.00%,,,,,,18,0,18,18,0,100.00%
Discover,Travel and Tourism,Travel & Tourism,United States,North America,100,0.00%,100,0.00%,,,,,,100,0,100,100,0,100.00%
Dittmar & Indrenius,Law firm,Consulting Services,Finland,Europe,576,0.00%,576,0.00%,,,,,401,175,1,288,576,0,100.00%
Diva Coffee,Food and Beverage,Food and Beverage,Australia,Oceania,25,0.00%,0,0.00%,0,0,0,0,0,0,5,0,0,25,0.00%
Diversity,Human Resources/ Diversity and Inclusion,Consulting Services,United States,North America,215,0.00%,215,0.00%,,215,,,,,1,215,0,215,0.00%
Dixa,Customer service software,Technology/Telecommunications,Denmark,Europe,20,0.00%,20,0.00%,,20,,,,,1,20,0,20,0.00%
DLA Piper,Legal Services,Consulting Services,United States,North America,"6,764",0.01%,0,0.00%,0,0,0,0,0,0,5,0,0,"6,764",0.00%
DNCP,"Government, Public Procurement",Non-profit/Charity/Government/NGO,Paraguay,South America,20,0.00%,20,0.00%,,,,20,,,1,20,0,20,0.00%
DNV GL,Consulting/Professional Services,Consulting Services,Norway,Europe,"124,038",0.17%,"108,543",0.17%,"12,393","5,000",,"12,000","7,850","71,300",4,"21,709","79,150","44,888",63.81%
Doberman,Financial Services,Financial Services,Sweden,Europe,22,0.00%,22,0.00%,22,,,,,,1,22,0,22,0.00%
Doc Society,"Non-profit organization, Documentary Film",Non-profit/Charity/Government/NGO,United States,North America,221,0.00%,221,0.00%,221,,,,,,1,221,0,221,0.00%
Documation,Software,Technology/Telecommunications,United Kingdom,Europe,10,0.00%,10,0.00%,,,,10,,,1,10,0,10,0.00%
Dohle,Marine,Others,Germany,Europe,49,0.00%,49,0.00%,,,,49,,,1,49,0,49,0.00%
Dolomiti Energia,Energy/utility sector,Energy/Mining/Utilities,Italy,Europe,"27,582",0.04%,"16,921",0.03%,"8,370",,"6,885",,"1,666",,3,"5,640","1,666","25,916",6.04%
Dont Panic,Advertising & Marketing,Advertising/Marketing/PR,United States,North America,103,0.00%,103,0.00%,,,,,,103,0,103,103,0,100.00%
Dots,Technology/Software,Technology/Telecommunications,India,Asia,400,0.00%,400,0.00%,,,,,400,,1,400,400,0,100.00%
Dott,Technology/Transportation,Technology/Telecommunications,Netherlands,Europe,"1,032",0.00%,"1,032",0.00%,,,,"1,032",,,1,"1,032",0,"1,032",0.00%
Dove Medical Press (NZ) Limited,Healthcare,Healthcare/Pharmaceuticals,New Zealand,Oceania,388,0.00%,388,0.00%,,,,,,388,0,388,388,0,100.00%
Dowling,Fashion,Apparel/Fashion,United States,North America,20,0.00%,20,0.00%,20,,,,,,1,20,0,20,0.00%
Downing,Finance/Investment sector,Financial Services,United Kingdom,Europe,270,0.00%,270,0.00%,,,,,270,,1,270,270,0,100.00%
Downing Renewables & Infrastructure Trust PLC,Renewable energy and infrastructure,Energy/Mining/Utilities,United Kingdom,Europe,166,0.00%,166,0.00%,,,,,,166,0,166,166,0,100.00%
DP World,Logistics and transportation,Transportation/Logistics,United Arab Emirates,Asia,"3,622",0.00%,"3,622",0.01%,,,,"2,000",,"1,622",1,"1,811","1,622","2,000",44.78%
DR.SCHNELL,Personal care and hygiene,Healthcare/Pharmaceuticals,Germany,Europe,711,0.00%,711,0.00%,,,711,,,,1,711,0,711,0.00%
Dramatic Resources,Entertainment or Media industry,Entertainment/Media/Sports,United States,North America,423,0.00%,423,0.00%,,218,,,31,174,2,141,205,218,48.46%
Drawdown,Environmentalism/Sustainability,Environmental & Sustainability Services,United States,North America,80,0.00%,80,0.00%,80,,,,,,1,80,0,80,0.00%
Drax,Energy,Energy/Mining/Utilities,United Kingdom,Europe,70,0.00%,70,0.00%,,,,70,,,1,70,0,70,0.00%
Dri-Pak,Household cleaning products,Retail,United Kingdom,Europe,"3,000",0.00%,"3,000",0.00%,,,,"1,000","2,000",,2,"1,500","2,000","1,000",66.67%
Driessen,Manufacturing,Construction/Engineering,Netherlands,Europe,163,0.00%,0,0.00%,0,0,0,0,0,0,5,0,0,163,0.00%
Drivania,Transportation,Transportation/Logistics,Spain,Europe,513,0.00%,513,0.00%,,,,,,513,0,513,513,0,100.00%
DropChief,Software,Technology/Telecommunications,United States,North America,20,0.00%,20,0.00%,,,20,,,,1,20,0,20,0.00%
Druckerei Lokay,Printing,Manufacturing/Engineering,Germany,Europe,15,0.00%,0,0.00%,0,0,0,0,0,0,5,0,0,15,0.00%
DSW Designer Shoe Warehouse,"Retail, Footwear",Retail,United States,North America,10,0.00%,10,0.00%,,,,10,,,1,10,0,10,0.00%
DT,Technology,Technology/Telecommunications,Germany,Europe,216,0.00%,216,0.00%,,,,,216,,1,216,216,0,100.00%
DT Inv,Finance/Investment,Financial Services,Germany,Europe,234,0.00%,0,0.00%,0,0,0,0,0,0,5,0,0,234,0.00%
DTMF Group,Facility management,Construction/Engineering,United Arab Emirates,Middle East,181,0.00%,181,0.00%,,,,,,181,0,181,181,0,100.00%
Dubai Expo,Events and Tourism,Travel & Tourism,United Arab Emirates,Asia,"20,068",0.03%,"17,830",0.03%,,"2,830",,"15,000",,,2,"8,915",0,"20,068",0.00%
Dublin City Council,Government/Local Government,Non-profit/Charity/Government/NGO,Ireland,Europe,385,0.00%,385,0.00%,,,139,,,246,1,193,246,139,63.90%
DuckDuckGo,Search engine,Technology/Telecommunications,United States,North America,254,0.00%,254,0.00%,,,229,25,,,2,127,0,254,0.00%
Ducklife,Pet Supplies,Retail,United States,North America,35,0.00%,35,0.00%,,35,,,,,1,35,0,35,0.00%
Dudley Building Society,Financial Services,Financial Services,United Kingdom,Europe,74,0.00%,74,0.00%,,,,,74,,1,74,74,0,100.00%
Duesterberg,Law firm,Consulting Services,Germany,Europe,10,0.00%,10,0.00%,10,,,,,,1,10,0,10,0.00%
Dun & Bradstreet,Business Services,Consulting Services,United States,North America,"7,035",0.01%,0,0.00%,0,0,0,0,0,0,5,0,0,"7,035",0.00%
Dunhill,Luxury Goods,Apparel/Fashion,United Kingdom,Europe,"2,480",0.00%,"2,480",0.00%,,,,,,"2,480",0,"2,480","2,480",0,100.00%
Dunlop,Construction,Construction/Engineering,United Kingdom,Europe,68,0.00%,68,0.00%,,,,68,,,1,68,0,68,0.00%
Dunn Family Charitable Foundation,Non-profit,Non-profit/Charity/Government/NGO,United States,North America,540,0.00%,540,0.00%,,,,,540,,1,540,540,0,100.00%
Dunnhumby,Retail analytics and customer data science,Retail,United Kingdom,Europe,37,0.00%,37,0.00%,,,,37,,,1,37,0,37,0.00%
Durapart,Automotive Parts,Manufacturing/Engineering,Canada,North America,49,0.00%,0,0.00%,0,0,0,0,0,0,5,0,0,49,0.00%
Dustin,Information Technology,Technology/Telecommunications,United States,North America,566,0.00%,566,0.00%,,,,,,566,0,566,566,0,100.00%
Dutch Bros Coffee,Food and Beverage,Food and Beverage,United States,North America,20,0.00%,20,0.00%,10,10,,,,,2,10,0,20,0.00%
Duxiana,Furniture and Home Furnishings,Retail,Sweden,Europe,10,0.00%,10,0.00%,,,,,,10,0,10,10,0,100.00%
DvH Medien GmbH,Media,Entertainment/Media/Sports,Germany,Europe,108,0.00%,108,0.00%,,,,,,108,0,108,108,0,100.00%
Dwyer,Real Estate,Real Estate,United States,North America,10,0.00%,10,0.00%,,,,,,10,0,10,10,0,100.00%
DXW,Digital Marketing Agency,Advertising/Marketing/PR,United Kingdom,Europe,101,0.00%,101,0.00%,,,11,90,,,2,51,0,101,0.00%
Dynamic Credit Management B.V.,Financial Services,Financial Services,Netherlands,Europe,44,0.00%,44,0.00%,,,,17,,27,1,22,27,17,61.36%
Dynamic Planner,Financial Technology (FinTech),Technology/Telecommunications,United Kingdom,Europe,45,0.00%,45,0.00%,,,30,15,,,2,23,0,45,0.00%
DYWIDAG,Construction and infrastructure sector,Construction/Engineering,Germany,Europe,385,0.00%,385,0.00%,,,385,,,,1,385,0,385,0.00%
E,Electronics,Technology/Telecommunications,South Korea,Asia,74,0.00%,74,0.00%,,,74,,,,1,74,0,74,0.00%
e-Types Group A/S,Technology/IT sector,Technology/Telecommunications,Denmark,Europe,200,0.00%,200,0.00%,200,,,,,,1,200,0,200,0.00%
E.ON,Energy & Utilities,Energy/Mining/Utilities,France,Europe,"268,307",0.36%,"267,407",0.41%,,,,,"267,407",,1,"267,407","267,407",900,99.66%
EA Building Group,Construction,Construction/Engineering,United States,North America,35,0.00%,35,0.00%,,,,,,35,0,35,35,0,100.00%
EagleSoft,Insurance Software,Technology/Telecommunications,United States,North America,36,0.00%,36,0.00%,,,,36,,,1,36,0,36,0.00%
Earth 51,Video game developer,Technology/Telecommunications,United States,North America,40,0.00%,40,0.00%,,,40,,,,1,40,0,40,0.00%
Earth's Edge,"Home goods, furniture, and decor",Retail,United States,North America,34,0.00%,34,0.00%,,,34,,,,1,34,0,34,0.00%
EarthChain,Blockchain,Technology/Telecommunications,United States,North America,99,0.00%,99,0.00%,,,,,36,63,1,50,99,0,100.00%
Earthoil,Beauty and personal care industry,Retail,United Kingdom,Europe,138,0.00%,138,0.00%,138,,,,,,1,138,0,138,0.00%
East African Safari Rally LTD,Travel and Tourism,Travel & Tourism,Kenya,Africa,256,0.00%,256,0.00%,,,256,,,,1,256,0,256,0.00%
East Midlands Airport,Travel and Transportation,Travel & Tourism,United Kingdom,Europe,"7,248",0.01%,"5,539",0.01%,"1,890",,,"3,649",,,2,"2,770",0,"7,248",0.00%
East West Corporation,Real Estate,Others,United States,North America,90,0.00%,90,0.00%,,,,90,,,1,90,0,90,0.00%
Eastern & Central Community Trust,Non-profit,Non-profit/Charity/Government/NGO,New Zealand,Oceania,16,0.00%,16,0.00%,,,,,,16,0,16,16,0,100.00%
EasyJet,Travel and Tourism,Travel & Tourism,United Kingdom,Europe,"656,055",0.88%,"580,317",0.89%,"62,550",,,"367,767","150,000",,3,"193,439","150,000","506,055",22.86%
Eau de Marseille,Beauty/Personal Care,Retail,France,Europe,"13,900",0.02%,0,0.00%,0,0,0,0,0,0,5,0,0,"13,900",0.00%
EBAA,Aerospace and Defense,Manufacturing/Engineering,United States,North America,94,0.00%,94,0.00%,,,,,,94,0,94,94,0,100.00%
ebalta,Plastics,Manufacturing/Engineering,Germany,Europe,215,0.00%,215,0.00%,,,,,,215,0,215,215,0,100.00%
eBay,E-commerce,Retail,United States,North America,627,0.00%,627,0.00%,,,,,,627,0,627,627,0,100.00%
ebl-naturkost,Food and beverage industry,Food and Beverage,Germany,Europe,123,0.00%,123,0.00%,,,,123,,,1,123,0,123,0.00%
EBS (Electronic Business Solutions),Technology/Software/IT,Technology/Telecommunications,United States,North America,"13,768",0.02%,"4,696",0.01%,,,,,"4,696",,1,"4,696","4,696","9,072",34.11%
Ebury,Financial Services,Financial Services,United Kingdom,Europe,150,0.00%,150,0.00%,,,,,,150,0,150,150,0,100.00%
Eckl S√º√üwaren,Retail,Retail,Germany,Europe,"88,439",0.12%,"88,439",0.14%,,,,,,"88,439",0,"88,439","88,439",0,100.00%
Eco Chic Cottages,Hospitality,Travel & Tourism,India,Asia,50,0.00%,50,0.00%,20,,20,,,10,2,17,10,40,20.00%
Eco Green Group,Environmental Services,Environmental & Sustainability Services,Australia,Oceania,82,0.00%,82,0.00%,,,,,82,,1,82,82,0,100.00%
Eco Labs,Household and Personal Care Products,Retail,United States,North America,31,0.00%,31,0.00%,,,,31,,,1,31,0,31,0.00%
Ecobio,Cosmetics and Personal Care,Retail,France,Europe,99,0.00%,99,0.00%,,,11,,,88,1,50,88,11,88.89%
EcoCart,Biotechnology,Healthcare/Pharmaceuticals,United States,North America,"5,190",0.01%,"5,190",0.01%,,,,,,"5,190",0,"5,190","5,190",0,100.00%
Ecodes,Climate services,Environmental & Sustainability Services,United States,North America,466,0.00%,466,0.00%,,,,,,466,0,466,466,0,100.00%
Ecogas,Energy/Utilities,Energy/Mining/Utilities,Argentina,South America,"1,252",0.00%,0,0.00%,0,0,0,0,0,0,5,0,0,"1,252",0.00%
Ecoistics,Sustainability Consulting,Environmental & Sustainability Services,Germany,Europe,24,0.00%,24,0.00%,,,,24,,,1,24,0,24,0.00%
Ecologi,Environmental Conservation/ Sustainability,Environmental & Sustainability Services,United Kingdom,Europe,"265,672",0.36%,"265,672",0.41%,,"18,937","16,745","73,418","43,329","113,243",4,"53,134","156,572","109,100",58.93%
Ecology,Financial Services,Financial Services,United States,North America,698,0.00%,698,0.00%,,,,,,698,0,698,698,0,100.00%
Ecómetro,Environmental sustainability,Agriculture/Agribusiness/Resources,Mexico,North America,"1,220",0.00%,"1,220",0.00%,,"1,220",,,,,1,"1,220",0,"1,220",0.00%
Economed,Medical Equipment and Supplies,Healthcare/Pharmaceuticals,Germany,Europe,17,0.00%,17,0.00%,,,,,17,,1,17,17,0,100.00%
EcoOnline,"Environmental, Health, and Safety (EHS) Software",Technology/Telecommunications,Norway,Europe,80,0.00%,80,0.00%,60,20,,,,,2,40,0,80,0.00%
Ecorys,Consulting,Consulting Services,Netherlands,Europe,20,0.00%,20,0.00%,,,,20,,,1,20,0,20,0.00%
Ecosafi,Fuel Supplier,Energy/Mining/Utilities,Kenya,Africa,33,0.00%,33,0.00%,,,,,,33,0,33,33,0,100.00%
EcoSphere,Environmental conservation or sustainability sector,Environmental & Sustainability Services,United States,North America,104,0.00%,104,0.00%,104,,,,,,1,104,0,104,0.00%
Ecostore,Ecostore - Household and personal care products,Retail,New Zealand,Oceania,"4,294",0.01%,"2,627",0.00%,,,"2,627",,,,1,"2,627",0,"4,294",0.00%
Ecotecnologias Quimicas,Chemicals,Manufacturing/Engineering,Colombia,South America,318,0.00%,252,0.00%,74,65,,43,36,34,4,50,70,248,22.01%
Ecotricity,Energy and Utilities,Energy/Mining/Utilities,United Kingdom,Europe,"4,211",0.01%,"4,211",0.01%,,,,917,"3,294",,2,"2,106","3,294",917,78.22%
Ecover,Household cleaning products,Retail,Belgium,Europe,66,0.00%,0,0.00%,0,0,0,0,0,0,5,0,0,66,0.00%
EcoWay,Environmental conservation and sustainability,Environmental & Sustainability Services,Sweden,Europe,"1,428",0.00%,0,0.00%,0,0,0,0,0,0,5,0,0,"1,428",0.00%
ECS Group,Energy & Combustion Services,Energy/Mining/Utilities,United States,North America,168,0.00%,168,0.00%,,,,,,168,0,168,168,0,100.00%
Ed Selfe Photographic Safari,"Photography, Travel",Travel & Tourism,South Africa,Africa,57,0.00%,57,0.00%,57,,,,,,1,57,0,57,0.00%
Ed. Züblin AG,Construction and Engineering,Construction/Engineering,Germany,Europe,"1,068",0.00%,"1,068",0.00%,,,"1,068",,,,1,"1,068",0,"1,068",0.00%
EDEN,Hospitality/Travel & Tourism,Travel & Tourism,United States,North America,250,0.00%,250,0.00%,,,,,250,,1,250,250,0,100.00%
Eden McCallum,Management Consulting,Consulting Services,United Kingdom,Europe,59,0.00%,59,0.00%,,,,,,59,0,59,59,0,100.00%
EDF,Non-profit organization,Non-profit/Charity/Government/NGO,France,Europe,"2,000",0.00%,"2,000",0.00%,,,,,,"2,000",0,"2,000","2,000",0,100.00%
EdgeConneX,Technology - Data Centers,Technology/Telecommunications,United States,North America,"1,750",0.00%,"1,750",0.00%,,,,,,"1,750",0,"1,750","1,750",0,100.00%
Edita Boberg,Personal branding,Advertising/Marketing/PR,Sweden,Europe,185,0.00%,0,0.00%,0,0,0,0,0,0,5,0,0,185,0.00%
Edmiston,Yacht brokerage,Travel & Tourism,United Kingdom,Europe,10,0.00%,10,0.00%,,,,10,,,1,10,0,10,0.00%
EDP,Energy/Utilities,Energy/Mining/Utilities,Portugal,Europe,"10,000",0.01%,"5,000",0.01%,,,"5,000",,,,1,"5,000",0,"10,000",0.00%
Edrington,Beverage/Alcohol industry,Food and Beverage,United Kingdom,Europe,400,0.00%,400,0.00%,,400,,,,,1,400,0,400,0.00%
Education Perfect,Education/Technology,Technology/Telecommunications,New Zealand,Oceania,702,0.00%,702,0.00%,,,,,250,452,1,351,702,0,100.00%
EDW Technology,Technology,Technology/Telecommunications,Hong Kong,Asia,120,0.00%,120,0.00%,,,,,60,60,1,60,120,0,100.00%
Edward Selfe Photographic Safari,"Photography, Tourism",Travel & Tourism,South Africa,Africa,60,0.00%,60,0.00%,,60,,,,,1,60,0,60,0.00%
EEC,Environmental consulting,Consulting Services,Germany,Europe,73,0.00%,73,0.00%,,,,,73,,1,73,73,0,100.00%
effeqt,Marketing and Advertising,Advertising/Marketing/PR,Germany,Europe,88,0.00%,88,0.00%,,,36,52,,,2,44,0,88,0.00%
Efficio,Consulting or Professional Services,Consulting Services,United Kingdom,Europe,"1,761",0.00%,"1,761",0.00%,,"1,761",,,,,1,"1,761",0,"1,761",0.00%
EFLA,Engineering/Consulting Services,Construction/Engineering,Iceland,Europe,627,0.00%,627,0.00%,,,,,627,,1,627,627,0,100.00%
Egerton,Finance,Financial Services,United States,North America,586,0.00%,586,0.00%,,,,,,586,0,586,586,0,100.00%
EHA,Healthcare,Healthcare/Pharmaceuticals,United States,North America,67,0.00%,67,0.00%,,,,,67,,1,67,67,0,100.00%
EHG,Facility Services,Others,Germany,Europe,142,0.00%,142,0.00%,,,,,50,92,1,71,142,0,100.00%
EIDA,Government/Identity Verification,Non-profit/Charity/Government/NGO,United Arab Emirates,Asia,"13,000",0.02%,"13,000",0.02%,,"13,000",,,,,1,"13,000",0,"13,000",0.00%
Eike Becker_Architekten,Architecture,Construction/Engineering,Germany,Europe,28,0.00%,28,0.00%,,,,28,,,1,28,0,28,0.00%
EIM Executive Interim Management,Professional Services/Management Consulting,Consulting Services,Netherlands,Europe,204,0.00%,204,0.00%,102,,102,,,,2,102,0,204,0.00%
EIT,Education,Others,United States,North America,574,0.00%,574,0.00%,,,,,,574,0,574,574,0,100.00%
EK,Business and Industry,Others,Finland,Europe,91,0.00%,91,0.00%,,71,,20,,,2,46,0,91,0.00%
EKKO,Food and Beverage,Food and Beverage,Ethiopia,Africa,40,0.00%,40,0.00%,20,20,,,,,2,20,0,40,0.00%
Eko Trädvård,Tree care,Agriculture/Agribusiness/Resources,Sweden,Europe,32,0.00%,32,0.00%,,,32,,,,1,32,0,32,0.00%
EkoDev,Software Development,Technology/Telecommunications,India,Asia,115,0.00%,115,0.00%,,,,,115,,1,115,115,0,100.00%
Eksportfinans,Financial Services,Financial Services,Norway,Europe,61,0.00%,61,0.00%,,,,,33,28,1,31,61,0,100.00%
El Paraíso,Food and Beverage,Food and Beverage,Colombia,South America,20,0.00%,20,0.00%,,,,,20,,1,20,20,0,100.00%
Elanders,Printing and publishing industry,Entertainment/Media/Sports,Sweden,Europe,469,0.00%,0,0.00%,0,0,0,0,0,0,5,0,0,469,0.00%
Elastica,Technology/Software,Technology/Telecommunications,United States,North America,363,0.00%,295,0.00%,,,,295,,,1,295,0,363,0.00%
Eleco,Construction,Construction/Engineering,United Kingdom,Europe,49,0.00%,49,0.00%,,,,49,,,1,49,0,49,0.00%
Electrosteel,Manufacturing/Steel Industry,Agriculture/Agribusiness/Resources,India,Asia,500,0.00%,500,0.00%,,,500,,,,1,500,0,500,0.00%
Elektro Rieger,Electrical Engineering,Manufacturing/Engineering,Germany,Europe,50,0.00%,50,0.00%,,,,50,,,1,50,0,50,0.00%
Elements,Beauty and skincare industry,Retail,United States,North America,414,0.00%,414,0.00%,,,414,,,,1,414,0,414,0.00%
Elephant Charge,Tourism,Travel & Tourism,Zambia,Africa,200,0.00%,200,0.00%,,,200,,,,1,200,0,200,0.00%
Elephant Pants,Apparel,Apparel/Fashion,United States,North America,19,0.00%,0,0.00%,0,0,0,0,0,0,5,0,0,19,0.00%
Elephase,Electronics,Technology/Telecommunications,China,Asia,10,0.00%,10,0.00%,,,10,,,,1,10,0,10,0.00%
Eleving Group SA,Finance,Financial Services,Luxembourg,Europe,114,0.00%,114,0.00%,,,,,,114,0,114,114,0,100.00%
Eline Fleur,Fashion,Apparel/Fashion,Netherlands,Europe,10,0.00%,10,0.00%,,,10,,,,1,10,0,10,0.00%
Elinkeinoelämän keskusliitto EK,Business/Trade Association,Others,Finland,Europe,567,0.00%,567,0.00%,,,,101,,466,1,284,466,101,82.19%
Elisa,Telecommunications,Technology/Telecommunications,Finland,Europe,"12,082",0.02%,"12,082",0.02%,,,,"8,074","1,255","2,753",2,"4,027","4,008","8,074",33.17%
ElitAvia,Aerospace and Defense,Manufacturing/Engineering,Slovenia,Europe,"7,171",0.01%,"7,171",0.01%,,,,,,"7,171",0,"7,171","7,171",0,100.00%
Elite,Electronics,Technology/Telecommunications,South Korea,Asia,112,0.00%,112,0.00%,,,,,,112,0,112,112,0,100.00%
Elite Voyage,Travel and Tourism,Travel & Tourism,United States,North America,500,0.00%,500,0.00%,,,,500,,,1,500,0,500,0.00%
Elizabeth Oxborrow-Cowan Associates Ltd,Management Consulting,Consulting Services,United Kingdom,Europe,10,0.00%,10,0.00%,,,,,10,,1,10,10,0,100.00%
Ellis Wines,Wine industry,Food and Beverage,United Kingdom,Europe,250,0.00%,250,0.00%,,,,,,250,0,250,250,0,100.00%
Elopak,Packaging industry,Agriculture/Agribusiness/Resources,Russia,Europe,"5,964",0.01%,"5,964",0.01%,,,,"3,054","2,910",,2,"2,982","2,910","3,054",48.79%
ElringKlinger,Automotive,Transportation/Logistics,Germany,Europe,40,0.00%,40,0.00%,,,,,,40,0,40,40,0,100.00%
ELSCHUKOM,Manufacturing,Construction/Engineering,Germany,Europe,300,0.00%,300,0.00%,,,300,,,,1,300,0,300,0.00%
ELTHERM,Industrial Manufacturing / Electrical Heating Systems,Construction/Engineering,Germany,Europe,"1,033",0.00%,887,0.00%,,,,825,,62,1,444,62,971,6.00%
Elvenite,Information Technology,Technology/Telecommunications,Elvenland,Europe,100,0.00%,100,0.00%,,,,,,100,0,100,100,0,100.00%
Elworthy Studio,Photography,Entertainment/Media/Sports,United Kingdom,Europe,200,0.00%,100,0.00%,,,100,,,,1,100,0,200,0.00%
Emakina,Digital Marketing/Advertising,Advertising/Marketing/PR,Belgium,Europe,346,0.00%,346,0.00%,,,,,346,,1,346,346,0,100.00%
Embracer Group,Entertainment and media industry,Entertainment/Media/Sports,Sweden,Europe,"3,000",0.00%,"3,000",0.00%,,,,"3,000",,,1,"3,000",0,"3,000",0.00%
Emissioni,Environmental Services/ Sustainability,Agriculture/Agribusiness/Resources,Italy,Europe,"1,000",0.00%,"1,000",0.00%,,,,,"1,000",,1,"1,000","1,000",0,100.00%
EMM Consulting,Consulting,Consulting Services,United States,North America,293,0.00%,293,0.00%,,,,,,293,0,293,293,0,100.00%
Emma Lewisham,Beauty and personal care,Retail,New Zealand,Oceania,187,0.00%,187,0.00%,,,,,,187,0,187,187,0,100.00%
eMoSys,Technology,Technology/Telecommunications,India,Asia,140,0.00%,140,0.00%,,,,,,140,0,140,140,0,100.00%
EMSA,Maritime industry,Transportation/Logistics,Greece,Europe,278,0.00%,278,0.00%,,,,,,278,0,278,278,0,100.00%
Enabel,Technology,Technology/Telecommunications,Belgium,Europe,"7,935",0.01%,"6,642",0.01%,,,,"3,298","3,344",,2,"3,321","3,344","4,591",42.14%
Enable Leisure and Culture,Leisure and Hospitality,Travel & Tourism,United Kingdom,Europe,60,0.00%,60,0.00%,,,,,,60,0,60,60,0,100.00%
ENAV,Transportation/Aviation,Transportation/Logistics,Italy,Europe,365,0.00%,365,0.00%,,,,,365,,1,365,365,0,100.00%
Endura,Apparel/Outdoor Gear,Retail,United Kingdom,Europe,950,0.00%,950,0.00%,,,950,,,,1,950,0,950,0.00%
ENEA,Technology/Software,Technology/Telecommunications,Spain,Europe,570,0.00%,570,0.00%,570,,,,,,1,570,0,570,0.00%
Eneco,Energy & Utilities,Energy/Mining/Utilities,Netherlands,Europe,"12,681",0.02%,"4,429",0.01%,,"2,556",,"1,873",,,2,"2,215",0,"12,681",0.00%
Enel,Energy & Utilities,Energy/Mining/Utilities,Italy,Europe,"45,018",0.06%,"45,018",0.07%,"45,018",,,,,,1,"45,018",0,"45,018",0.00%
Enento,Financial Services,Financial Services,Finland,Europe,525,0.00%,525,0.00%,,,,,,525,0,525,525,0,100.00%
Enercom,Energy,Energy/Mining/Utilities,United States,North America,"40,012",0.05%,"40,012",0.06%,,,,,,"40,012",0,"40,012","40,012",0,100.00%
Energetics,Energy,Energy/Mining/Utilities,United States,North America,"1,041",0.00%,"1,041",0.00%,,,,,,"1,041",0,"1,041","1,041",0,100.00%
Energie voor Scholen,Energy,Energy/Mining/Utilities,Netherlands,Europe,"6,159",0.01%,"6,159",0.01%,,,,,,"6,159",0,"6,159","6,159",0,100.00%
Energieagentur Ebersberg,Energy & Utilities,Energy/Mining/Utilities,Germany,Europe,"62,493",0.08%,"56,493",0.09%,"2,478","15,250",,"2,600","13,919","22,246",4,"11,299","36,165","26,328",57.87%
ENERGIEALLIANZ,Energy & Utilities,Energy/Mining/Utilities,Germany,Europe,593,0.00%,593,0.00%,,,593,,,,1,593,0,593,0.00%
Energiesysteme Groß GmbH & Co. KG,Energy & Utilities,Energy/Mining/Utilities,Germany,Europe,453,0.00%,453,0.00%,,,,200,253,,2,227,253,200,55.85%
Energinet,Energy,Energy/Mining/Utilities,Denmark,Europe,300,0.00%,300,0.00%,,,,,,300,0,300,300,0,100.00%
Energy & Combustion Services Group,Energy & Utilities,Energy/Mining/Utilities,United States,North America,195,0.00%,195,0.00%,,,,,195,,1,195,195,0,100.00%
Energy Action,Energy & Utilities,Energy/Mining/Utilities,Australia,Oceania,120,0.00%,120,0.00%,,,120,,,,1,120,0,120,0.00%
Energy Consulting Development,Energy Consulting,Consulting Services,Germany,Europe,10,0.00%,10,0.00%,,,,10,,,1,10,0,10,0.00%
Energy Intelligence Centre Ltd,Energy,Energy/Mining/Utilities,United Kingdom,Europe,154,0.00%,154,0.00%,,,,,,154,0,154,154,0,100.00%
ENERGY Joburg RF,Energy & Utilities,Energy/Mining/Utilities,South Africa,Africa,"711,198",0.96%,"711,198",1.09%,,,,"235,155",,"476,043",1,"355,599","476,043","235,155",66.94%
Energy Way,Energy & Utilities,Energy/Mining/Utilities,United States,North America,580,0.00%,580,0.00%,580,,,,,,1,580,0,580,0.00%
EnerKey,Energy,Energy/Mining/Utilities,Finland,Europe,10,0.00%,0,0.00%,0,0,0,0,0,0,5,0,0,10,0.00%
ENGIE,Energy & Utilities,Energy/Mining/Utilities,France,Europe,"1,387,591",1.87%,"1,387,328",2.12%,50,16,"2,139",472,201,"1,384,450",5,"231,221","1,384,651","2,940",99.79%
Engine Lease Finance Corporation,Finance,Financial Services,Ireland,Europe,744,0.00%,744,0.00%,,,,132,424,188,2,248,612,132,82.26%
Eni,Energy & Utilities,Energy/Mining/Utilities,Italy,Europe,"9,785,280",13.18%,"9,785,280",14.97%,,"1,490,000","2,032,204","1,533,249","2,847","4,726,980",4,"1,957,056","4,729,827","5,055,453",48.34%
Enid Grant & Co.,Accounting,Financial Services,United States,North America,14,0.00%,14,0.00%,,14,,,,,1,14,0,14,0.00%
Enkev BV,Manufacturing or Textiles industry,Apparel/Fashion,Netherlands,Europe,161,0.00%,0,0.00%,0,0,0,0,0,0,5,0,0,161,0.00%
ENORM,Retail,Retail,Denmark,Europe,30,0.00%,30,0.00%,30,,,,,,1,30,0,30,0.00%
Enova,Financial Services,Financial Services,United States,North America,"3,522",0.00%,"3,522",0.01%,,,,,,"3,522",0,"3,522","3,522",0,100.00%
Enovos,Energy & Utilities,Energy/Mining/Utilities,Luxembourg,Europe,"7,086",0.01%,"7,086",0.01%,,,"7,086",,,,1,"7,086",0,"7,086",0.00%
EnPerSo,Travel Agency,Travel & Tourism,Australia,Oceania,10,0.00%,10,0.00%,10,,,,,,1,10,0,10,0.00%
Ensign,Financial Services,Financial Services,United States,North America,38,0.00%,0,0.00%,0,0,0,0,0,0,5,0,0,38,0.00%
ENTEGA,Energy,Energy/Mining/Utilities,Germany,Europe,"6,811",0.01%,"6,541",0.01%,,,,,,"6,541",0,"6,541","6,541",270,96.04%
Entel,Consulting,Consulting Services,Bolivia,South America,"1,881",0.00%,"1,881",0.00%,,,,,,"1,881",0,"1,881","1,881",0,100.00%
Enviro Steward,Environmental Services,Environmental & Sustainability Services,United States,North America,10,0.00%,10,0.00%,10,,,,,,1,10,0,10,0.00%
Enviro-Mark Solutions Limited,Environmental Services/Consulting,Construction/Engineering,New Zealand,Oceania,160,0.00%,160,0.00%,,,,132,28,,2,80,28,132,17.50%
Environmental Defense Fund,Non-profit/Environmental Conservation,Agriculture/Agribusiness/Resources,United States,North America,"15,593",0.02%,"15,593",0.02%,,"2,944","2,908","7,742","1,999",,4,"3,898","1,999","13,594",12.82%
EnviroServ,Environmental Services,Environmental & Sustainability Services,South Africa,Africa,"165,692",0.22%,"165,692",0.25%,,,,"76,505",,"89,187",1,"82,846","89,187","76,505",53.83%
Envirotainer,Logistics/Transportation,Transportation/Logistics,Sweden,Europe,"31,843",0.04%,"31,843",0.05%,"3,665","6,400","7,515","9,871","4,392",,5,"6,369","4,392","27,451",13.79%
Envision Racing,Automotive,Transportation/Logistics,United Kingdom,Europe,354,0.00%,354,0.00%,,,,,,354,0,354,354,0,100.00%
EPEA,Consulting,Consulting Services,Germany,Europe,149,0.00%,149,0.00%,,,,,,149,0,149,149,0,100.00%
EPG,Energy,Energy/Mining/Utilities,United States,North America,63,0.00%,63,0.00%,,,,,,63,0,63,63,0,100.00%
EPI Group,Consulting/Professional Services,Consulting Services,United Kingdom,Europe,943,0.00%,943,0.00%,,,,261,119,563,2,314,682,261,72.32%
Epidemic Sound,Entertainment/Media,Entertainment/Media/Sports,Sweden,Europe,285,0.00%,285,0.00%,,238,47,,,,2,143,0,285,0.00%
Eploy,Human Resources,Others,United Kingdom,Europe,52,0.00%,52,0.00%,,,,,52,,1,52,52,0,100.00%
EPRC,Think tank,Consulting Services,Belgium,Europe,50,0.00%,0,0.00%,0,0,0,0,0,0,5,0,0,50,0.00%
Eprimo,Energy,Energy/Mining/Utilities,Germany,Europe,37,0.00%,37,0.00%,,,,,37,,1,37,37,0,100.00%
eprimo GmbH,Energy & Utilities,Energy/Mining/Utilities,Germany,Europe,"1,134",0.00%,"1,134",0.00%,,,,"1,134",,,1,"1,134",0,"1,134",0.00%
EQ INV,Finance/Investment sector,Financial Services,Germany,Europe,233,0.00%,233,0.00%,,233,,,,,1,233,0,233,0.00%
EQ Investors,Finance/Investment sector,Financial Services,United Kingdom,Europe,594,0.00%,594,0.00%,,,,,268,326,1,297,594,0,100.00%
EQOS Energie,Energy/utility sector,Energy/Mining/Utilities,Austria,Europe,922,0.00%,922,0.00%,,,922,,,,1,922,0,922,0.00%
EQT Group,Finance & Investment,Financial Services,Sweden,Europe,"29,969",0.04%,"29,969",0.05%,,,,,"17,303","12,666",1,"14,985","29,969",0,100.00%
Equator Stockholm AB,Architecture & Design,Consulting Services,Sweden,Europe,360,0.00%,360,0.00%,360,,,,,,1,360,0,360,0.00%
Equip Capital,Finance/Investment sector,Financial Services,Australia,Oceania,132,0.00%,132,0.00%,,,132,,,,1,132,0,132,0.00%
Equip Outdoor Technologies Ltd.,Outdoor equipment and gear industry,Retail,Canada,North America,"1,951",0.00%,"1,951",0.00%,,,"1,363",588,,,2,976,0,"1,951",0.00%
Erbacher,Food industry,Food and Beverage,Germany,Europe,300,0.00%,300,0.00%,,,,,,300,0,300,300,0,100.00%
Erbsenzählerei Wien,Restaurant,Food and Beverage,Austria,Europe,15,0.00%,15,0.00%,,,,15,,,1,15,0,15,0.00%
Erdgas Südwest,Energy/Utilities,Energy/Mining/Utilities,Germany,Europe,"3,242",0.00%,"3,242",0.00%,,,"1,650","1,592",,,2,"1,621",0,"3,242",0.00%
ERGO,Insurance,Financial Services,Germany,Europe,"18,000",0.02%,0,0.00%,0,0,0,0,0,0,5,0,0,"18,000",0.00%
ERGO-FIT,"Ergonomics, Fitness Equipment",Healthcare/Pharmaceuticals,Germany,Europe,150,0.00%,150,0.00%,,,150,,,,1,150,0,150,0.00%
Erlebnis Akademie AG,Hospitality/Leisure/Entertainment,Entertainment/Media/Sports,Germany,Europe,200,0.00%,200,0.00%,,,200,,,,1,200,0,200,0.00%
ERM Europe Ltd,Consulting/Environmental Services,Construction/Engineering,United Kingdom,Europe,"1,306",0.00%,"1,306",0.00%,,,,,"1,306",,1,"1,306","1,306",0,100.00%
ErmstalEnergie,Energy,Energy/Mining/Utilities,Germany,Europe,260,0.00%,260,0.00%,,,,,,260,0,260,260,0,100.00%
Errepi,Manufacturing - Leather Goods,Apparel/Fashion,Italy,Europe,"5,900",0.01%,"5,900",0.01%,,,,,,"5,900",0,"5,900","5,900",0,100.00%
ERSTLING Lehr- und Lernmittel,Educational Supply Store,Retail,Germany,Europe,350,0.00%,350,0.00%,,,,,,350,0,350,350,0,100.00%
Erwin Hymer Group,Automotive/RV Manufacturing,Transportation/Logistics,Germany,Europe,"14,276",0.02%,"14,276",0.02%,,,"3,200","5,154","5,922",,3,"4,759","5,922","8,354",41.48%
Erzeuger-Verbraucher-Gemeinschaft eG,"Agriculture, Food & Beverage",Agriculture/Agribusiness/Resources,Germany,Europe,103,0.00%,103,0.00%,,,66,,37,,2,52,37,66,35.92%
ESC,Technology/Software,Technology/Telecommunications,Spain,Europe,975,0.00%,975,0.00%,,,,975,,,1,975,0,975,0.00%
Escaide,Software,Technology/Telecommunications,Spain,Europe,150,0.00%,150,0.00%,,,,,150,,1,150,150,0,100.00%
Escape Travel,Travel and Tourism,Travel & Tourism,Australia,Oceania,"1,680",0.00%,"1,680",0.00%,,,,"1,680",,,1,"1,680",0,"1,680",0.00%
esentri,Telecommunications,Technology/Telecommunications,Germany,Europe,357,0.00%,165,0.00%,,,,,,165,0,165,165,192,46.22%
ESG Congress,Events and Conferences,Others,Germany,Europe,33,0.00%,33,0.00%,,,,33,,,1,33,0,33,0.00%
Espria,IT Support,Technology/Telecommunications,United Kingdom,Europe,73,0.00%,73,0.00%,,,,,,73,0,73,73,0,100.00%
Essence,Construction and Project Management,Construction/Engineering,United States,North America,145,0.00%,145,0.00%,,,,,,145,0,145,145,0,100.00%
Essent,Energy/utility,Energy/Mining/Utilities,Netherlands,Europe,"68,186",0.09%,"39,260",0.06%,"16,166","8,163","9,800",,"5,131",,4,"9,815","5,131","63,055",7.53%
Est E Ban,Banking,Financial Services,United States,North America,24,0.00%,24,0.00%,,24,,,,,1,24,0,24,0.00%
Est e banOther,Financial Services,Financial Services,United States,North America,25,0.00%,25,0.00%,25,,,,,,1,25,0,25,0.00%
esure,Insurance,Financial Services,United Kingdom,Europe,200,0.00%,200,0.00%,,,,,200,,1,200,200,0,100.00%
ESWE,Electric Utility,Energy/Mining/Utilities,Sweden,Europe,"7,673",0.01%,"7,673",0.01%,"3,873",,,,"3,800",,2,"3,837","3,800","3,873",49.52%
ETC Group,Finance/Investment,Financial Services,Canada,North America,300,0.00%,300,0.00%,,,,,300,,1,300,300,0,100.00%
Etex,Building materials,Construction/Engineering,Belgium,Europe,708,0.00%,708,0.00%,,,55,,,653,1,354,653,55,92.23%
Ethical Corporation,"Business, Sustainability, Corporate Social Responsibility",Environmental & Sustainability Services,United Kingdom,Europe,35,0.00%,0,0.00%,0,0,0,0,0,0,5,0,0,35,0.00%
Etsy,E-commerce/Online Marketplace,Retail,United States,North America,"294,793",0.40%,"294,793",0.45%,,,"57,832",,,"236,961",1,"147,397","236,961","57,832",80.38%
EU Development,Government/Environmental Sector,Non-profit/Charity/Government/NGO,Belgium,Europe,"2,360",0.00%,"2,360",0.00%,,"2,360",,,,,1,"2,360",0,"2,360",0.00%
EUA,Energy and Utilities,Energy/Mining/Utilities,United Arab Emirates,Middle East,103,0.00%,103,0.00%,,,52,51,,,2,52,0,103,0.00%
EUIPO,Government,Non-profit/Charity/Government/NGO,Spain,Europe,"2,622",0.00%,"2,622",0.00%,,,,,,"2,622",0,"2,622","2,622",0,100.00%
EURid,Technology/Internet,Technology/Telecommunications,Belgium,Europe,300,0.00%,151,0.00%,,,,,151,,1,151,151,149,50.33%
Euro Food Brands Limited,Food & Beverage,Food and Beverage,United Kingdom,Europe,319,0.00%,319,0.00%,,,,,,319,0,319,319,0,100.00%
Eurobodalla Shire Council,Government,Non-profit/Charity/Government/NGO,Australia,Oceania,50,0.00%,0,0.00%,0,0,0,0,0,0,5,0,0,50,0.00%
Euroclear,Financial Services,Financial Services,Belgium,Europe,"6,393",0.01%,"6,393",0.01%,,,,,,"6,393",0,"6,393","6,393",0,100.00%
Eurofactor,Financial services/ banking sector,Financial Services,France,Europe,850,0.00%,850,0.00%,,,425,425,,,2,425,0,850,0.00%
Eurofins,Healthcare/Life Sciences,Healthcare/Pharmaceuticals,Luxembourg,Europe,"10,000",0.01%,"10,000",0.02%,,,,"10,000",,,1,"10,000",0,"10,000",0.00%
Eurogroup for Animals,Animal Welfare,Non-profit/Charity/Government/NGO,Belgium,Europe,10,0.00%,10,0.00%,,,,,10,,1,10,10,0,100.00%
EUROLUB,Automotive,Transportation/Logistics,Germany,Europe,"1,800",0.00%,"1,800",0.00%,,,"1,000",800,,,2,900,0,"1,800",0.00%
Euromiljø,Environmental services,Environmental & Sustainability Services,Norway,Europe,202,0.00%,0,0.00%,0,0,0,0,0,0,5,0,0,202,0.00%
Europamundo,Travel and Tourism,Travel & Tourism,Spain,Europe,800,0.00%,800,0.00%,,,,,,800,0,800,800,0,100.00%
Europaweekend,Travel,Travel & Tourism,Netherlands,Europe,26,0.00%,0,0.00%,0,0,0,0,0,0,5,0,0,26,0.00%
European Commission,Government/Environmental Sector,Non-profit/Charity/Government/NGO,Belgium,Europe,30,0.00%,30,0.00%,,,,20,,10,1,15,10,20,33.33%
European Environment Agency,Government/Environmental Sector,Non-profit/Charity/Government/NGO,Denmark,Europe,"4,562",0.01%,"3,072",0.00%,"1,108","1,520",402,,42,,4,768,42,"4,520",0.92%
European Investment Bank,Finance/Investment Banking,Financial Services,Luxembourg,Europe,"70,662",0.10%,"28,386",0.04%,"22,428",,"5,958",,,,2,"14,193",0,"70,662",0.00%
European Parliament,Government/Politics,Non-profit/Charity/Government/NGO,Belgium,Europe,"143,279",0.19%,"28,704",0.04%,75,62,"3,143","5,685","19,739",,5,"5,741","19,739","123,540",13.78%
European Parliament and European Central Bank,Government/Politics/Economics,Non-profit/Charity/Government/NGO,Belgium,Europe,"227,535",0.31%,"173,223",0.26%,"61,524","42,626","18,200",,"50,873",,4,"43,306","50,873","176,662",22.36%
European Society of Cardiology,Healthcare/medical sector,Healthcare/Pharmaceuticals,France,Europe,"2,097",0.00%,"2,097",0.00%,,,,"2,097",,,1,"2,097",0,"2,097",0.00%
European Tour Group,Sports and Entertainment,Entertainment/Media/Sports,United Kingdom,Europe,"4,006",0.01%,"4,006",0.01%,,,,,,"4,006",0,"4,006","4,006",0,100.00%
Europlace,Financial services,Financial Services,France,Europe,61,0.00%,0,0.00%,0,0,0,0,0,0,5,0,0,61,0.00%
Euroshell,Oil and Gas,Energy/Mining/Utilities,Germany,Europe,36,0.00%,36,0.00%,36,,,,,,1,36,0,36,0.00%
EuroTaller,Automotive Repair,Others,Spain,Europe,41,0.00%,14,0.00%,14,,,,,,1,14,0,41,0.00%
Euscher,Manufacturing,Manufacturing/Engineering,Germany,Europe,500,0.00%,500,0.00%,,,,500,,,1,500,0,500,0.00%
EV,Automotive sector,Transportation/Logistics,Germany,Europe,659,0.00%,659,0.00%,,,659,,,,1,659,0,659,0.00%
Evaneos,Travel and tourism,Travel & Tourism,France,Europe,"1,065",0.00%,"1,065",0.00%,,,,,"1,065",,1,"1,065","1,065",0,100.00%
Evangelischer Entwicklungsdienst E.V,Non-profit/NGO,Non-profit/Charity/Government/NGO,Germany,Europe,"15,569",0.02%,"2,000",0.00%,,,,,"2,000",,1,"2,000","2,000","13,569",12.85%
Evangelisches Werk,Non-profit/religious sector,Non-profit/Charity/Government/NGO,Germany,Europe,"8,523",0.01%,"1,770",0.00%,,,,,"1,770",,1,"1,770","1,770","6,753",20.77%
Evenlode,Investment Management,Financial Services,United Kingdom,Europe,35,0.00%,35,0.00%,,,,,35,,1,35,35,0,100.00%
Event Wine Solutions,Event Planning & Management,Others,United Kingdom,Europe,50,0.00%,50,0.00%,,,50,,,,1,50,0,50,0.00%
Everclime,Climate Technology,Technology/Telecommunications,United States,North America,50,0.00%,50,0.00%,,,,,50,,1,50,50,0,100.00%
Everflow,Technology,Technology/Telecommunications,United States,North America,"3,500",0.00%,"3,500",0.01%,,,,,,"3,500",0,"3,500","3,500",0,100.00%
Everybody Agency,Advertising/Marketing/PR,Advertising/Marketing/PR,United States,North America,100,0.00%,100,0.00%,,,,,100,,1,100,100,0,100.00%
Evian,Beverage industry,Food and Beverage,France,Europe,"44,146",0.06%,"10,158",0.02%,,"7,112","3,046",,,,2,"5,079",0,"44,146",0.00%
Evolu,Technology,Technology/Telecommunications,United States,North America,11,0.00%,11,0.00%,,,,,,11,0,11,11,0,100.00%
Evolution Markets,Finance/Investment Banking,Financial Services,United States,North America,273,0.00%,273,0.00%,,,,273,,,1,273,0,273,0.00%
EVORA,Investment Management,Financial Services,United Kingdom,Europe,21,0.00%,21,0.00%,,,,21,,,1,21,0,21,0.00%
EWDE e.V.,Non-profit/Charity,Non-profit/Charity/Government/NGO,Germany,Europe,"4,036",0.01%,"4,036",0.01%,,"4,036",,,,,1,"4,036",0,"4,036",0.00%
ewe,Agriculture/livestock industry,Agriculture/Agribusiness/Resources,Germany,Europe,623,0.00%,623,0.00%,,,623,,,,1,623,0,623,0.00%
Ewellix,Industrial Automation,Technology/Telecommunications,Sweden,Europe,363,0.00%,363,0.00%,,,363,,,,1,363,0,363,0.00%
EWII Energi A/S,Energy/utility sector,Energy/Mining/Utilities,Denmark,Europe,347,0.00%,347,0.00%,,,,,211,136,1,174,347,0,100.00%
Exaktapack,Manufacturing/Industrial Machinery,Construction/Engineering,Germany,Europe,131,0.00%,131,0.00%,,,131,,,,1,131,0,131,0.00%
Exalead,Information Technology,Technology/Telecommunications,France,Europe,388,0.00%,388,0.00%,,,,,,388,0,388,388,0,100.00%
Excel Digital Limited,Technology/Information Technology sector,Technology/Telecommunications,Bangladesh,Asia,579,0.00%,579,0.00%,,,199,,380,,2,290,380,199,65.63%
Exclusive Partners,Business Services,Consulting Services,United States,North America,143,0.00%,143,0.00%,,143,,,,,1,143,0,143,0.00%
Excluton,Software,Technology/Telecommunications,Netherlands,Europe,28,0.00%,28,0.00%,,,28,,,,1,28,0,28,0.00%
Exeter College Oxford,Education,Non-profit/Charity/Government/NGO,United Kingdom,Europe,304,0.00%,304,0.00%,,,183,121,,,2,152,0,304,0.00%
Exklusivvertrieb,Distribution,Transportation/Logistics,Germany,Europe,784,0.00%,784,0.00%,,,,,,784,0,784,784,0,100.00%
Expeditionsresor,Travel and Tourism,Travel & Tourism,Sweden,Europe,209,0.00%,209,0.00%,209,,,,,,1,209,0,209,0.00%
Explore,Technology/Electronics,Technology/Telecommunications,United States,North America,150,0.00%,150,0.00%,150,,,,,,1,150,0,150,0.00%
Explore Kumamoto,Tourism,Travel & Tourism,Japan,Asia,10,0.00%,10,0.00%,,,,,10,,1,10,10,0,100.00%
Expo Dubai 2020 LLC,Events and Tourism,Travel & Tourism,United Arab Emirates,Asia,"5,000",0.01%,"5,000",0.01%,,,,"5,000",,,1,"5,000",0,"5,000",0.00%
Expo Milano 2015,Events/Exhibitions/Travel & Tourism,Travel & Tourism,Italy,Europe,"211,201",0.28%,"125,993",0.19%,,"61,922","10,992","53,079",,,3,"41,998",0,"211,201",0.00%
ExxonMobil,Oil and Gas,Energy/Mining/Utilities,United States,North America,14,0.00%,14,0.00%,,,,,,14,0,14,14,0,100.00%
EY,Professional Services/Consulting,Consulting Services,United Kingdom,Europe,"439,324",0.59%,"439,324",0.67%,,"105,600",,"242,824",,"90,900",2,"146,441","90,900","348,424",20.69%
Eyes and Ears Limited,Media and Entertainment,Entertainment/Media/Sports,United Kingdom,Europe,"4,500",0.01%,"4,500",0.01%,,,,,,"4,500",0,"4,500","4,500",0,100.00%
Ezoic,Digital advertising and website optimization,Technology/Telecommunications,United States,North America,97,0.00%,97,0.00%,,,,97,,,1,97,0,97,0.00%
F.C. Nüdling,Construction and building materials,Construction/Engineering,Germany,Europe,150,0.00%,150,0.00%,,,,150,,,1,150,0,150,0.00%
F2Pool,Cryptocurrency/Blockchain,Technology/Telecommunications,China,Asia,"2,658",0.00%,"2,658",0.00%,,,"2,658",,,,1,"2,658",0,"2,658",0.00%
F64 Architekten,Architecture,Construction/Engineering,Germany,Europe,57,0.00%,57,0.00%,,,57,,,,1,57,0,57,0.00%
Fabege,Real Estate,Real Estate,Sweden,Europe,50,0.00%,50,0.00%,,,,,,50,0,50,50,0,100.00%
Fabian Gerlinghaus,Insurance,Financial Services,Germany,Europe,14,0.00%,14,0.00%,,14,,,,,1,14,0,14,0.00%
Fabworx,Manufacturing,Manufacturing/Engineering,United States,North America,35,0.00%,35,0.00%,,,,,,35,0,35,35,0,100.00%
Face the Future,Cosmetics/Beauty,Retail,United States,North America,122,0.00%,0,0.00%,0,0,0,0,0,0,5,0,0,122,0.00%
Fachhochschule Dortmund,Education,Others,Germany,Europe,50,0.00%,50,0.00%,,50,,,,,1,50,0,50,0.00%
Faculty Science Ltd,Education/Science & Technology,Technology/Telecommunications,United States,North America,"1,643",0.00%,"1,643",0.00%,,,,306,572,765,2,548,"1,337",306,81.38%
FADEL Transport and Logistics,Transportation and Logistics,Transportation/Logistics,Egypt,Africa,191,0.00%,191,0.00%,,,,,,191,0,191,191,0,100.00%
FAI rent-a-jet AG,Aviation/Aerospace,Transportation/Logistics,Switzerland,Europe,387,0.00%,0,0.00%,0,0,0,0,0,0,5,0,0,387,0.00%
Fair Finance,Financial services,Financial Services,United Kingdom,Europe,200,0.00%,200,0.00%,200,,,,,,1,200,0,200,0.00%
fair-finance,Finance,Financial Services,Austria,Europe,276,0.00%,276,0.00%,,,276,,,,1,276,0,276,0.00%
FairClimateFund,Financial Services,Financial Services,Netherlands,Europe,"120,494",0.16%,"120,494",0.18%,,,,,,"120,494",0,"120,494","120,494",0,100.00%
Fairfield Construction Limited,Construction,Construction/Engineering,United States,North America,20,0.00%,20,0.00%,,,,,,20,0,20,20,0,100.00%
Fairphone,Electronics,Technology/Telecommunications,Netherlands,Europe,"4,671",0.01%,"4,671",0.01%,,,,,,"4,671",0,"4,671","4,671",0,100.00%
Faktor 3E,Renewable energy,Energy/Mining/Utilities,Germany,Europe,97,0.00%,48,0.00%,24,,,,,24,1,24,24,73,24.74%
Falcon Edge Capital,Hedge Fund,Financial Services,United States,North America,85,0.00%,85,0.00%,,,85,,,,1,85,0,85,0.00%
Fält Communications AB,Marketing/Advertising/Communications,Advertising/Marketing/PR,Sweden,Europe,231,0.00%,231,0.00%,231,,,,,,1,231,0,231,0.00%
Falusan,Food and Beverage,Food and Beverage,Brazil,South America,21,0.00%,21,0.00%,,,,,21,,1,21,21,0,100.00%
Famba Gruppen,Real estate or property development sector,Construction/Engineering,Norway,Europe,205,0.00%,0,0.00%,0,0,0,0,0,0,5,0,0,205,0.00%
Family Reisen GmbH,Travel and Tourism,Travel & Tourism,Germany,Europe,"2,000",0.00%,"2,000",0.00%,,,,,"2,000",,1,"2,000","2,000",0,100.00%
Farmaè,Healthcare/Pharmaceuticals,Healthcare/Pharmaceuticals,Italy,Europe,285,0.00%,285,0.00%,,,,285,,,1,285,0,285,0.00%
Farmchamps,Agriculture,Agriculture/Agribusiness/Resources,Germany,Europe,200,0.00%,200,0.00%,,,,,,200,0,200,200,0,100.00%
Farmhouse Coffee,Food and Beverage,Food and Beverage,United States,North America,30,0.00%,30,0.00%,,,30,,,,1,30,0,30,0.00%
Farmland,Agriculture or Food & Beverage industry,Agriculture/Agribusiness/Resources,United States,North America,439,0.00%,439,0.00%,,,,439,,,1,439,0,439,0.00%
Farnborough Airport,Travel & Transportation,Transportation/Logistics,United Kingdom,Europe,417,0.00%,417,0.00%,,,,417,,,1,417,0,417,0.00%
Fast Forward Freight,Logistics/Transportation,Transportation/Logistics,United States,North America,"3,718",0.01%,"1,495",0.00%,,,,"1,495",,,1,"1,495",0,"3,718",0.00%
Fastighets AB FÃ¶rvaltaren,Real Estate,Construction/Engineering,Sweden,Europe,168,0.00%,168,0.00%,,,,,168,,1,168,168,0,100.00%
Fastweb,Telecommunications/Internet Service Provider,Technology/Telecommunications,Italy,Europe,"10,000",0.01%,"10,000",0.02%,,,"3,330","5,564","1,106",,3,"3,333","1,106","8,894",11.06%
FaSyl,IT,Technology/Telecommunications,South Africa,Africa,37,0.00%,37,0.00%,,37,,,,,1,37,0,37,0.00%
Fat Face,Retail/Apparel,Apparel/Fashion,United Kingdom,Europe,120,0.00%,120,0.00%,,,,120,,,1,120,0,120,0.00%
FAW/n,Research and Development,Technology/Telecommunications,Germany,Europe,35,0.00%,35,0.00%,20,,15,,,,2,18,0,35,0.00%
FBD Insurance,Insurance,Financial Services,Ireland,Europe,"4,765",0.01%,"4,765",0.01%,448,,397,,,"3,920",2,"1,588","3,920",845,82.27%
FC Bayern,Sports,Entertainment/Media/Sports,Germany,Europe,30,0.00%,30,0.00%,30,,,,,,1,30,0,30,0.00%
features and creatures,Marketing and Advertising,Advertising/Marketing/PR,Germany,Europe,74,0.00%,74,0.00%,,,,,34,40,1,37,74,0,100.00%
FedEx,Transportation and Logistics,Transportation/Logistics,United States,North America,114,0.00%,75,0.00%,,,,,,75,0,75,75,39,65.79%
FEDEXPORTER,Trade association,Non-profit/Charity/Government/NGO,Ecuador,South America,20,0.00%,20,0.00%,,,,,20,,1,20,20,0,100.00%
Fellowes,Office Supplies,Retail,United States,North America,900,0.00%,900,0.00%,,,,,,900,0,900,900,0,100.00%
Fenavi,Poultry industry,Agriculture/Agribusiness/Resources,Colombia,South America,22,0.00%,22,0.00%,,,,,,22,0,22,22,0,100.00%
FENOR,Pharmaceuticals,Healthcare/Pharmaceuticals,Germany,Europe,794,0.00%,794,0.00%,185,229,380,,,,3,265,0,794,0.00%
Fernwärmebezug,Energy,Energy/Mining/Utilities,Germany,Europe,51,0.00%,51,0.00%,,,,,,51,0,51,51,0,100.00%
Fernweh Studio,Photography Studio,Entertainment/Media/Sports,Germany,Europe,30,0.00%,30,0.00%,30,,,,,,1,30,0,30,0.00%
Fero Group,Construction and engineering sector,Construction/Engineering,Turkey,Asia,424,0.00%,424,0.00%,,,424,,,,1,424,0,424,0.00%
Festival,Entertainment,Entertainment/Media/Sports,Japan,Asia,57,0.00%,0,0.00%,0,0,0,0,0,0,5,0,0,57,0.00%
Festo,Industrial Automation,Technology/Telecommunications,Germany,Europe,"2,202",0.00%,"2,202",0.00%,,,,,293,"1,909",1,"1,101","2,202",0,100.00%
Feuerbestattungen Celle GmbH,Funeral services,Non-profit/Charity/Government/NGO,Germany,Europe,"2,442",0.00%,"2,343",0.00%,,,,"2,062",,281,1,"1,172",281,"2,161",11.51%
Fey & Kollegen,Law Firm,Consulting Services,Germany,Europe,28,0.00%,28,0.00%,,,,28,,,1,28,0,28,0.00%
Fey und Kollegen,Law Firm,Consulting Services,Germany,Europe,14,0.00%,0,0.00%,0,0,0,0,0,0,5,0,0,14,0.00%
Fianna,Apparel & Fashion,Apparel/Fashion,Ireland,Europe,103,0.00%,103,0.00%,,,,,,103,0,103,103,0,100.00%
Fibershed,Textile,Apparel/Fashion,United States,North America,100,0.00%,0,0.00%,0,0,0,0,0,0,5,0,0,100,0.00%
Fidelity,Insurance,Financial Services,United States,North America,79,0.00%,79,0.00%,,,,,,79,0,79,79,0,100.00%
Fidera Limited,Investment service,Financial Services,United Kingdom,Europe,374,0.00%,374,0.00%,,,,,,374,0,374,374,0,100.00%
Fieldfisher,Law firm,Consulting Services,Germany,Europe,99,0.00%,99,0.00%,,,,99,,,1,99,0,99,0.00%
FIFA,Sports/Entertainment,Entertainment/Media/Sports,Switzerland,Europe,"10,000",0.01%,0,0.00%,0,0,0,0,0,0,5,0,0,"10,000",0.00%
Figma,Technology/Software,Technology/Telecommunications,United States,North America,"5,213",0.01%,"5,213",0.01%,,,"3,313",909,991,,3,"1,738",991,"4,222",19.01%
FIM (Fédération Internationale de Motocyclisme),Sports/Recreation/Entertainment,Entertainment/Media/Sports,Switzerland,Europe,725,0.00%,640,0.00%,,,,450,190,,2,320,190,535,26.21%
Finavia,Travel & Transportation,Transportation/Logistics,Finland,Europe,"20,440",0.03%,"1,500",0.00%,,,,,,"1,500",0,"1,500","1,500","18,940",7.34%
Finca La Amistad,Hospitality,Travel & Tourism,Colombia,South America,14,0.00%,14,0.00%,,14,,,,,1,14,0,14,0.00%
Findwise,Software,Technology/Telecommunications,Sweden,Europe,93,0.00%,93,0.00%,93,,,,,,1,93,0,93,0.00%
Finity Consulting Pty Ltd,Consulting Services,Consulting Services,Australia,Oceania,900,0.00%,900,0.00%,,,250,250,,400,2,300,400,500,44.44%
FINN,Technology,Technology/Telecommunications,Finland,Europe,"2,000",0.00%,"2,000",0.00%,,,,,,"2,000",0,"2,000","2,000",0,100.00%
Finn Spring Oy,Beverage industry,Food and Beverage,Finland,Europe,"9,920",0.01%,"9,920",0.02%,"1,415","3,265",824,"2,947","1,341",128,5,"1,653","1,469","8,451",14.81%
Finnair,Airlines,Transportation/Logistics,Finland,Europe,"9,776",0.01%,"9,776",0.01%,,,,,,"9,776",0,"9,776","9,776",0,100.00%
Finnish National Agency for Education,Government/education sector,Non-profit/Charity/Government/NGO,Finland,Europe,492,0.00%,492,0.00%,,492,,,,,1,492,0,492,0.00%
FireServiceRota,Firefighting and emergency services,Others,Germany,Europe,315,0.00%,315,0.00%,,,,,,315,0,315,315,0,100.00%
FiRio,Financial Services,Financial Services,Germany,Europe,10,0.00%,10,0.00%,,,10,,,,1,10,0,10,0.00%
First Climate,Environmental Services,Environmental & Sustainability Services,Germany,Europe,200,0.00%,200,0.00%,,,,,200,,1,200,200,0,100.00%
First Energy,Energy,Energy/Mining/Utilities,Germany,Europe,28,0.00%,28,0.00%,,,,28,,,1,28,0,28,0.00%
First Focus IT,Information Technology,Technology/Telecommunications,Australia.,Oceania,260,0.00%,260,0.00%,,,,,,260,0,260,260,0,100.00%
Fishpools,Furniture and Home Furnishings,Retail,United Kingdom,Europe,253,0.00%,253,0.00%,,,,,,253,0,253,253,0,100.00%
Fishtek,Technology,Technology/Telecommunications,United Kingdom,Europe,131,0.00%,131,0.00%,,,,88,43,,2,66,43,88,32.82%
Fiskesekretariatet,Government,Non-profit/Charity/Government/NGO,Norway,Europe,86,0.00%,86,0.00%,86,,,,,,1,86,0,86,0.00%
Fitch,Financial Services,Financial Services,United States,North America,174,0.00%,174,0.00%,,,,,,174,0,174,174,0,100.00%
Fitch Group,Financial Services,Financial Services,United States,North America,200,0.00%,200,0.00%,,,,,,200,0,200,200,0,100.00%
Fitness Hannover-Südstadt GmbH,Fitness,Healthcare/Pharmaceuticals,Germany,Europe,25,0.00%,25,0.00%,,,,,,25,0,25,25,0,100.00%
FITT S.p.A,Industrial & Houshold,Others,Italy,Europe,861,0.00%,861,0.00%,,,,861,,,1,861,0,861,0.00%
Fitzgerald,Law firm,Consulting Services,United States,North America,11,0.00%,11,0.00%,,,11,,,,1,11,0,11,0.00%
Fitzwilliam College,Education,Others,United Kingdom,Europe,"1,598",0.00%,"1,598",0.00%,,,,,,"1,598",0,"1,598","1,598",0,100.00%
FIVV,Financial Services,Financial Services,Germany,Europe,258,0.00%,172,0.00%,,,172,,,,1,172,0,258,0.00%
Fix Auto,Automotive Repair and Maintenance,Transportation/Logistics,Canada,North America,294,0.00%,294,0.00%,,,294,,,,1,294,0,294,0.00%
FIX SCR,Construction,Construction/Engineering,Poland,Europe,21,0.00%,21,0.00%,,,,,21,,1,21,21,0,100.00%
Fläkt Group,Industrial Manufacturing,Construction/Engineering,Sweden,Europe,"1,091",0.00%,"1,091",0.00%,,,"1,091",,,,1,"1,091",0,"1,091",0.00%
Flatdogs,Hospitality/Travel/Tourism,Travel & Tourism,Zambia,Africa,264,0.00%,264,0.00%,264,,,,,,1,264,0,264,0.00%
Flavourworks,Food and Beverage,Food and Beverage,United Kingdom,Europe,433,0.00%,433,0.00%,,144,,289,,,2,217,0,433,0.00%
Fleet Alliance,Automotive - Fleet Management,Transportation/Logistics,United Kingdom,Europe,10,0.00%,10,0.00%,,,,,,10,0,10,10,0,100.00%
Fleetcor,Financial Services,Financial Services,United States,North America,"161,056",0.22%,"161,056",0.25%,,,,,,"161,056",0,"161,056","161,056",0,100.00%
FleetPartners,Financial Services,Financial Services,Nigeria,Africa,163,0.00%,163,0.00%,,,,,,163,0,163,163,0,100.00%
Flexjet,Aviation/Aerospace,Transportation/Logistics,United States,North America,"5,705",0.01%,"5,705",0.01%,,,"2,878",,"2,827",,2,"2,853","2,827","2,878",49.55%
Flight Assist NW,Travel/Aviation,Transportation/Logistics,United States,North America,881,0.00%,881,0.00%,,,881,,,,1,881,0,881,0.00%
Flight Centre,Travel and Tourism,Travel & Tourism,Australia,Oceania,967,0.00%,967,0.00%,,,766,,201,,2,484,201,766,20.79%
Flogas,Energy,Energy/Mining/Utilities,Ireland,Europe,33,0.00%,33,0.00%,33,,,,,,1,33,0,33,0.00%
Flokk,Furniture or office supplies industry,Retail,Norway,Europe,180,0.00%,180,0.00%,,,180,,,,1,180,0,180,0.00%
Flow Festival,Entertainment/Events/Festivals,Entertainment/Media/Sports,Finland,Europe,398,0.00%,0,0.00%,0,0,0,0,0,0,5,0,0,398,0.00%
Flow Water Inc.,Beverage industry,Food and Beverage,Canada,North America,422,0.00%,422,0.00%,,422,,,,,1,422,0,422,0.00%
Flowbird,Transportation,Transportation/Logistics,France,Europe,47,0.00%,47,0.00%,,,,,,47,0,47,47,0,100.00%
Flowe,Floral retail industry,Retail,Netherlands,Europe,100,0.00%,100,0.00%,,,,,,100,0,100,100,0,100.00%
Flowster,Financial Technology (FinTech),Technology/Telecommunications,Sweden,Europe,11,0.00%,11,0.00%,,11,,,,,1,11,0,11,0.00%
Fluf,Retail/Consumer Goods,Retail,Canada,North America,200,0.00%,200,0.00%,,,,,200,,1,200,200,0,100.00%
Fly Victor Ltd,Travel and Aviation,Transportation/Logistics,United Kingdom,Europe,"2,000",0.00%,"2,000",0.00%,,"2,000",,,,,1,"2,000",0,"2,000",0.00%
Flyeralarm,Printing and marketing industry,Advertising/Marketing/PR,Germany,Europe,"3,000",0.00%,0,0.00%,0,0,0,0,0,0,5,0,0,"3,000",0.00%
FlyGRN,Travel and tourism,Travel & Tourism,Netherlands,Europe,"1,348",0.00%,"1,348",0.00%,752,578,18,,,,3,449,0,"1,348",0.00%
FMH Conveyors,Manufacturing,Manufacturing/Engineering,United Kingdom,Europe,96,0.00%,96,0.00%,,,,96,,,1,96,0,96,0.00%
Folksam,Insurance,Financial Services,Sweden,Europe,"27,921",0.04%,"27,921",0.04%,"15,262","9,772",,"2,887",,,3,"9,307",0,"27,921",0.00%
Fonecta,Telecommunications,Technology/Telecommunications,Finland,Europe,17,0.00%,17,0.00%,,,17,,,,1,17,0,17,0.00%
Fontaine,Construction and Engineering,Construction/Engineering,France,Europe,"1,113",0.00%,"1,113",0.00%,,,,,,"1,113",0,"1,113","1,113",0,100.00%
Fonterra,Food and Beverage,Food and Beverage,New Zealand,Oceania,476,0.00%,476,0.00%,,,,,,476,0,476,476,0,100.00%
Fonus,Telecommunications,Technology/Telecommunications,United States,North America,"2,701",0.00%,"2,701",0.00%,"1,749",505,,447,,,3,900,0,"2,701",0.00%
food family,Food & Beverage,Food and Beverage,United States,North America,343,0.00%,343,0.00%,,,,,,343,0,343,343,0,100.00%
Food Stories Travel,Food and Beverage,Food and Beverage,India,Asia,628,0.00%,628,0.00%,,,,,628,,1,628,628,0,100.00%
Foodforplanet,Food and Beverage,Food and Beverage,United States,North America,"10,443",0.01%,"10,443",0.02%,,,,,,"10,443",0,"10,443","10,443",0,100.00%
foodpanda,Food & Beverage/Technology,Food and Beverage,Germany,Europe,366,0.00%,366,0.00%,,,366,,,,1,366,0,366,0.00%
FoodTankers,Food Delivery,Food and Beverage,United States,North America,111,0.00%,111,0.00%,,17,,22,72,,3,37,72,39,64.86%
Foot Science,Footwear,Apparel/Fashion,New Zealand,Oceania,123,0.00%,123,0.00%,,,,,,123,0,123,123,0,100.00%
Ford,Automotive,Transportation/Logistics,United States,North America,256,0.00%,256,0.00%,,,,,,256,0,256,256,0,100.00%
"Foreign, Commonwealth and Development Office",Government,Non-profit/Charity/Government/NGO,United Kingdom,Europe,83,0.00%,83,0.00%,,,,,83,,1,83,83,0,100.00%
Foresters,Insurance,Financial Services,Canada,North America,105,0.00%,105,0.00%,,,,,,105,0,105,105,0,100.00%
Forética,Nonprofit Organization,Non-profit/Charity/Government/NGO,Spain,Europe,50,0.00%,50,0.00%,,,,,,50,0,50,50,0,100.00%
FORLIANCE,Marketing and Advertising,Advertising/Marketing/PR,United States,North America,206,0.00%,206,0.00%,,,206,,,,1,206,0,206,0.00%
Form3,Technology/Software,Technology/Telecommunications,United States,North America,"1,187",0.00%,"1,187",0.00%,,,,,747,440,1,594,"1,187",0,100.00%
Formula Botanica,Education,Others,United Kingdom,Europe,20,0.00%,20,0.00%,,,,,,20,0,20,20,0,100.00%
Fortem,Defense and security industry,Non-profit/Charity/Government/NGO,United States,North America,"10,560",0.01%,"7,260",0.01%,,,,,"3,260","4,000",1,"3,630","7,260","3,300",68.75%
Fortitude Investment Partners,Investment Management,Financial Services,United States,North America,98,0.00%,98,0.00%,,,,,98,,1,98,98,0,100.00%
Forto,Food and Beverage,Food and Beverage,Germany,Europe,724,0.00%,724,0.00%,,,383,341,,,2,362,0,724,0.00%
Forto Logistics,Logistics and transportation sector,Transportation/Logistics,Germany,Europe,"20,531",0.03%,"20,531",0.03%,,,,,"1,682","18,849",1,"10,266","20,531",0,100.00%
Fortum,Energy & Utilities,Energy/Mining/Utilities,Finland,Europe,"40,100",0.05%,"15,000",0.02%,,"15,000",,,,,1,"15,000",0,"40,100",0.00%
Forum for Sustainability through Life Cycle Innovation e.V.,Non-profit organization,Non-profit/Charity/Government/NGO,Germany,Europe,10,0.00%,10,0.00%,,,,,,10,0,10,10,0,100.00%
Forum Odpowiedzialnego Biznesu,Non-profit organization,Non-profit/Charity/Government/NGO,Poland,Europe,10,0.00%,0,0.00%,0,0,0,0,0,0,5,0,0,10,0.00%
Foster,Beverage industry,Food and Beverage,United States,North America,"1,252",0.00%,"1,252",0.00%,,"1,252",,,,,1,"1,252",0,"1,252",0.00%
Foster Construction Group,Construction,Construction/Engineering,United States,North America,531,0.00%,531,0.00%,,,,,,531,0,531,531,0,100.00%
"Foundation ""Zukunft des Kohlenstoffmarktes""",Environmental/Carbon Market Sector,Energy/Mining/Utilities,Germany,Europe,"25,420",0.03%,0,0.00%,0,0,0,0,0,0,5,0,0,"25,420",0.00%
Four Fin Creative,Marketing and Advertising,Advertising/Marketing/PR,United States,North America,10,0.00%,10,0.00%,,,10,,,,1,10,0,10,0.00%
Fox Williams,Law/Legal Services,Consulting Services,United Kingdom,Europe,100,0.00%,100,0.00%,,,,,,100,0,100,100,0,100.00%
Foxes,Real Estate,Real Estate,United States,North America,"1,063",0.00%,"1,063",0.00%,,,,,,"1,063",0,"1,063","1,063",0,100.00%
FragranceBuy,Fragrance - Retail,Retail,Canada,North America,"1,738",0.00%,"1,738",0.00%,,,,,,"1,738",0,"1,738","1,738",0,100.00%
Fraktio,Information technology,Technology/Telecommunications,Finland,Europe,150,0.00%,150,0.00%,,,,,,150,0,150,150,0,100.00%
Fraktkompaniet,Logistics/Transportation,Transportation/Logistics,Sweden,Europe,400,0.00%,400,0.00%,,400,,,,,1,400,0,400,0.00%
Fraktus AB,Technology,Technology/Telecommunications,Germany,Europe,"2,621",0.00%,"2,621",0.00%,,,,887,"1,414",320,2,874,"1,734",887,66.16%
Framhaldsskólinn,Education,Others,Iceland,Europe,12,0.00%,12,0.00%,,,,,,12,0,12,12,0,100.00%
Frank Dandy,Clothing Retail,Retail,Sweden,Europe,65,0.00%,65,0.00%,,,,65,,,1,65,0,65,0.00%
Frank Druck,Printing and Publishing,Others,Germany,Europe,264,0.00%,0,0.00%,0,0,0,0,0,0,5,0,0,264,0.00%
Frank Lampen Distill Ventures,Alcoholic Beverages,Food and Beverage,United States,North America,34,0.00%,34,0.00%,,,,,34,,1,34,34,0,100.00%
Frankenbach,Automotive industry,Manufacturing/Engineering,Germany,Europe,"50,000",0.07%,"50,000",0.08%,,,,,,"50,000",0,"50,000","50,000",0,100.00%
FRANZ CARL NÜDLING,Luxury fashion or accessories,Apparel/Fashion,Germany,Europe,"1,800",0.00%,"1,800",0.00%,,,,"1,800",,,1,"1,800",0,"1,800",0.00%
Fraser Thomas Limited,Engineering/Consulting,Construction/Engineering,New Zealand,Oceania,200,0.00%,200,0.00%,,,,,200,,1,200,200,0,100.00%
Fraunhofer,Research and Development,Consulting Services,Germany,Europe,"16,316",0.02%,"16,316",0.02%,,,,,,"16,316",0,"16,316","16,316",0,100.00%
Freepoint,Finance or Energy Trading,Energy/Mining/Utilities,United States,North America,"1,901",0.00%,"1,901",0.00%,,,641,,"1,260",,2,951,"1,260",641,66.28%
Freitag,Circular economy upcycler,Environmental & Sustainability Services,Switzerland,Europe,302,0.00%,0,0.00%,0,0,0,0,0,0,5,0,0,302,0.00%
Freshpet,Consumer Goods/ Pet Care,Agriculture/Agribusiness/Resources,United States,North America,"74,631",0.10%,"74,631",0.11%,,,"5,400","15,731","31,000","22,500",3,"18,658","53,500","21,131",71.69%
Fressko,Food and Beverage,Food and Beverage,Germany,Europe,38,0.00%,38,0.00%,,,,,38,,1,38,38,0,100.00%
Fridholm & Partners,Marketing and Communications,Advertising/Marketing/PR,Sweden,Europe,42,0.00%,42,0.00%,,,42,,,,1,42,0,42,0.00%
Friedrich Scharr KG,Manufacturing/Industrial Sector,Construction/Engineering,Germany,Europe,"1,200",0.00%,"1,200",0.00%,,,,,"1,200",,1,"1,200","1,200",0,100.00%
Friends of the Earth,Environmental/Non-profit sector,Non-profit/Charity/Government/NGO,United Kingdom,Europe,180,0.00%,180,0.00%,,180,,,,,1,180,0,180,0.00%
Frobishers,Food and Beverage,Food and Beverage,United Kingdom,Europe,75,0.00%,75,0.00%,,,,75,,,1,75,0,75,0.00%
Frontier Economics,Consulting/Economics,Consulting Services,United Kingdom,Europe,"5,627",0.01%,"5,627",0.01%,610,506,"1,876",654,654,"1,327",5,938,"1,981","3,646",35.21%
FSI Group,Financial Services,Financial Services,United States,North America,"2,944",0.00%,"2,944",0.00%,,,,,"2,944",,1,"2,944","2,944",0,100.00%
FTA Food Solutions Pty Ltd,Food and beverage industry,Food and Beverage,Australia,Oceania,117,0.00%,117,0.00%,,,117,,,,1,117,0,117,0.00%
FUCHS,Automotive lubricants industry,Energy/Mining/Utilities,Germany,Europe,"25,711",0.03%,"25,711",0.04%,,,,"7,729","17,982",,2,"12,856","17,982","7,729",69.94%
Fuel Trading Company Ltd,Energy/Commodities Trading,Energy/Mining/Utilities,United Arab Emirates,Asia,"2,000",0.00%,"2,000",0.00%,,"2,000",,,,,1,"2,000",0,"2,000",0.00%
Fuji,Technology/Electronics,Technology/Telecommunications,Japan,Asia,"11,904",0.02%,0,0.00%,0,0,0,0,0,0,5,0,0,"11,904",0.00%
Fujitsu,Technology/Information Technology,Technology/Telecommunications,Japan,Asia,"1,673",0.00%,"1,673",0.00%,,561,393,283,370,66,4,335,436,"1,237",26.06%
Full Time Construction,Construction,Construction/Engineering,United States,North America,128,0.00%,128,0.00%,,,,,,128,0,128,128,0,100.00%
Fundamental VR,Virtual Reality Technology,Technology/Telecommunications,United Kingdom,Europe,270,0.00%,270,0.00%,,,,,,270,0,270,270,0,100.00%
FundApps,Financial Services,Financial Services,United Kingdom,Europe,838,0.00%,838,0.00%,,,,,,838,0,838,838,0,100.00%
Funding Circle,Financial Services/FinTech,Financial Services,United Kingdom,Europe,350,0.00%,350,0.00%,,,,350,,,1,350,0,350,0.00%
Fungi Perfecti,Agriculture/Health and Wellness,Healthcare/Pharmaceuticals,United States,North America,500,0.00%,500,0.00%,,,500,,,,1,500,0,500,0.00%
Furthr,Marketing and advertising sector,Advertising/Marketing/PR,United States,North America,"8,896",0.01%,"8,896",0.01%,,,,,292,"8,604",1,"4,448","8,896",0,100.00%
Futterhaus,Pet Supplies,Retail,Germany,Europe,41,0.00%,0,0.00%,0,0,0,0,0,0,5,0,0,41,0.00%
Futurasun,Solar energy sector,Energy/Mining/Utilities,Italy,Europe,"1,112",0.00%,"1,112",0.00%,,,,,312,800,1,556,"1,112",0,100.00%
Future Eco Surf School,Recreation and Leisure,Entertainment/Media/Sports,Portugal,Europe,21,0.00%,21,0.00%,,,21,,,,1,21,0,21,0.00%
FutureCamp,Education,Others,Germany,Europe,27,0.00%,27,0.00%,27,,,,,,1,27,0,27,0.00%
G-Research,Finance/Technology,Technology/Telecommunications,United Kingdom,Europe,"1,127",0.00%,"1,127",0.00%,,,"1,127",,,,1,"1,127",0,"1,127",0.00%
G.P. Van Lanschot,Financial Services,Financial Services,Netherlands,Europe,32,0.00%,32,0.00%,,,,10,22,,2,16,22,10,68.75%
G&G Safaris Limited,Travel and Tourism,Travel & Tourism,Kenya,Africa,"2,108",0.00%,"2,108",0.00%,,750,,560,583,215,3,527,798,"1,310",37.86%
GA Wedding,Wedding services,Retail,United States,North America,22,0.00%,22,0.00%,,,,,,22,0,22,22,0,100.00%
GAC,Retail,Retail,Colombia,South America,233,0.00%,154,0.00%,41,32,40,,41,,4,39,41,192,17.60%
GAC Motors,Automotive sector,Transportation/Logistics,China,Asia,578,0.00%,578,0.00%,578,,,,,,1,578,0,578,0.00%
GAIA,Health and wellness,Healthcare/Pharmaceuticals,United States,North America,132,0.00%,0,0.00%,0,0,0,0,0,0,5,0,0,132,0.00%
Gaia Consulting,Management Consulting,Consulting Services,United Kingdom,Europe,146,0.00%,146,0.00%,,,,,72,74,1,73,146,0,100.00%
GAIA CONSULTING OY,Consulting Services,Consulting Services,Finland,Europe,162,0.00%,162,0.00%,162,,,,,,1,162,0,162,0.00%
Gaiger Brothers Ltd,Construction and engineering sector,Construction/Engineering,United Kingdom,Europe,651,0.00%,651,0.00%,,,651,,,,1,651,0,651,0.00%
Galileo Green Energy,Energy,Energy/Mining/Utilities,United States,North America,120,0.00%,120,0.00%,,,,,,120,0,120,120,0,100.00%
Gallus,Fashion/Apparel,Apparel/Fashion,Italy,Europe,"1,216",0.00%,"1,216",0.00%,,,,,"1,216",,1,"1,216","1,216",0,100.00%
Galp,Energy & Utilities,Energy/Mining/Utilities,Portugal,Europe,200,0.00%,200,0.00%,,,,,200,,1,200,200,0,100.00%
Game Rangers International,Nonprofit/Conservation,Non-profit/Charity/Government/NGO,Zambia,Africa,278,0.00%,278,0.00%,,130,148,,,,2,139,0,278,0.00%
Games Workshop,Consumer Cyclical,Retail,United Kingdom,Europe,631,0.00%,631,0.00%,,,,,,631,0,631,631,0,100.00%
GANNI,Fashion,Apparel/Fashion,Denmark,Europe,18,0.00%,18,0.00%,,,18,,,,1,18,0,18,0.00%
Garbergs Kommunikation,Marketing and Advertising,Advertising/Marketing/PR,Sweden,Europe,70,0.00%,70,0.00%,,,,70,,,1,70,0,70,0.00%
Garden Cycles,Garden and outdoor equipment or gardening industry,Retail,United States,North America,472,0.00%,222,0.00%,222,,,,,,1,222,0,472,0.00%
Gardner,Real Estate,Real Estate,United States,North America,274,0.00%,274,0.00%,,,,,,274,0,274,274,0,100.00%
Garrison,Technology,Technology/Telecommunications,United States,North America,82,0.00%,82,0.00%,,,,,,82,0,82,82,0,100.00%
Garrison Technology,Technology,Technology/Telecommunications,United Kingdom,Europe,92,0.00%,92,0.00%,,,,,92,,1,92,92,0,100.00%
Gasflaschenwerk GrÃ¼nhain,Manufacturing/Industrial Goods,Construction/Engineering,Germany,Europe,700,0.00%,700,0.00%,700,,,,,,1,700,0,700,0.00%
Gasversorgung SÃ¼ddeutschland GmbH,Energy/Utilities,Energy/Mining/Utilities,Germany,Europe,590,0.00%,590,0.00%,,,,,590,,1,590,590,0,100.00%
Gattaca,Technology/Science Fiction,Technology/Telecommunications,United States,North America,"1,428",0.00%,"1,428",0.00%,,,,,375,"1,053",1,714,"1,428",0,100.00%
Gautier Mückstein Getränke,Beverage,Food and Beverage,Austria,Europe,100,0.00%,0,0.00%,0,0,0,0,0,0,5,0,0,100,0.00%
Gaz Vitale,Health and wellness industry,Healthcare/Pharmaceuticals,Italy,Europe,"115,943",0.16%,"13,609",0.02%,,,,,"13,609",,1,"13,609","13,609","102,334",11.74%
Gazprom,Energy/Utilities,Energy/Mining/Utilities,Russia,Europe,"24,632",0.03%,"24,632",0.04%,,,"24,632",,,,1,"24,632",0,"24,632",0.00%
GB Foods,Food and Beverage,Food and Beverage,Spain,Europe,162,0.00%,162,0.00%,,,,162,,,1,162,0,162,0.00%
GDG Gerstebau,Construction,Construction/Engineering,Germany,Europe,65,0.00%,65,0.00%,,,,,65,,1,65,65,0,100.00%
Ge Effektivt,Non-profit/NGO,Non-profit/Charity/Government/NGO,Sweden,Europe,221,0.00%,221,0.00%,,,145,76,,,2,111,0,221,0.00%
Gebr. Janssen,Pharmaceuticals,Healthcare/Pharmaceuticals,Netherlands,Europe,24,0.00%,0,0.00%,0,0,0,0,0,0,5,0,0,24,0.00%
Gebr. Schütt KG,Manufacturing/Construction,Construction/Engineering,Germany,Europe,638,0.00%,638,0.00%,,,,,638,,1,638,638,0,100.00%
Geckota,Watch and accessories industry,Retail,United Kingdom,Europe,238,0.00%,238,0.00%,,,,238,,,1,238,0,238,0.00%
GEDA LABELS,Label Manufacturing,Manufacturing/Engineering,Germany,Europe,44,0.00%,44,0.00%,,,,,44,,1,44,44,0,100.00%
Gehl,Architecture and Urban Design,Construction/Engineering,Denmark,Europe,133,0.00%,133,0.00%,,,,,,133,0,133,133,0,100.00%
Gemeente Roermond,Government/Local Government,Non-profit/Charity/Government/NGO,Netherlands,Europe,"2,295",0.00%,"2,295",0.00%,,604,459,"1,232",,,3,765,0,"2,295",0.00%
Gemeente Venlo,Government/Local Government,Non-profit/Charity/Government/NGO,Netherlands,Europe,"13,204",0.02%,"13,204",0.02%,,"2,852","2,183","6,957","1,212",,4,"3,301","1,212","11,992",9.18%
Gemeenten Collectief West-Brabant,Government/Local Government,Non-profit/Charity/Government/NGO,Netherlands,Europe,"9,646",0.01%,0,0.00%,0,0,0,0,0,0,5,0,0,"9,646",0.00%
Gemini,Technology/Finance/Blockchain,Technology/Telecommunications,United States,North America,573,0.00%,573,0.00%,,,573,,,,1,573,0,573,0.00%
GEMM,Energy,Energy/Mining/Utilities,United States,North America,54,0.00%,54,0.00%,,,,,,54,0,54,54,0,100.00%
Gemma International Group LLC,Renewable Energy,Energy/Mining/Utilities,United States,North America,14,0.00%,14,0.00%,,,14,,,,1,14,0,14,0.00%
Gemüsekiste,Food and Agriculture,Agriculture/Agribusiness/Resources,Germany,Europe,424,0.00%,424,0.00%,,212,212,,,,2,212,0,424,0.00%
Gemüsekiste Hartmann u. Rönicke OHG,Agriculture/Food & Beverage,Food and Beverage,Germany,Europe,682,0.00%,682,0.00%,,,,306,376,,2,341,376,306,55.13%
Gen IM,Technology/Software,Technology/Telecommunications,United States,North America,373,0.00%,0,0.00%,0,0,0,0,0,0,5,0,0,373,0.00%
General Cinema,Entertainment,Entertainment/Media/Sports,United States,North America,60,0.00%,0,0.00%,0,0,0,0,0,0,5,0,0,60,0.00%
General Motors,Automotive,Transportation/Logistics,United States,North America,"1,700",0.00%,"1,700",0.00%,,,,"1,700",,,1,"1,700",0,"1,700",0.00%
Generation,Fashion/Apparel,Apparel/Fashion,United States,North America,373,0.00%,373,0.00%,373,,,,,,1,373,0,373,0.00%
Generation Investment Management,Finance & Investment,Financial Services,United Kingdom,Europe,"13,899",0.02%,"13,899",0.02%,,"5,220","3,374","3,844","1,461",,4,"3,475","1,461","12,438",10.51%
Genesis,Automotive,Transportation/Logistics,South Korea,Asia,716,0.00%,0,0.00%,0,0,0,0,0,0,5,0,0,716,0.00%
Genesis Energy Limited,Energy sector,Energy/Mining/Utilities,New Zealand,Oceania,"4,182",0.01%,"2,182",0.00%,,,"2,182",,,,1,"2,182",0,"4,182",0.00%
GENUA,Healthcare,Healthcare/Pharmaceuticals,United States,North America,529,0.00%,529,0.00%,,,529,,,,1,529,0,529,0.00%
Geo Salmo,Seafood,Food and Beverage,Iceland,Europe,12,0.00%,12,0.00%,,,,12,,,1,12,0,12,0.00%
Geodis,Logistics,Transportation/Logistics,France,Europe,10,0.00%,10,0.00%,,,,,,10,0,10,10,0,100.00%
Georg Jensen,Retail - Apparel & Accessories,Apparel/Fashion,Denmark,Europe,20,0.00%,20,0.00%,,,,,,20,0,20,20,0,100.00%
German Printing and Media Industries Federation (bvdm),Printing and Media Industry,Entertainment/Media/Sports,Germany,Europe,375,0.00%,0,0.00%,0,0,0,0,0,0,5,0,0,375,0.00%
Gertrudenhof,Agriculture/Farming,Agriculture/Agribusiness/Resources,Germany,Europe,126,0.00%,126,0.00%,,126,,,,,1,126,0,126,0.00%
GES,Printing and Media Industry,Entertainment/Media/Sports,United States,North America,"3,624",0.00%,"3,624",0.01%,,,"3,624",,,,1,"3,624",0,"3,624",0.00%
GetGreen,Environmental Sustainability,Environmental & Sustainability Services,United States,North America,85,0.00%,85,0.00%,,,85,,,,1,85,0,85,0.00%
Getinge,Medical Devices,Healthcare/Pharmaceuticals,Sweden,Europe,80,0.00%,80,0.00%,80,,,,,,1,80,0,80,0.00%
Getronics,Information Technology,Technology/Telecommunications,Netherlands,Europe,678,0.00%,678,0.00%,,,,,,678,0,678,678,0,100.00%
GGRE,Real Estate,Real Estate,Malaysia,Asia,19,0.00%,19,0.00%,,,,,,19,0,19,19,0,100.00%
GHD Limited,Engineering Company,Construction/Engineering,Australia,Oceania,"2,623",0.00%,"2,623",0.00%,,,239,,317,"2,067",2,874,"2,384",239,90.89%
"GHGSat Incorporated, WAN HAI LINES","GHGSat Incorporated: Aerospace & Defense
WAN HAI LINES (SINGAPORE) PTE LTD: Transportation & Logistics",Technology/Telecommunications,Canada,North America,100,0.00%,100,0.00%,,,,,,100,0,100,100,0,100.00%
Giada,Hospitality,Travel & Tourism,Costa Rica,North America,142,0.00%,91,0.00%,,,52,,39,,2,46,39,103,27.46%
GIB,Technology/Information Technology,Technology/Telecommunications,United States,North America,548,0.00%,0,0.00%,0,0,0,0,0,0,5,0,0,548,0.00%
GIM International,Printing and Media Industry,Entertainment/Media/Sports,Netherlands,Europe,373,0.00%,0,0.00%,0,0,0,0,0,0,5,0,0,373,0.00%
Girl Effect Ltd,Non-profit/NGO,Non-profit/Charity/Government/NGO,United Kingdom,Europe,"1,403",0.00%,0,0.00%,0,0,0,0,0,0,5,0,0,"1,403",0.00%
GitLab,Technology - Software,Technology/Telecommunications,United States,North America,"2,020",0.00%,"2,020",0.00%,,,,,,"2,020",0,"2,020","2,020",0,100.00%
Giuliani,Fashion or luxury goods,Apparel/Fashion,Italy,Europe,182,0.00%,182,0.00%,,,,,182,,1,182,182,0,100.00%
Give,Technology,Technology/Telecommunications,United States,North America,129,0.00%,129,0.00%,,,,,,129,0,129,129,0,100.00%
GIZ,International Development,Non-profit/Charity/Government/NGO,Germany,Europe,134,0.00%,134,0.00%,,,89,45,,,2,67,0,134,0.00%
Gladstone MRM Ltd,Mining and Metals,Energy/Mining/Utilities,Australia,Oceania,350,0.00%,350,0.00%,,,,,,350,0,350,350,0,100.00%
Glamox Group,Lighting and electrical equipment industry,Construction/Engineering,Norway,Europe,544,0.00%,544,0.00%,,,544,,,,1,544,0,544,0.00%
Glasbau Wiedemann,Construction,Construction/Engineering,Germany,Europe,20,0.00%,20,0.00%,,,20,,,,1,20,0,20,0.00%
Glasgow Airport,Travel and Transportation,Travel & Tourism,United Kingdom,Europe,"11,627",0.02%,"11,627",0.02%,"2,975","2,830","2,944","2,878",,,4,"2,907",0,"11,627",0.00%
Glasstap,Glassware,Retail,Germany,Europe,20,0.00%,20,0.00%,,,20,,,,1,20,0,20,0.00%
Glebe Cottage,Hospitality,Travel & Tourism,United Kingdom,Europe,113,0.00%,103,0.00%,20,30,20,10,,23,4,21,23,90,20.35%
Glendower,Finance,Financial Services,United States,North America,132,0.00%,132,0.00%,,,,,,132,0,132,132,0,100.00%
Glenhawk,Financial Services,Financial Services,United Kingdom,Europe,122,0.00%,122,0.00%,,,30,,,92,1,61,92,30,75.41%
Global Alliance for Livestock Veterinary Medicines,Pharmaceuticals,Healthcare/Pharmaceuticals,United Kingdom,Europe,20,0.00%,20,0.00%,,20,,,,,1,20,0,20,0.00%
Global Brands Ltd,Consumer Goods,Retail,United Kingdom,Europe,300,0.00%,300,0.00%,,,,,,300,0,300,300,0,100.00%
Global Citizen,Non-profit organization,Non-profit/Charity/Government/NGO,United States,North America,"2,615",0.00%,"2,615",0.00%,,,,,,"2,615",0,"2,615","2,615",0,100.00%
Global EcoSteward Association,Environmental Conservation,Environmental & Sustainability Services,United States,North America,15,0.00%,15,0.00%,,,,,,15,0,15,15,0,100.00%
GLOBAL FRAGRANCES LABS,Fragrance and Flavor Industry,Food and Beverage,Spain,Europe,11,0.00%,11,0.00%,,,,,11,,1,11,11,0,100.00%
Global Health Security Network,Healthcare,Healthcare/Pharmaceuticals,United States,North America,"4,000",0.01%,"4,000",0.01%,,,,,,"4,000",0,"4,000","4,000",0,100.00%
Global Marshall Plan Initiative,"Non-profit organization, International Development",Non-profit/Charity/Government/NGO,United States,North America,84,0.00%,84,0.00%,,34,,40,10,,3,28,10,74,11.90%
Global Partnerships,Financial Services,Financial Services,United States,North America,150,0.00%,150,0.00%,,,,,,150,0,150,150,0,100.00%
Global Pet Relocation,Pet Services,Others,United States,North America,68,0.00%,68,0.00%,,,,68,,,1,68,0,68,0.00%
Globe Telecom,Telecommunications,Technology/Telecommunications,Philippines,Asia,80,0.00%,0,0.00%,0,0,0,0,0,0,5,0,0,80,0.00%
GLP,Real Estate / Logistics / Transportation,Construction/Engineering,Singapore,Asia,"20,735",0.03%,"17,691",0.03%,,,"7,746","9,945",,,2,"8,846",0,"20,735",0.00%
GLS Bank,Financial Services,Financial Services,Germany,Europe,"2,237",0.00%,497,0.00%,,,,,,497,0,497,497,"1,740",22.22%
Gmail,Email,Others,United States,North America,45,0.00%,45,0.00%,,45,,,,,1,45,0,45,0.00%
Gmp Property,Real Estate,Real Estate,United States,North America,"1,000",0.00%,"1,000",0.00%,,,,,,"1,000",0,"1,000","1,000",0,100.00%
Go Active Travel AB,Travel and tourism,Travel & Tourism,Sweden,Europe,444,0.00%,444,0.00%,,,,444,,,1,444,0,444,0.00%
Go Green Energy,Energy,Energy/Mining/Utilities,Germany,Europe,"2,111",0.00%,"2,111",0.00%,,,,,,"2,111",0,"2,111","2,111",0,100.00%
Go Rentals,Car Rental,Transportation/Logistics,United Kingdom,Europe,140,0.00%,140,0.00%,,,,,60,80,1,70,140,0,100.00%
GOCard,Financial Services,Financial Services,United States,North America,605,0.00%,605,0.00%,,,,,,605,0,605,605,0,100.00%
GoClimateNeutral,Environmental/Climate Change,Agriculture/Agribusiness/Resources,Sweden,Europe,"20,000",0.03%,"20,000",0.03%,"20,000",,,,,,1,"20,000",0,"20,000",0.00%
Godel,Technology/Software Development,Technology/Telecommunications,United Kingdom,Europe,667,0.00%,667,0.00%,667,,,,,,1,667,0,667,0.00%
Godelmann,Construction and Building Materials,Construction/Engineering,Germany,Europe,"2,055",0.00%,"2,055",0.00%,,,,,,"2,055",0,"2,055","2,055",0,100.00%
Goedhuis & Co,Wine and spirits industry,Food and Beverage,United Kingdom,Europe,450,0.00%,450,0.00%,,,,250,200,,2,225,200,250,44.44%
Going4Zero,Carbon financing,Environmental & Sustainability Services,Switzerland,Europe,"2,628",0.00%,"2,628",0.00%,,,,,,"2,628",0,"2,628","2,628",0,100.00%
Gold Standard,Environmental/Climate Change,Environmental & Sustainability Services,United States,North America,"74,711",0.10%,"74,609",0.11%,,"8,618","8,292","50,850","5,936",913,4,"14,922","6,849","67,862",9.17%
Gold Standard Portfolio,Finance and Investment,Financial Services,United States,North America,114,0.00%,0,0.00%,0,0,0,0,0,0,5,0,0,114,0.00%
GoLow,Electric scooter rental,Transportation/Logistics,China,Asia,100,0.00%,100,0.00%,,,100,,,,1,100,0,100,0.00%
Good Energy,Energy & Utilities,Energy/Mining/Utilities,United Kingdom,Europe,"40,000",0.05%,"40,000",0.06%,"40,000",,,,,,1,"40,000",0,"40,000",0.00%
Good Traveler,Luggage and Travel Accessories,Retail,United States,North America,85,0.00%,0,0.00%,0,0,0,0,0,0,5,0,0,85,0.00%
Good Trip Adventures,Travel,Travel & Tourism,United States,North America,19,0.00%,19,0.00%,,,19,,,,1,19,0,19,0.00%
Goodee,Consumer Electronics,Technology/Telecommunications,China,Asia,20,0.00%,20,0.00%,,,,,,20,0,20,20,0,100.00%
Goodier,Architecture & Planning,Construction/Engineering,United States,North America,47,0.00%,47,0.00%,,,,,,47,0,47,47,0,100.00%
Goodlife,Food and Beverage,Food and Beverage,United States,North America,"5,000",0.01%,"5,000",0.01%,,,,,,"5,000",0,"5,000","5,000",0,100.00%
Goodman Daffodil Logistics,Logistics and transportation,Transportation/Logistics,Australia,Oceania,"6,154",0.01%,"6,154",0.01%,,,,,"6,154",,1,"6,154","6,154",0,100.00%
Goodtel,Telecommunications,Technology/Telecommunications,Australia,Oceania,19,0.00%,19,0.00%,,,,,,19,0,19,19,0,100.00%
Google,Technology,Technology/Telecommunications,United States,North America,"131,251",0.18%,"131,251",0.20%,,50,,,,"131,201",1,"65,626","131,201",50,99.96%
GOPA,Consulting,Consulting Services,Germany,Europe,26,0.00%,26,0.00%,,,,,26,,1,26,26,0,100.00%
Gordon Services,Services/Consulting,Consulting Services,United States,North America,"5,685",0.01%,"5,685",0.01%,,,"2,164",,"1,346","2,175",2,"1,895","3,521","2,164",61.93%
Gorgias,Technology,Technology/Telecommunications,United States,North America,"1,160",0.00%,"1,160",0.00%,,,,,,"1,160",0,"1,160","1,160",0,100.00%
Gort Scott,Architecture,Construction/Engineering,United Kingdom,Europe,47,0.00%,47,0.00%,,,,,47,,1,47,47,0,100.00%
Göteborgs Stift,Religious Organization,Non-profit/Charity/Government/NGO,Sweden,Europe,12,0.00%,12,0.00%,,,,,12,,1,12,12,0,100.00%
Gothaer,Insurance,Financial Services,Germany,Europe,"4,944",0.01%,"4,944",0.01%,,,,,,"4,944",0,"4,944","4,944",0,100.00%
Gotlandsägg,Food & Beverage,Food and Beverage,Sweden,Europe,"2,076",0.00%,"2,076",0.00%,,856,346,874,,,3,692,0,"2,076",0.00%
Gould Publication Papers,Publishing,Entertainment/Media/Sports,United Kingdom,Europe,71,0.00%,71,0.00%,,,,,71,,1,71,71,0,100.00%
Government of Western Australia Department of Finance,Government,Non-profit/Charity/Government/NGO,Australia,Oceania,"29,200",0.04%,"29,200",0.04%,,,,,,"29,200",0,"29,200","29,200",0,100.00%
GP Bullhound,Finance/Investment Banking,Financial Services,United Kingdom,Europe,203,0.00%,203,0.00%,,,,203,,,1,203,0,203,0.00%
Grand Touring,Automotive,Transportation/Logistics,Italy,Europe,50,0.00%,50,0.00%,,,,,,50,0,50,50,0,100.00%
Granlund Group,Construction and engineering sector,Construction/Engineering,Finland,Europe,929,0.00%,929,0.00%,,,,929,,,1,929,0,929,0.00%
Grant Thornton,Professional services/consulting industry,Consulting Services,United States,North America,"1,191",0.00%,"1,191",0.00%,,,,"1,043",148,,2,596,148,"1,043",12.43%
Gray Area,Marketing and Advertising Agency,Advertising/Marketing/PR,United States,North America,51,0.00%,51,0.00%,,,,51,,,1,51,0,51,0.00%
Grayce Group Ltd,Business Services,Consulting Services,United Kingdom,Europe,280,0.00%,280,0.00%,,,,280,,,1,280,0,280,0.00%
Great British Communications,Telecommunications,Technology/Telecommunications,United Kingdom,Europe,50,0.00%,50,0.00%,,,,50,,,1,50,0,50,0.00%
Great IT,Information Technology,Technology/Telecommunications,Sweden,Europe,14,0.00%,14,0.00%,,14,,,,,1,14,0,14,0.00%
Greater London Authority,Government,Non-profit/Charity/Government/NGO,United Kingdom,Europe,83,0.00%,83,0.00%,,,,,,83,0,83,83,0,100.00%
Green Christmas Trees,"Retail, Christmas Decorations",Retail,United Kingdom,Europe,46,0.00%,46,0.00%,,,,23,23,,2,23,23,23,50.00%
Green Circle Salons,Hair Salons,Retail,Canada,North America,131,0.00%,131,0.00%,,131,,,,,1,131,0,131,0.00%
Green Impact Week,Environmental Sustainability,Environmental & Sustainability Services,Germany,Europe,46,0.00%,46,0.00%,,,,46,,,1,46,0,46,0.00%
Green Places,Environmental conservation or sustainable living sector,Environmental & Sustainability Services,United States,North America,"4,628",0.01%,"4,628",0.01%,,,,"4,628",,,1,"4,628",0,"4,628",0.00%
Green School,Education,Others,Indonesia,Asia,60,0.00%,0,0.00%,0,0,0,0,0,0,5,0,0,60,0.00%
Green Sports Alliance,Sports industry,Entertainment/Media/Sports,United States,North America,48,0.00%,48,0.00%,,,,,,48,0,48,48,0,100.00%
Green Story,Environmental sustainability or eco-friendly products,Agriculture/Agribusiness/Resources,Canada,North America,735,0.00%,735,0.00%,,,147,420,119,49,3,184,168,567,22.86%
Green Summun,Food and beverage,Food and Beverage,United States,North America,570,0.00%,0,0.00%,0,0,0,0,0,0,5,0,0,570,0.00%
Greenarc,Fuel and Energy,Energy/Mining/Utilities,United States,North America,10,0.00%,10,0.00%,,,,,,10,0,10,10,0,100.00%
Greenarc Energy Ltd,Energy,Energy/Mining/Utilities,Nigeria,Africa,11,0.00%,11,0.00%,,,,,,11,0,11,11,0,100.00%
Greenarc Fuelcards Ltd,Fuel and Energy,Energy/Mining/Utilities,United Kingdom,Europe,10,0.00%,10,0.00%,,,,,,10,0,10,10,0,100.00%
Greenberg Lab,"Healthcare, Research",Healthcare/Pharmaceuticals,United States,North America,13,0.00%,13,0.00%,,,13,,,,1,13,0,13,0.00%
GreenBiz,Media,Entertainment/Media/Sports,United States,North America,970,0.00%,970,0.00%,,,,,,970,0,970,970,0,100.00%
GreenBlau,E-commerce,Retail,Germany,Europe,"5,003",0.01%,0,0.00%,0,0,0,0,0,0,5,0,0,"5,003",0.00%
Greenbox,Packaging and shipping industry,Transportation/Logistics,United States,North America,"15,676",0.02%,"15,676",0.02%,,,"7,969","7,707",,,2,"7,838",0,"15,676",0.00%
Greencell,Electronics,Technology/Telecommunications,United Kingdom,Europe,39,0.00%,39,0.00%,,,,39,,,1,39,0,39,0.00%
Greenchoice,Energy and utilities,Energy/Mining/Utilities,Netherlands,Europe,"4,287,880",5.78%,"1,928,510",2.95%,"844,895","657,928","374,893","50,490",,304,4,"385,702",304,"4,287,576",0.01%
GreenCollar,Environmental conservation and sustainability,Environmental & Sustainability Services,United States,North America,"5,000",0.01%,"5,000",0.01%,,,"5,000",,,,1,"5,000",0,"5,000",0.00%
Greener Edge,Environmental Services,Environmental & Sustainability Services,United Kingdom,Europe,40,0.00%,40,0.00%,,,,40,,,1,40,0,40,0.00%
Greenfern,Pharmaceuticals,Healthcare/Pharmaceuticals,Australia,Oceania,43,0.00%,43,0.00%,,,,,,43,0,43,43,0,100.00%
Greenfleet,Automotive,Transportation/Logistics,Germany,Europe,"74,224",0.10%,"74,224",0.11%,,,,,,"74,224",0,"74,224","74,224",0,100.00%
Greenly,Environmental Services,Environmental & Sustainability Services,United States,North America,856,0.00%,856,0.00%,,,,,,856,0,856,856,0,100.00%
Greentripper,Travel and tourism,Travel & Tourism,United States,North America,"10,154",0.01%,"10,154",0.02%,"3,860",,,,"6,294",,2,"5,077","6,294","3,860",61.99%
Greif,Industrial Manufacturing,Construction/Engineering,United States,North America,"4,350",0.01%,"4,350",0.01%,,,,,"1,840","2,510",1,"2,175","4,350",0,100.00%
Greystone,Real Estate or Property Management,Construction/Engineering,United States,North America,100,0.00%,100,0.00%,,,,,100,,1,100,100,0,100.00%
GRID,Energy and utilities,Energy/Mining/Utilities,United States,North America,395,0.00%,0,0.00%,0,0,0,0,0,0,5,0,0,395,0.00%
GRID Arendal,Environmental Research and Consulting,Environmental & Sustainability Services,Norway,Europe,445,0.00%,0,0.00%,0,0,0,0,0,0,5,0,0,445,0.00%
Griffith Foods,Food and beverage industry,Food and Beverage,United States,North America,914,0.00%,914,0.00%,,,,,291,623,1,457,914,0,100.00%
Grifo Marchetti,Manufacturing,Manufacturing/Engineering,Italy,Europe,35,0.00%,35,0.00%,,,,,,35,0,35,35,0,100.00%
Grimstad kommune,Public sector/Local government,Non-profit/Charity/Government/NGO,Norway,Europe,"1,687",0.00%,0,0.00%,0,0,0,0,0,0,5,0,0,"1,687",0.00%
Grio,Technology,Technology/Telecommunications,United States,North America,334,0.00%,334,0.00%,,,334,,,,1,334,0,334,0.00%
GripGrab,Sporting Goods,Retail,Denmark,Europe,85,0.00%,85,0.00%,,,,,,85,0,85,85,0,100.00%
Groen voor Gas,Energy,Energy/Mining/Utilities,Netherlands,Europe,79,0.00%,0,0.00%,0,0,0,0,0,0,5,0,0,79,0.00%
Groenbalans,Environmental sustainability or renewable energy sector,Energy/Mining/Utilities,Netherlands,Europe,"78,735",0.11%,"43,112",0.07%,,"15,000","5,000",,"23,112",,3,"14,371","23,112","55,623",29.35%
Gronard GmbH,Technology/Software,Technology/Telecommunications,Germany,Europe,774,0.00%,774,0.00%,,,,774,,,1,774,0,774,0.00%
Gropper,Food and Beverage,Food and Beverage,Germany,Europe,16,0.00%,16,0.00%,,,,,,16,0,16,16,0,100.00%
Grosvenor Services,Real Estate,Others,United Kingdom,Europe,227,0.00%,227,0.00%,,,70,,117,40,2,76,157,70,69.16%
Ground Control Ltd,Landscaping or outdoor maintenance industry,Retail,United Kingdom,Europe,"1,114",0.00%,"1,114",0.00%,,,"1,114",,,,1,"1,114",0,"1,114",0.00%
Groupe des Eaux de Marseille,Utilities,Energy/Mining/Utilities,France,Europe,"2,000",0.00%,"2,000",0.00%,,,"2,000",,,,1,"2,000",0,"2,000",0.00%
GroupM,Media,Entertainment/Media/Sports,United States,North America,"10,716",0.01%,"8,122",0.01%,"3,177",349,"2,985","1,020",591,,5,"1,624",591,"10,125",5.52%
Grove,"Consumer goods, household goods, sustainable living",Retail,United States,North America,"19,548",0.03%,"19,548",0.03%,,,,798,,"18,750",1,"9,774","18,750",798,95.92%
Grove Carbon,Carbon offsetting,Environmental & Sustainability Services,United States,North America,63,0.00%,63,0.00%,,,18,,45,,2,32,45,18,71.43%
GROW Digital Group,Technology/Marketing/Advertising,Advertising/Marketing/PR,United States,North America,124,0.00%,124,0.00%,,,,124,,,1,124,0,124,0.00%
Grow Energy,Energy sector,Energy/Mining/Utilities,United States,North America,"35,000",0.05%,"35,000",0.05%,,,,"35,000",,,1,"35,000",0,"35,000",0.00%
grow platform,Software,Technology/Telecommunications,Germany,Europe,15,0.00%,15,0.00%,,,,,15,,1,15,15,0,100.00%
Grumeti Air,Aerospace & Defense,Manufacturing/Engineering,Tanzania,Africa,220,0.00%,220,0.00%,,,,,,220,0,220,220,0,100.00%
Grupo Cosalco,Packaging & Containers,Manufacturing/Engineering,Costa Rica,North America,218,0.00%,218,0.00%,,,,,89,129,1,109,218,0,100.00%
Grupo Solaris,"Retail, Distribution",Retail,Mexico,North America,24,0.00%,14,0.00%,14,,,,,,1,14,0,24,0.00%
Grupo Zen,Real Estate,Others,Costa Rica,North America,102,0.00%,102,0.00%,,,,35,22,45,2,34,67,35,65.69%
Gruppo Sella,Finance/ Banking,Financial Services,Italy,Europe,"10,000",0.01%,"10,000",0.02%,,,"6,666","3,334",,,2,"5,000",0,"10,000",0.00%
GS Facket,Labor Union/Trade Union,Non-profit/Charity/Government/NGO,Sweden,Europe,248,0.00%,248,0.00%,248,,,,,,1,248,0,248,0.00%
GS-VER,Technology/Software,Technology/Telecommunications,United States,North America,519,0.00%,0,0.00%,0,0,0,0,0,0,5,0,0,519,0.00%
Guacolda Energía,Energy,Energy/Mining/Utilities,Chile,South America,166,0.00%,166,0.00%,,,,,,166,0,166,166,0,100.00%
Gubra,Healthcare/Pharmaceuticals,Healthcare/Pharmaceuticals,Denmark,Europe,"12,000",0.02%,"9,000",0.01%,,"9,000",,,,,1,"9,000",0,"12,000",0.00%
Gucci,Fashion and Luxury Goods,Apparel/Fashion,Italy,Europe,"3,685,013",4.96%,"3,685,013",5.64%,"350,000","1,400,000","900,013","1,035,000",,,4,"921,253",0,"3,685,013",0.00%
Guderley und Sohn,Construction,Construction/Engineering,Germany,Europe,45,0.00%,45,0.00%,45,,,,,,1,45,0,45,0.00%
Guernsey Finance,Financial Services,Financial Services,Guernsey,Europe,254,0.00%,254,0.00%,,,,,,254,0,254,254,0,100.00%
Gulf,Energy,Energy/Mining/Utilities,United Arab Emirates,Middle East,336,0.00%,336,0.00%,,,,,,336,0,336,336,0,100.00%
Gulf International Bank,Banking/Financial Services,Financial Services,Bahrain,Middle East,"1,871",0.00%,"1,871",0.00%,,,,"1,871",,,1,"1,871",0,"1,871",0.00%
Gulfstream,Aerospace and Defense,Manufacturing/Engineering,United States,North America,11,0.00%,11,0.00%,,11,,,,,1,11,0,11,0.00%
Gunnison-Crested Butte Tourism,Tourism,Travel & Tourism,United States,North America,30,0.00%,30,0.00%,,,,30,,,1,30,0,30,0.00%
Guten Morgen,"Grocery, Food & Beverage",Food and Beverage,Germany,Europe,28,0.00%,28,0.00%,,,,28,,,1,28,0,28,0.00%
H. Heitz,"Woodworking, Furniture Manufacturing",Manufacturing/Engineering,Germany,Europe,214,0.00%,214,0.00%,,,92,122,,,2,107,0,214,0.00%
H&M,Fashion/Apparel,Apparel/Fashion,Sweden,Europe,"2,044",0.00%,12,0.00%,,,,,,12,0,12,12,"2,032",0.59%
H√∂rtkorn Finanzen GmbH,Financial Services,Financial Services,Germany,Europe,48,0.00%,48,0.00%,,,,,,48,0,48,48,0,100.00%
Haberkorn,Industrial equipment or machinery sector,Construction/Engineering,Austria,Europe,227,0.00%,0,0.00%,0,0,0,0,0,0,5,0,0,227,0.00%
Habitat,Real Estate,Real Estate,United States,North America,"1,250",0.00%,"1,250",0.00%,,,,,,"1,250",0,"1,250","1,250",0,100.00%
Habito,Financial Services,Financial Services,United Kingdom,Europe,32,0.00%,32,0.00%,,,,32,,,1,32,0,32,0.00%
Hadley,Real Estate,Others,Australia,Oceania,22,0.00%,22,0.00%,,,,10,12,,2,11,12,10,54.55%
Haglöfs,Outdoor apparel and equipment,Apparel/Fashion,Sweden,Europe,"5,000",0.01%,"5,000",0.01%,,,"5,000",,,,1,"5,000",0,"5,000",0.00%
Hairjamm,Beauty/personal care,Retail,Australia,Oceania,710,0.00%,710,0.00%,,,,,710,,1,710,710,0,100.00%
HAL,Technology/Defense,Construction/Engineering,India,Asia,"3,166",0.00%,"3,166",0.00%,"1,500",,,"1,666",,,2,"1,583",0,"3,166",0.00%
Haldor Topsoe,Chemicals,Manufacturing/Engineering,Denmark,Europe,30,0.00%,30,0.00%,,30,,,,,1,30,0,30,0.00%
Halter,Fashion/Accessories,Apparel/Fashion,United States,North America,706,0.00%,706,0.00%,,,,,679,27,1,353,706,0,100.00%
HAM-LOG,Logistics,Transportation/Logistics,Germany,Europe,500,0.00%,500,0.00%,,,,,,500,0,500,500,0,100.00%
Hämeen Kirjapaino Oy,Printing and publishing industry,Entertainment/Media/Sports,Finland,Europe,375,0.00%,375,0.00%,,375,,,,,1,375,0,375,0.00%
Hammarö,Religious Organizations,Non-profit/Charity/Government/NGO,Sweden,Europe,16,0.00%,16,0.00%,,,,,,16,0,16,16,0,100.00%
Hampshire Trust Bank,Banking,Financial Services,United Kingdom,Europe,583,0.00%,583,0.00%,,,,,,583,0,583,583,0,100.00%
Handwerksgruppe Philip Mecklenburg,Construction/Contracting,Construction/Engineering,Germany,Europe,"5,319",0.01%,"2,480",0.00%,"2,480",,,,,,1,"2,480",0,"5,319",0.00%
Haninge Pastorat,Religious Organizations,Non-profit/Charity/Government/NGO,Sweden,Europe,183,0.00%,183,0.00%,,,,,,183,0,183,183,0,100.00%
Hannover Rück,Insurance sector,Financial Services,Germany,Europe,"17,000",0.02%,"6,000",0.01%,,,,"4,000","2,000",,2,"3,000","2,000","15,000",11.76%
Hansa,Beverage industry,Food and Beverage,Germany,Europe,"1,982",0.00%,"1,982",0.00%,,,,,982,"1,000",1,991,"1,982",0,100.00%
Happy Hour Productions,Entertainment,Entertainment/Media/Sports,United States,North America,45,0.00%,45,0.00%,,,,,,45,0,45,45,0,100.00%
Harbour Air,Transportation/Aviation,Transportation/Logistics,Canada,North America,"20,336",0.03%,"7,093",0.01%,200,"2,893",,"2,000","2,000",,4,"1,773","2,000","18,336",9.83%
Harbour Asset Management,Financial Services,Financial Services,United Kingdom,Europe,452,0.00%,452,0.00%,,,89,44,93,226,3,113,319,133,70.58%
Harbour Asset Management Limited,Financial Services,Financial Services,New Zealand,Oceania,121,0.00%,121,0.00%,,,,,,121,0,121,121,0,100.00%
Hargreaves Lansdown,Financial Services,Financial Services,United Kingdom,Europe,320,0.00%,320,0.00%,,,,,320,,1,320,320,0,100.00%
Harlequin,Design,Apparel/Fashion,United States,North America,157,0.00%,157,0.00%,,,,,,157,0,157,157,0,100.00%
Harms & Huck,Law Firm,Consulting Services,Germany,Europe,10,0.00%,10,0.00%,,,10,,,,1,10,0,10,0.00%
Harringtons,Food & Beverage,Food and Beverage,United Kingdom,Europe,300,0.00%,300,0.00%,,,,,300,,1,300,300,0,100.00%
HARTING,Electronics/Technology sector,Technology/Telecommunications,Germany,Europe,"1,053",0.00%,0,0.00%,0,0,0,0,0,0,5,0,0,"1,053",0.00%
Harvard Business School,Education,Others,United States,North America,301,0.00%,301,0.00%,,,,,,301,0,301,301,0,100.00%
HAS Healthcare Advanced Synthesis Sa,Healthcare,Healthcare/Pharmaceuticals,Switzerland,Europe,"31,331",0.04%,"22,846",0.03%,,,,"3,597","12,278","6,971",2,"7,615","19,249","12,082",61.44%
Hastings,Insurance,Financial Services,United Kingdom,Europe,598,0.00%,598,0.00%,,,,,,598,0,598,598,0,100.00%
Hatch Mansfield,Beverage/Alcohol,Food and Beverage,United Kingdom,Europe,"5,040",0.01%,"5,040",0.01%,,"1,548",,,"1,568","1,924",2,"1,680","3,492","1,548",69.29%
Hathaway Roofing,Construction,Construction/Engineering,Canada,North America,184,0.00%,184,0.00%,,,,,84,100,1,92,184,0,100.00%
Hauff-Technik,Construction/Infrastructure,Construction/Engineering,Germany,Europe,460,0.00%,460,0.00%,,,288,172,,,2,230,0,460,0.00%
Hauser,Grocery Retail,Retail,Germany,Europe,84,0.00%,84,0.00%,,32,28,24,,,3,28,0,84,0.00%
Havas,Advertising and Marketing,Advertising/Marketing/PR,France,Europe,72,0.00%,72,0.00%,,24,48,,,,2,36,0,72,0.00%
"Haveli Investments, L.P.",Private Equity,Financial Services,United States,North America,"3,700",0.00%,"3,700",0.01%,,,,,"2,500","1,200",1,"1,850","3,700",0,100.00%
Hawaiian Airlines,Travel & Tourism,Travel & Tourism,United States,North America,"5,240",0.01%,"5,240",0.01%,,,,,"2,002","3,238",1,"2,620","5,240",0,100.00%
Hawkins & Associates Ltd,Consulting or professional services,Consulting Services,United States,North America,107,0.00%,107,0.00%,,,,,107,,1,107,107,0,100.00%
Hawkins Brown Architecture Limited,Architecture,Construction/Engineering,United Kingdom,Europe,350,0.00%,350,0.00%,,,,,,350,0,350,350,0,100.00%
Hawle,Manufacturing,Manufacturing/Engineering,Austria,Europe,310,0.00%,310,0.00%,,,,,,310,0,310,310,0,100.00%
Haworth,Architecture,Construction/Engineering,United States,North America,149,0.00%,149,0.00%,,,,,,149,0,149,149,0,100.00%
HCR,Healthcare,Healthcare/Pharmaceuticals,United States,North America,167,0.00%,0,0.00%,0,0,0,0,0,0,5,0,0,167,0.00%
Headstrong Pictures,Film Production,Entertainment/Media/Sports,United States,North America,12,0.00%,12,0.00%,,,,12,,,1,12,0,12,0.00%
HEAG,Energy,Energy/Mining/Utilities,Germany,Europe,111,0.00%,0,0.00%,0,0,0,0,0,0,5,0,0,111,0.00%
Health Research Council,Government Agency,Non-profit/Charity/Government/NGO,New Zealand,Oceania,30,0.00%,30,0.00%,,,,30,,,1,30,0,30,0.00%
Healthy Living Institute,Healthcare,Healthcare/Pharmaceuticals,United States,North America,20,0.00%,20,0.00%,,,,,20,,1,20,20,0,100.00%
Hearts & Minds Group,Financial Services,Financial Services,United States,North America,"1,013",0.00%,"1,013",0.00%,,,,,,"1,013",0,"1,013","1,013",0,100.00%
Heathrow,Travel and Transportation,Travel & Tourism,United Kingdom,Europe,"62,976",0.08%,"30,226",0.05%,,,,,"30,226",,1,"30,226","30,226","32,750",48.00%
Heidelberg Druckmaschinen AG,Printing and publishing industry,Entertainment/Media/Sports,Germany,Europe,"35,558",0.05%,"33,300",0.05%,"3,751","7,638","8,522",808,"12,581",,5,"6,660","12,581","22,977",35.38%
Heimtex Produktions & Service GmbH,Textiles,Apparel/Fashion,Germany,Europe,25,0.00%,25,0.00%,,,,,,25,0,25,25,0,100.00%
Heineken,Alcoholic Beverages,Food and Beverage,Netherlands,Europe,32,0.00%,32,0.00%,,,20,12,,,2,16,0,32,0.00%
Heinen,Leather goods,Apparel/Fashion,Germany,Europe,100,0.00%,0,0.00%,0,0,0,0,0,0,5,0,0,100,0.00%
Heinz,Food and Beverage,Food and Beverage,United States,North America,27,0.00%,27,0.00%,,,27,,,,1,27,0,27,0.00%
Heiter bis Sonnig,Events,Entertainment/Media/Sports,Germany,Europe,60,0.00%,60,0.00%,,,,,,60,0,60,60,0,100.00%
Helicorp,Aerospace and Defense,Manufacturing/Engineering,United States,North America,28,0.00%,14,0.00%,14,,,,,,1,14,0,28,0.00%
Helse Nord-Trøndelag,Healthcare,Healthcare/Pharmaceuticals,Norway,Europe,430,0.00%,0,0.00%,0,0,0,0,0,0,5,0,0,430,0.00%
Helsingin Mylly,Food and beverage industry,Food and Beverage,Finland,Europe,279,0.00%,279,0.00%,,279,,,,,1,279,0,279,0.00%
Helsinki Mills,Food and beverage industry,Food and Beverage,Finland,Europe,314,0.00%,314,0.00%,,,314,,,,1,314,0,314,0.00%
Helsinn Healthcare SA,Healthcare/Pharmaceuticals,Healthcare/Pharmaceuticals,Switzerland,Europe,"18,436",0.02%,"18,436",0.03%,,,,"2,500","8,907","7,029",2,"6,145","15,936","2,500",86.44%
Hembiobutiken,Health and Wellness,Healthcare/Pharmaceuticals,Sweden,Europe,51,0.00%,51,0.00%,,,51,,,,1,51,0,51,0.00%
Hemlock Semiconductor (HSC),Semiconductor manufacturing,Manufacturing/Engineering,United States,North America,"3,332",0.00%,0,0.00%,0,0,0,0,0,0,5,0,0,"3,332",0.00%
Henry Cookson Adventures,"Tourism, Travel, Adventure",Travel & Tourism,United Kingdom,Europe,49,0.00%,49,0.00%,,,,49,,,1,49,0,49,0.00%
Henry Cookson Adventures Ltd,Travel & Tourism,Travel & Tourism,United Kingdom,Europe,200,0.00%,200,0.00%,,,,,,200,0,200,200,0,100.00%
Henry Squire & Sons Ltd,Security and lock industry,Construction/Engineering,United Kingdom,Europe,387,0.00%,387,0.00%,,,,387,,,1,387,0,387,0.00%
"Henry SYusen Logistics Co., Ltd",Logistics,Transportation/Logistics,Japan,Asia,10,0.00%,10,0.00%,,,,,,10,0,10,10,0,100.00%
Herbert Ospelt,Food and beverage industry,Food and Beverage,Liechtenstein,Europe,433,0.00%,433,0.00%,,433,,,,,1,433,0,433,0.00%
Heritage,Hospitality and Tourism,Travel & Tourism,United Arab Emirates,Middle East,"14,469",0.02%,"14,469",0.02%,,,,,,"14,469",0,"14,469","14,469",0,100.00%
Hermann Bantleon,Financial services,Financial Services,Germany,Europe,"2,975",0.00%,"2,975",0.00%,"1,800","1,175",,,,,2,"1,488",0,"2,975",0.00%
Hermansson & Co,Law firm,Consulting Services,Sweden,Europe,"1,564",0.00%,"1,564",0.00%,,370,,359,835,,3,521,835,729,53.39%
Hermès,Fashion and Luxury Goods,Apparel/Fashion,France,Europe,"65,890",0.09%,"28,028",0.04%,"22,382",,,"5,646",,,2,"14,014",0,"65,890",0.00%
Hero,Automotive,Transportation/Logistics,India,Asia,851,0.00%,851,0.00%,,,,,451,400,1,426,851,0,100.00%
Hertz,Transportation/Car Rental,Transportation/Logistics,United States,North America,"13,409",0.02%,"13,409",0.02%,,"8,409",,,"5,000",,2,"6,705","5,000","8,409",37.29%
HERZOG,Law firm,Consulting Services,Germany,Europe,80,0.00%,0,0.00%,0,0,0,0,0,0,5,0,0,80,0.00%
Hesburger,Food and Beverage,Food and Beverage,Finland,Europe,"216,316",0.29%,"186,589",0.29%,,"34,331","50,780","26,296","57,153","18,029",4,"37,318","75,182","141,134",34.76%
Hettinger Reisen,Travel Agency,Travel & Tourism,Germany,Europe,50,0.00%,50,0.00%,,,50,,,,1,50,0,50,0.00%
Hevert,Pharmaceuticals,Healthcare/Pharmaceuticals,Germany,Europe,"1,040",0.00%,"1,040",0.00%,,,,,,"1,040",0,"1,040","1,040",0,100.00%
Hewlett-Packard,Technology,Technology/Telecommunications,United States,North America,"1,002",0.00%,"1,002",0.00%,,,,97,,905,1,501,905,97,90.32%
Hexpol,Chemicals,Manufacturing/Engineering,Czech Republic,Europe,138,0.00%,138,0.00%,,,,,64,74,1,69,138,0,100.00%
Heywood,Furniture,Retail,United Kingdom,Europe,384,0.00%,384,0.00%,,,,200,184,,2,192,184,200,47.92%
HGM,Law Practice,Consulting Services,United States,North America,19,0.00%,19,0.00%,,,,,,19,0,19,19,0,100.00%
HidroBag,Water Treatment,Environmental & Sustainability Services,Costa Rica,North America,77,0.00%,77,0.00%,,14,15,20,28,,4,19,28,49,36.36%
Hificonsult,Consumer Electronics,Technology/Telecommunications,Sweden,Europe,34,0.00%,34,0.00%,,12,11,11,,,3,11,0,34,0.00%
High Seat,Restaurant,Food and Beverage,United Kingdom,Europe,191,0.00%,191,0.00%,,,,,191,,1,191,191,0,100.00%
High Seat Holdings Ltd,Finance or Investment sector,Financial Services,United Kingdom,Europe,100,0.00%,100,0.00%,,,,,100,,1,100,100,0,100.00%
High Street TV,Retail/E-commerce,Retail,United Kingdom,Europe,110,0.00%,110,0.00%,110,,,,,,1,110,0,110,0.00%
Highland Spring,Beverage/Consumer Goods,Food and Beverage,United Kingdom,Europe,976,0.00%,976,0.00%,,,,976,,,1,976,0,976,0.00%
highQ,Information Technology,Technology/Telecommunications,Germany,Europe,91,0.00%,91,0.00%,,,,,50,41,1,46,91,0,100.00%
Highway Traffic Management Ltd,Transportation/Infrastructure,Transportation/Logistics,United Kingdom,Europe,218,0.00%,218,0.00%,,,218,,,,1,218,0,218,0.00%
Hilti Corporation,Construction and industrial tools,Construction/Engineering,Liechtenstein,Europe,"126,539",0.17%,"126,539",0.19%,,,,,,"126,539",0,"126,539","126,539",0,100.00%
Hilton,Hospitality/Hotel industry,Travel & Tourism,United States,North America,645,0.00%,645,0.00%,,,645,,,,1,645,0,645,0.00%
Hingerl & Mueller,Law firm,Consulting Services,Austria,Europe,25,0.00%,0,0.00%,0,0,0,0,0,0,5,0,0,25,0.00%
Hirondelle,"Media, Journalism, Non-profit",Entertainment/Media/Sports,Switzerland,Europe,10,0.00%,10,0.00%,,,,10,,,1,10,0,10,0.00%
Hiscox,Insurance,Financial Services,United Kingdom,Europe,"26,115",0.04%,"7,318",0.01%,,,,"7,318",,,1,"7,318",0,"26,115",0.00%
Hither & Yon,Retail,Retail,United States,North America,50,0.00%,50,0.00%,,,50,,,,1,50,0,50,0.00%
Hivos,Non-profit/NGO sector,Non-profit/Charity/Government/NGO,Netherlands,Europe,"11,105",0.01%,"2,729",0.00%,"2,150",579,,,,,2,"1,365",0,"11,105",0.00%
HKS,Automotive Manufacturing,Manufacturing/Engineering,Japan,Asia,"1,780",0.00%,"1,780",0.00%,,,,,,"1,780",0,"1,780","1,780",0,100.00%
HLB,Accounting/Financial Services,Financial Services,Switzerland,Europe,598,0.00%,598,0.00%,,,,498,100,,2,299,100,498,16.72%
HM-Lectures,Education,Others,Sweden,Europe,10,0.00%,10,0.00%,,,10,,,,1,10,0,10,0.00%
HMFPA,Healthcare,Healthcare/Pharmaceuticals,United States,North America,27,0.00%,27,0.00%,,,27,,,,1,27,0,27,0.00%
HMS Industrial Networks,Industrial Automation,Technology/Telecommunications,Sweden,Europe,"2,260",0.00%,"2,260",0.00%,,,,,"2,260",,1,"2,260","2,260",0,100.00%
HNEE,Clothing & Fashion,Apparel/Fashion,Sweden,Europe,"1,531",0.00%,"1,034",0.00%,,356,527,151,,,3,345,0,"1,531",0.00%
Hochzeitsgesellschaft,Wedding planning industry,Others,Germany,Europe,10,0.00%,10,0.00%,,,,,,10,0,10,10,0,100.00%
Hodge,Unknown,Others,United States,North America,172,0.00%,172,0.00%,,,,172,,,1,172,0,172,0.00%
Hoegh Autoliners,Shipping and logistics,Transportation/Logistics,Norway,Europe,"4,021",0.01%,"2,000",0.00%,,,"2,000",,,,1,"2,000",0,"4,021",0.00%
Hof Engelhardt Ökokiste GbR,Agriculture/organic food industry,Food and Beverage,Germany,Europe,468,0.00%,468,0.00%,,,,468,,,1,468,0,468,0.00%
Hofer,Retail/ Grocery,Food and Beverage,Austria,Europe,"12,971",0.02%,"6,371",0.01%,,,"6,371",,,,1,"6,371",0,"12,971",0.00%
Hofkiste,Food Delivery,Food and Beverage,Germany,Europe,31,0.00%,31,0.00%,,,,31,,,1,31,0,31,0.00%
Hoge School Leiden,Education,Non-profit/Charity/Government/NGO,Netherlands,Europe,775,0.00%,0,0.00%,0,0,0,0,0,0,5,0,0,775,0.00%
Hökerum,Furniture or home decor industry,Retail,Sweden,Europe,"3,145",0.00%,"3,145",0.00%,,,,"3,145",,,1,"3,145",0,"3,145",0.00%
Holdit,Technology/Accessories,Technology/Telecommunications,Sweden,Europe,326,0.00%,326,0.00%,,,,326,,,1,326,0,326,0.00%
Holiday Architects,Travel and Tourism,Travel & Tourism,United Kingdom,Europe,"1,300",0.00%,"1,300",0.00%,,,,,250,"1,050",1,650,"1,300",0,100.00%
Holle,Food & Beverage,Food and Beverage,Germany,Europe,"28,000",0.04%,"28,000",0.04%,,,,"16,000","12,000",,2,"14,000","12,000","16,000",42.86%
Holloway Friendly,Insurance,Financial Services,United Kingdom,Europe,26,0.00%,26,0.00%,,,,,26,,1,26,26,0,100.00%
Holtzbrinck,Publishing,Entertainment/Media/Sports,Germany,Europe,"2,000",0.00%,"2,000",0.00%,,,,,,"2,000",0,"2,000","2,000",0,100.00%
Home Exchange Inc.,Real Estate/Travel & Hospitality,Travel & Tourism,United States,North America,"1,023",0.00%,"1,023",0.00%,,,,"1,023",,,1,"1,023",0,"1,023",0.00%
HomeToGo,Real Estate,Real Estate,Germany,Europe,35,0.00%,35,0.00%,,,,,,35,0,35,35,0,100.00%
Hopkins,Architecture,Construction/Engineering,United Kingdom,Europe,219,0.00%,219,0.00%,,,,,,219,0,219,219,0,100.00%
Hopoti,Technology and IT,Technology/Telecommunications,Finland,Europe,40,0.00%,40,0.00%,,,29,,11,,2,20,11,29,27.50%
HORIZONS HOTELS,Hospitality/Travel & Tourism,Travel & Tourism,United States,North America,369,0.00%,369,0.00%,,,,,369,,1,369,369,0,100.00%
Hornbak Steenstrup,Individual,Others,Denmark,Europe,15,0.00%,15,0.00%,15,,,,,,1,15,0,15,0.00%
Hostelworld,Travel and hospitality,Travel & Tourism,Ireland,Europe,"3,191",0.00%,"3,191",0.00%,,,,"1,600","1,591",,2,"1,596","1,591","1,600",49.86%
Hotel Giada Costa Rica,Hospitality,Travel & Tourism,Costa Rica,North America,26,0.00%,26,0.00%,,,,,,26,0,26,26,0,100.00%
Hotel Ritter Durbach,Hospitality,Travel & Tourism,Germany,Europe,100,0.00%,100,0.00%,,,,,,100,0,100,100,0,100.00%
Hotell S:t Clemens,Hospitality,Travel & Tourism,Sweden,Europe,34,0.00%,34,0.00%,,,,17,17,,2,17,17,17,50.00%
House of Travel,Travel Agency,Travel & Tourism,New Zealand,Oceania,94,0.00%,94,0.00%,,,,,69,25,1,47,94,0,100.00%
HOUSETUBE,Real Estate,Real Estate,United States,North America,77,0.00%,77,0.00%,,,,,,77,0,77,77,0,100.00%
Howard,Engineering,Manufacturing/Engineering,United States,North America,47,0.00%,47,0.00%,,,,,,47,0,47,47,0,100.00%
Howden,Engineering,Manufacturing/Engineering,United Kingdom,Europe,"30,000",0.04%,"30,000",0.05%,,,,,,"30,000",0,"30,000","30,000",0,100.00%
Howells,Architecture and Planning,Construction/Engineering,United States,North America,47,0.00%,47,0.00%,,,,,,47,0,47,47,0,100.00%
HPC AG,Technology/IT sector,Technology/Telecommunications,Germany,Europe,"3,216",0.00%,"3,216",0.00%,,,"1,600","1,616",,,2,"1,608",0,"3,216",0.00%
HPS,Technology,Technology/Telecommunications,United States,North America,132,0.00%,0,0.00%,0,0,0,0,0,0,5,0,0,132,0.00%
HSE AG,Environmental consulting,Consulting Services,Germany,Europe,10,0.00%,0,0.00%,0,0,0,0,0,0,5,0,0,10,0.00%
HTC,Travel,Travel & Tourism,Germany,Europe,203,0.00%,203,0.00%,,,,203,,,1,203,0,203,0.00%
Huawei,Telecommunications,Technology/Telecommunications,China,Asia,20,0.00%,20,0.00%,20,,,,,,1,20,0,20,0.00%
Hub Australia,Real Estate/Co-working Space,Construction/Engineering,Australia,Oceania,"7,843",0.01%,"7,843",0.01%,,,,,277,"7,566",1,"3,922","7,843",0,100.00%
Hubert Bader Holzbau,Construction,Construction/Engineering,Germany,Europe,27,0.00%,27,0.00%,,,27,,,,1,27,0,27,0.00%
hülsta,Furniture industry,Retail,Germany,Europe,"1,000",0.00%,0,0.00%,0,0,0,0,0,0,5,0,0,"1,000",0.00%
Human2Human,Human Resources,Others,Poland,Europe,29,0.00%,29,0.00%,,,29,,,,1,29,0,29,0.00%
Humanitarian Impact Institute,Non-profit organization,Non-profit/Charity/Government/NGO,United States,North America,35,0.00%,35,0.00%,,,,,35,,1,35,35,0,100.00%
Hummingbird,Technology/Software,Technology/Telecommunications,Canada,North America,"1,804",0.00%,"1,670",0.00%,"1,590",,,80,,,2,835,0,"1,804",0.00%
Hundt Consult GmbH,Consulting or Business Services,Consulting Services,Germany,Europe,150,0.00%,150,0.00%,,,150,,,,1,150,0,150,0.00%
Hünlein-Reisen,Travel Agency,Travel & Tourism,Germany,Europe,33,0.00%,33,0.00%,,,,33,,,1,33,0,33,0.00%
Hutzelhof,Food and beverage industry,Food and Beverage,Germany,Europe,606,0.00%,606,0.00%,,,606,,,,1,606,0,606,0.00%
Hyams,Real Estate,Others,United States,North America,15,0.00%,15,0.00%,15,,,,,,1,15,0,15,0.00%
Hyatt,Hospitality/Hotel industry,Travel & Tourism,United States,North America,225,0.00%,225,0.00%,175,,,,,50,1,113,50,175,22.22%
Hydroflux,Water treatment or environmental services,Agriculture/Agribusiness/Resources,Australia,Oceania,"3,907",0.01%,"3,907",0.01%,,,"1,200","1,495","1,212",,3,"1,302","1,212","2,695",31.02%
Hymans Robertson,Financial services,Financial Services,United Kingdom,Europe,"17,184",0.02%,"12,052",0.02%,,,"9,702",500,290,"1,560",3,"3,013","1,850","15,334",10.77%
Hyperion,Shipping and Maritime,Transportation/Logistics,United Kingdom,Europe,253,0.00%,253,0.00%,112,92,,49,,,3,84,0,253,0.00%
Hypnos,Financial Services,Financial Services,United States,North America,"1,501",0.00%,"1,501",0.00%,,536,,,965,,2,751,965,536,64.29%
Hypo Landesbank Vorarlberg,Banking/Financial Services,Financial Services,Austria,Europe,393,0.00%,0,0.00%,0,0,0,0,0,0,5,0,0,393,0.00%
I Planted GmbH,Agriculture,Agriculture/Agribusiness/Resources,Germany,Europe,795,0.00%,795,0.00%,,,,,,795,0,795,795,0,100.00%
I&P Compensation,Human Resources/Consulting,Consulting Services,United States,North America,170,0.00%,0,0.00%,0,0,0,0,0,0,5,0,0,170,0.00%
IANT,Aerospace and Defense,Manufacturing/Engineering,Japan,Asia,30,0.00%,0,0.00%,0,0,0,0,0,0,5,0,0,30,0.00%
IATA,Travel and Transportation,Travel & Tourism,United States,North America,"14,388",0.02%,"5,348",0.01%,,"5,348",,,,,1,"5,348",0,"14,388",0.00%
IC Ltd,Technology,Technology/Telecommunications,United States,North America,130,0.00%,0,0.00%,0,0,0,0,0,0,5,0,0,130,0.00%
ICA,Retail or grocery sector,Food and Beverage,India,Asia,"18,940",0.03%,"18,940",0.03%,,,,"9,200","9,740",,2,"9,470","9,740","9,200",51.43%
ICANIWILL,Apparel/Fitness Industry,Apparel/Fashion,Sweden,Europe,"7,256",0.01%,"5,222",0.01%,,,,"3,622","1,600",,2,"2,611","1,600","5,656",22.05%
Icare,Healthcare,Healthcare/Pharmaceuticals,United States,North America,453,0.00%,453,0.00%,,,453,,,,1,453,0,453,0.00%
ICB,Financial Services,Financial Services,United States,North America,720,0.00%,720,0.00%,,203,167,133,217,,4,180,217,503,30.14%
ICC,International Organization,Non-profit/Charity/Government/NGO,France,Europe,33,0.00%,33,0.00%,,,33,,,,1,33,0,33,0.00%
ICG,Financial Services,Financial Services,United States,North America,35,0.00%,35,0.00%,,,,,,35,0,35,35,0,100.00%
ICG Holding,Investment Management,Financial Services,Germany,Europe,50,0.00%,50,0.00%,,,50,,,,1,50,0,50,0.00%
ICSU,Education/Research,Others,United States,North America,450,0.00%,0,0.00%,0,0,0,0,0,0,5,0,0,450,0.00%
Ideal Standard,Construction/Building Materials,Construction/Engineering,Belgium,Europe,180,0.00%,180,0.00%,,,,,180,,1,180,180,0,100.00%
"Idemitsu Kosan Co., Ltd.",Energy/Chemicals,Energy/Mining/Utilities,Japan,Asia,"1,102",0.00%,"1,102",0.00%,,,,449,653,,2,551,653,449,59.26%
IED,Defense and security industry,Non-profit/Charity/Government/NGO,United States,North America,349,0.00%,149,0.00%,149,,,,,,1,149,0,349,0.00%
IEEP,Environmental consulting,Consulting Services,Belgium,Europe,18,0.00%,18,0.00%,,,,,18,,1,18,18,0,100.00%
IEMA,Manufacturing,Manufacturing/Engineering,United States,North America,170,0.00%,170,0.00%,,,,,,170,0,170,170,0,100.00%
IFCO,Packaging and logistics industry,Transportation/Logistics,France,Europe,"10,252",0.01%,"10,252",0.02%,,,"10,252",,,,1,"10,252",0,"10,252",0.00%
IFM Investors,Financial Services,Financial Services,Australia,Oceania,"5,914",0.01%,"5,914",0.01%,,,,,,"5,914",0,"5,914","5,914",0,100.00%
iForce,Logistics,Transportation/Logistics,United Kingdom,Europe,"1,091",0.00%,"1,091",0.00%,,,,,,"1,091",0,"1,091","1,091",0,100.00%
IG Group,Finance/Investment Trading,Financial Services,United Kingdom,Europe,200,0.00%,200,0.00%,,200,,,,,1,200,0,200,0.00%
IG Metall,Labor Union,Non-profit/Charity/Government/NGO,Germany,Europe,10,0.00%,10,0.00%,,,,,10,,1,10,10,0,100.00%
IISD,Non-profit/Environmental sector,Agriculture/Agribusiness/Resources,Canada,North America,957,0.00%,0,0.00%,0,0,0,0,0,0,5,0,0,957,0.00%
IJF,Sports,Entertainment/Media/Sports,Japan,Asia,30,0.00%,30,0.00%,,,,,,30,0,30,30,0,100.00%
IKO Group,Construction and building materials,Construction/Engineering,Canada,North America,"31,346",0.04%,"26,261",0.04%,945,"9,571","2,032","7,020","6,693",,5,"5,252","6,693","24,653",21.35%
ILEMA,Environmental consulting,Consulting Services,Denmark,Europe,25,0.00%,25,0.00%,,,,,25,,1,25,25,0,100.00%
illwerke vkw,Energy and utilities,Energy/Mining/Utilities,Austria,Europe,718,0.00%,0,0.00%,0,0,0,0,0,0,5,0,0,718,0.00%
Imagine,"Entertainment, Media, Technology",Entertainment/Media/Sports,United States,North America,91,0.00%,91,0.00%,,91,,,,,1,91,0,91,0.00%
IMC Trading,Trading,Financial Services,United States,North America,"2,129",0.00%,"2,129",0.00%,,,,,,"2,129",0,"2,129","2,129",0,100.00%
IMF,Finance,Financial Services,United States,North America,"31,059",0.04%,"31,059",0.05%,,,,,,"31,059",0,"31,059","31,059",0,100.00%
Immersive Labs,Cybersecurity,Technology/Telecommunications,United Kingdom,Europe,433,0.00%,433,0.00%,,,63,,,370,1,217,370,63,85.45%
IMPACT,Marketing/Advertising/Consulting,Advertising/Marketing/PR,United States,North America,154,0.00%,154,0.00%,,,,,154,,1,154,154,0,100.00%
Impact Hub,Coworking Space,Real Estate,Austria,Europe,388,0.00%,388,0.00%,,,,,,388,0,388,388,0,100.00%
impactChoice,Sustainability/Environmental Services,Agriculture/Agribusiness/Resources,United States,North America,"10,000",0.01%,0,0.00%,0,0,0,0,0,0,5,0,0,"10,000",0.00%
Implement Consulting,Management Consulting,Consulting Services,United States,North America,15,0.00%,15,0.00%,,,15,,,,1,15,0,15,0.00%
Inalproces,Food Processing,Food and Beverage,India,Asia,20,0.00%,20,0.00%,,,,,,20,0,20,20,0,100.00%
InCasa,Furniture,Retail,Germany,Europe,11,0.00%,11,0.00%,11,,,,,,1,11,0,11,0.00%
Independent Growth Finance Ltd,Finance,Financial Services,United Kingdom,Europe,100,0.00%,100,0.00%,,,,,100,,1,100,100,0,100.00%
Indus Holding,Industrial holding company,Others,Germany,Europe,84,0.00%,0,0.00%,0,0,0,0,0,0,5,0,0,84,0.00%
INDUS Holding AG,Finance/Investment sector,Financial Services,Switzerland,Europe,"1,244",0.00%,848,0.00%,,,378,470,,,2,424,0,"1,244",0.00%
Industree,Manufacturing,Manufacturing/Engineering,India,Asia,200,0.00%,200,0.00%,,56,56,20,,68,3,50,68,132,34.00%
Industrial Dwelling Society,Real Estate,Others,India,Asia,81,0.00%,81,0.00%,,,,81,,,1,81,0,81,0.00%
Inema,Energy,Energy/Mining/Utilities,Rwanda,Africa,41,0.00%,41,0.00%,,,,,,41,0,41,41,0,100.00%
Inenco,Industrial Goods,Construction/Engineering,United Kingdom,Europe,862,0.00%,862,0.00%,,,,742,60,60,2,287,120,742,13.92%
infarm,Agriculture/Technology,Agriculture/Agribusiness/Resources,Germany,Europe,"3,000",0.00%,"3,000",0.00%,,,,"3,000",,,1,"3,000",0,"3,000",0.00%
Inflammable Productions,Film and Video Production,Entertainment/Media/Sports,United Kingdom,Europe,30,0.00%,30,0.00%,,30,,,,,1,30,0,30,0.00%
Inflite,Aerospace/Aviation industry,Transportation/Logistics,United Kingdom,Europe,"1,784",0.00%,"1,784",0.00%,,,,,142,"1,642",1,892,"1,784",0,100.00%
Infogrid,Real Estate Technology,Technology/Telecommunications,United States,North America,104,0.00%,104,0.00%,,,104,,,,1,104,0,104,0.00%
Information Grid,Information Technology,Technology/Telecommunications,United Kingdom,Europe,132,0.00%,132,0.00%,,,,132,,,1,132,0,132,0.00%
Informationsteknik Scandinavia,Information Technology,Technology/Telecommunications,Sweden,Europe,184,0.00%,184,0.00%,60,60,64,,,,3,61,0,184,0.00%
Infosys,Information Technology,Technology/Telecommunications,India,Asia,"11,294",0.02%,"11,294",0.02%,,,,,,"11,294",0,"11,294","11,294",0,100.00%
InfoteQ,Information Technology,Technology/Telecommunications,Germany,Europe,50,0.00%,0,0.00%,0,0,0,0,0,0,5,0,0,50,0.00%
Infoware,Information Technology,Technology/Telecommunications,Luxembourg,Europe,119,0.00%,104,0.00%,21,28,,35,,20,3,26,20,99,16.81%
Infrastructure New Zealand Incorporated,Infrastructure,Construction/Engineering,New Zealand,Oceania,26,0.00%,26,0.00%,,,,,,26,0,26,26,0,100.00%
Infré,"Fashion, Apparel, Clothing",Apparel/Fashion,France,Europe,234,0.00%,0,0.00%,0,0,0,0,0,0,5,0,0,234,0.00%
IngenCO2,Renewable Energy,Energy/Mining/Utilities,Sweden,Europe,100,0.00%,100,0.00%,,,,,,100,0,100,100,0,100.00%
Ingenics,Consulting/Engineering Services,Construction/Engineering,Germany,Europe,354,0.00%,354,0.00%,,,,354,,,1,354,0,354,0.00%
Inghams,Food and Beverage industry,Food and Beverage,Australia,Oceania,"8,607",0.01%,"8,607",0.01%,,,,"8,607",,,1,"8,607",0,"8,607",0.00%
Inhabit,Construction and Engineering,Construction/Engineering,United States,North America,61,0.00%,61,0.00%,,,,,,61,0,61,61,0,100.00%
Inizio,Healthcare consulting,Consulting Services,United States,North America,922,0.00%,922,0.00%,,,,,,922,0,922,922,0,100.00%
Inizio Group Limited,Healthcare consulting,Consulting Services,United States,North America,477,0.00%,477,0.00%,,,,,,477,0,477,477,0,100.00%
Innocent,Packaging,Manufacturing/Engineering,New Zealand,Oceania,250,0.00%,250,0.00%,,,,,,250,0,250,250,0,100.00%
Innoflame,Technology/Software,Technology/Telecommunications,United States,North America,107,0.00%,107,0.00%,,,107,,,,1,107,0,107,0.00%
Innova Capital,Private Equity,Financial Services,Poland,Europe,110,0.00%,110,0.00%,,,,,,110,0,110,110,0,100.00%
Innova Group,Technology,Technology/Telecommunications,United States,North America,192,0.00%,192,0.00%,,,,,,192,0,192,192,0,100.00%
INNOVATION ENERGIE DEVELOPPEMENT,Energy/Utilities,Energy/Mining/Utilities,France,Europe,563,0.00%,0,0.00%,0,0,0,0,0,0,5,0,0,563,0.00%
Innpact,Financial Services,Financial Services,Luxembourg,Europe,447,0.00%,447,0.00%,,,,,,447,0,447,447,0,100.00%
Inogema,Pharmaceuticals,Healthcare/Pharmaceuticals,Switzerland,Europe,60,0.00%,60,0.00%,,,,,,60,0,60,60,0,100.00%
Inproba,Food and beverage industry,Food and Beverage,Netherlands,Europe,"1,373",0.00%,"1,373",0.00%,,"1,373",,,,,1,"1,373",0,"1,373",0.00%
inpublic,Digital Marketing,Advertising/Marketing/PR,Germany,Europe,12,0.00%,12,0.00%,,,,,12,,1,12,12,0,100.00%
Insight Direct (UK) Ltd,Technology/Software,Consulting Services,United Kingdom,Europe,"4,399",0.01%,"4,399",0.01%,,,,,925,"3,474",1,"2,200","4,399",0,100.00%
InSites Consulting,Market Research and Consulting,Consulting Services,Belgium,Europe,85,0.00%,85,0.00%,,,,85,,,1,85,0,85,0.00%
Inspop,Fashion or lifestyle sector,Apparel/Fashion,Sweden,Europe,"3,206",0.00%,"3,206",0.00%,,,"3,206",,,,1,"3,206",0,"3,206",0.00%
Instabox,Logistics and delivery,Transportation/Logistics,Sweden,Europe,323,0.00%,323,0.00%,,,323,,,,1,323,0,323,0.00%
Institut Français,Education,Others,France,Europe,124,0.00%,124,0.00%,,,,,,124,0,124,124,0,100.00%
Institut für Corporate Governance in der deutschen Immobilienwirtschaft e.V.,"Non-profit organization, Real Estate",Non-profit/Charity/Government/NGO,Germany,Europe,56,0.00%,56,0.00%,,,56,,,,1,56,0,56,0.00%
Institute for Economics,Research and Education,Non-profit/Charity/Government/NGO,Germany,Europe,12,0.00%,0,0.00%,0,0,0,0,0,0,5,0,0,12,0.00%
Institute for Environmental Innovation,Environmental Conservation/Non-profit,Environmental & Sustainability Services,United States,North America,285,0.00%,285,0.00%,,285,,,,,1,285,0,285,0.00%
INTEC,Technology,Technology/Telecommunications,United States,North America,140,0.00%,140,0.00%,,,140,,,,1,140,0,140,0.00%
Intego,Technology/Software Security,Technology/Telecommunications,United States,North America,211,0.00%,211,0.00%,211,,,,,,1,211,0,211,0.00%
Integral Ad Science,Advertising & Marketing,Advertising/Marketing/PR,United States,North America,137,0.00%,137,0.00%,,,,,,137,0,137,137,0,100.00%
Integrity,Consulting,Consulting Services,United Kingdom,Europe,147,0.00%,147,0.00%,,,,,,147,0,147,147,0,100.00%
Integrity Software Systems Ltd,Software Technology,Technology/Telecommunications,United Kingdom,Europe,20,0.00%,20,0.00%,,,,,,20,0,20,20,0,100.00%
Intel,Technology,Technology/Telecommunications,United States,North America,188,0.00%,188,0.00%,32,40,40,19,,57,4,38,57,131,30.32%
Intellectual Ventures,"Technology, Intellectual Property",Technology/Telecommunications,United States,North America,73,0.00%,73,0.00%,73,,,,,,1,73,0,73,0.00%
INTERATIO,Medical Technology,Healthcare/Pharmaceuticals,United States,North America,150,0.00%,150,0.00%,,,150,,,,1,150,0,150,0.00%
Interblocs,Construction,Construction/Engineering,Switzerland,Europe,60,0.00%,0,0.00%,0,0,0,0,0,0,5,0,0,60,0.00%
Intercontinental Broadcasting Corporation,Media,Entertainment/Media/Sports,Philippines,Asia,234,0.00%,234,0.00%,,,,,,234,0,234,234,0,100.00%
Interface Inc,Manufacturing/Industrial Sector,Construction/Engineering,United States,North America,"847,065",1.14%,"660,425",1.01%,"138,488","115,045","135,669","122,700","148,513",10,5,"110,071","148,523","698,542",17.53%
Interfood BV,Food and beverage industry,Food and Beverage,Netherlands,Europe,500,0.00%,500,0.00%,,500,,,,,1,500,0,500,0.00%
Interline,Transportation/Logistics,Transportation/Logistics,United States,North America,"5,197",0.01%,"2,621",0.00%,,,,,"2,621",,1,"2,621","2,621","2,576",50.43%
International Conflict and Security Consulting,Security Consulting,Consulting Services,United Kingdom,Europe,15,0.00%,15,0.00%,,,,15,,,1,15,0,15,0.00%
International Consolidated Airlines Group,Airlines,Transportation/Logistics,United Kingdom,Europe,10,0.00%,10,0.00%,10,,,,,,1,10,0,10,0.00%
International Construction Bureau Ltd,Construction,Construction/Engineering,Japan,Asia,234,0.00%,234,0.00%,,,,,,234,0,234,234,0,100.00%
International Finance Corporation,Finance/Investment Banking,Financial Services,United States,North America,"6,421",0.01%,"6,421",0.01%,"6,421",,,,,,1,"6,421",0,"6,421",0.00%
International Olympic Committee,Sports,Entertainment/Media/Sports,Switzerland,Europe,"1,251,604",1.69%,"1,251,604",1.91%,,,,,,"1,251,604",0,"1,251,604","1,251,604",0,100.00%
International Union for Conservation of Nature (IUCN),Non-profit/Environmental Conservation,Agriculture/Agribusiness/Resources,Switzerland,Europe,"6,976",0.01%,"2,233",0.00%,,,"1,232","1,001",,,2,"1,117",0,"6,976",0.00%
INTERNATIONALE SCHULE HANNOVER REGION GmbH,Education,Non-profit/Charity/Government/NGO,Germany,Europe,238,0.00%,150,0.00%,,,,50,100,,2,75,100,138,42.02%
Intersolar,Solar Energy,Energy/Mining/Utilities,Germany,Europe,100,0.00%,100,0.00%,,,,,100,,1,100,100,0,100.00%
Interstuhl,Furniture,Retail,Germany,Europe,"1,560",0.00%,"1,560",0.00%,,,,,,"1,560",0,"1,560","1,560",0,100.00%
InterVISTAS,Consulting,Consulting Services,Canada,North America,90,0.00%,90,0.00%,,,,,,90,0,90,90,0,100.00%
Interxion,Technology/Information Technology/Data Centers,Technology/Telecommunications,Netherlands,Europe,"4,886",0.01%,"4,886",0.01%,,"4,886",,,,,1,"4,886",0,"4,886",0.00%
Intrepid Group,Travel and Tourism,Travel & Tourism,Australia,Oceania,"6,000",0.01%,"1,000",0.00%,,,"1,000",,,,1,"1,000",0,"6,000",0.00%
Intuit,Technology/Software,Technology/Telecommunications,United States,North America,"22,171",0.03%,"12,171",0.02%,"5,000","4,286","2,885",,,,3,"4,057",0,"22,171",0.00%
Invesis,Financial Services,Financial Services,United States,North America,298,0.00%,298,0.00%,,,,68,,230,1,149,230,68,77.18%
Invest Industrial Advisors Ltd,Finance/Investment Banking,Financial Services,Italy,Europe,"5,184",0.01%,0,0.00%,0,0,0,0,0,0,5,0,0,"5,184",0.00%
Investec,Financial Services,Financial Services,South Africa,Africa,"30,000",0.04%,"30,000",0.05%,,,,,"14,299","15,701",1,"15,000","30,000",0,100.00%
INVESTISSEURS & PARTENAIRES,Finance & Investment,Financial Services,France,Europe,900,0.00%,900,0.00%,900,,,,,,1,900,0,900,0.00%
Investmentkontor RheinRuhr,Financial Services,Financial Services,Germany,Europe,25,0.00%,25,0.00%,,25,,,,,1,25,0,25,0.00%
InvestSense,Financial Services,Financial Services,India,Asia,57,0.00%,57,0.00%,,,,57,,,1,57,0,57,0.00%
INVICTO,Financial Services,Financial Services,Germany,Europe,78,0.00%,0,0.00%,0,0,0,0,0,0,5,0,0,78,0.00%
Inzide Commercial Limited,Commercial Real Estate or Property Management,Construction/Engineering,New Zealand,Oceania,"1,053",0.00%,"1,053",0.00%,,,553,,466,34,2,351,500,553,47.48%
Inzone Industries,Manufacturing or Industrial Sector,Construction/Engineering,United States,North America,"3,383",0.00%,"3,383",0.01%,,,"1,239","1,944",200,,3,"1,128",200,"3,183",5.91%
io verlag GmbH,Publishing/ Media industry,Entertainment/Media/Sports,Germany,Europe,"1,657",0.00%,"1,657",0.00%,,,"1,657",,,,1,"1,657",0,"1,657",0.00%
ION,Technology/Software,Technology/Telecommunications,United States,North America,586,0.00%,586,0.00%,,586,,,,,1,586,0,586,0.00%
IPETRONIK,Automotive sector,Transportation/Logistics,Germany,Europe,360,0.00%,360,0.00%,,,159,201,,,2,180,0,360,0.00%
IQ-EQ,Financial Services,Financial Services,Luxembourg,Europe,253,0.00%,253,0.00%,,,,,,253,0,253,253,0,100.00%
IQGeo,Geospatial Technology,Technology/Telecommunications,United States,North America,123,0.00%,123,0.00%,,,,,123,,1,123,123,0,100.00%
IRIC,Education,Others,Ireland,Europe,45,0.00%,45,0.00%,,,,,,45,0,45,45,0,100.00%
Irish Aid,Government / International Development,Non-profit/Charity/Government/NGO,Ireland,Europe,400,0.00%,400,0.00%,,,,,,400,0,400,400,0,100.00%
Irish Government,Government Agency,Non-profit/Charity/Government/NGO,Ireland,Europe,40,0.00%,40,0.00%,,,40,,,,1,40,0,40,0.00%
Iron Mountain,Technology/Information Management,Technology/Telecommunications,United States,North America,"1,000",0.00%,"1,000",0.00%,,,"1,000",,,,1,"1,000",0,"1,000",0.00%
Ironstream Capital,Private Equity,Financial Services,United States,North America,53,0.00%,53,0.00%,,,,,40,13,1,27,53,0,100.00%
Isana Naturfeinkost,Food and beverage industry,Food and Beverage,Germany,Europe,172,0.00%,172,0.00%,,,137,35,,,2,86,0,172,0.00%
Isavia Ltd.,Transportation/Aviation,Transportation/Logistics,Iceland,Europe,"3,610",0.00%,"3,610",0.01%,,,,"1,565",,"2,045",1,"1,805","2,045","1,565",56.65%
ISE,Financial Services,Financial Services,Turkey,Europe,39,0.00%,39,0.00%,,,,,,39,0,39,39,0,100.00%
ISO 14068-2,Environmental Services,Environmental & Sustainability Services,France,Europe,"1,050",0.00%,"1,050",0.00%,,,,,,"1,050",0,"1,050","1,050",0,100.00%
ISS,Sports and Renewable Energy,Others,Germany,Europe,78,0.00%,0,0.00%,0,0,0,0,0,0,5,0,0,78,0.00%
IT Partners,Information Technology,Technology/Telecommunications,United States,North America,24,0.00%,24,0.00%,,,,24,,,1,24,0,24,0.00%
ITA Airways,Airline,Transportation/Logistics,Italy,Europe,71,0.00%,71,0.00%,,,,71,,,1,71,0,71,0.00%
Itä-Suomen yliopisto,Education/Higher Education,Non-profit/Charity/Government/NGO,Finland,Europe,"1,603",0.00%,"1,603",0.00%,,,"1,603",,,,1,"1,603",0,"1,603",0.00%
ITAD,Technology/IT industry,Technology/Telecommunications,United States,North America,156,0.00%,156,0.00%,,,,156,,,1,156,0,156,0.00%
ITFC,Finance/Trade Finance,Financial Services,Saudi Arabia,Middle East,399,0.00%,399,0.00%,,,,399,,,1,399,0,399,0.00%
itl Institut für technische Literatur AG,Engineering Consultant,Consulting Services,Austria,Europe,128,0.00%,0,0.00%,0,0,0,0,0,0,5,0,0,128,0.00%
ITM,Information Technology,Technology/Telecommunications,India,Asia,74,0.00%,74,0.00%,,,,34,,40,1,37,40,34,54.05%
IU Group,Business/Consulting Services,Consulting Services,United States,North America,"44,703",0.06%,"39,014",0.06%,,"3,334",,,"18,029","17,651",2,"13,005","35,680","9,023",79.82%
IUCN,Non-profit organization,Non-profit/Charity/Government/NGO,Switzerland,Europe,"14,000",0.02%,"14,000",0.02%,,,,,,"14,000",0,"14,000","14,000",0,100.00%
Ivakale,Fashion/Apparel,Apparel/Fashion,Italy,Europe,183,0.00%,183,0.00%,,,,183,,,1,183,0,183,0.00%
iViis,Technology,Technology/Telecommunications,Estonia,Europe,"4,630",0.01%,"4,630",0.01%,,,,,,"4,630",0,"4,630","4,630",0,100.00%
IWB,Utilities,Energy/Mining/Utilities,Switzerland,Europe,100,0.00%,100,0.00%,,,,,,100,0,100,100,0,100.00%
IWDA,Non-profit organization,Non-profit/Charity/Government/NGO,United States,North America,353,0.00%,353,0.00%,,,,,,353,0,353,353,0,100.00%
IWL AG,Technology/IT,Technology/Telecommunications,Germany,Europe,136,0.00%,136,0.00%,,,,136,,,1,136,0,136,0.00%
J.A.D.E.,Fashion,Apparel/Fashion,China,Asia,42,0.00%,42,0.00%,,,,42,,,1,42,0,42,0.00%
J.D. NEUHAUS,Industrial Machinery/Equipment,Construction/Engineering,Germany,Europe,662,0.00%,662,0.00%,,,,662,,,1,662,0,662,0.00%
J.L. Richards,Engineering Services,Construction/Engineering,Canada,North America,300,0.00%,300,0.00%,,,,,,300,0,300,300,0,100.00%
J.P. Morgan,Finance/Investment Banking,Financial Services,United States,North America,"1,150",0.00%,"1,150",0.00%,,,"1,150",,,,1,"1,150",0,"1,150",0.00%
J.R FITZGERALD & R.L HALPERN,Law Practice,Consulting Services,United States,North America,439,0.00%,439,0.00%,,,,,,439,0,439,439,0,100.00%
Jabil,Technology/Manufacturing,Technology/Telecommunications,United States,North America,625,0.00%,625,0.00%,,625,,,,,1,625,0,625,0.00%
Jacobs,Engineering/Construction,Construction/Engineering,United States,North America,"20,548",0.03%,"18,095",0.03%,,,"18,095",,,,1,"18,095",0,"20,548",0.00%
Jambo Tours,Travel and Tourism,Travel & Tourism,Sweden,Europe,"5,000",0.01%,"5,000",0.01%,,"5,000",,,,,1,"5,000",0,"5,000",0.00%
James Bond,Entertainment,Entertainment/Media/Sports,United Kingdom,Europe,54,0.00%,54,0.00%,,,,,,54,0,54,54,0,100.00%
JAN Recicladora SyM S.A.,Waste Management,Environmental & Sustainability Services,Mexico,North America,63,0.00%,63,0.00%,63,,,,,,1,63,0,63,0.00%
Jan Sandqvist Engineering,Engineering,Construction/Engineering,Sweden,Europe,60,0.00%,60,0.00%,40,20,,,,,2,30,0,60,0.00%
Jarden,Consumer Goods,Retail,United States,North America,287,0.00%,287,0.00%,,287,,,,,1,287,0,287,0.00%
Jasmax,Architecture and Design,Construction/Engineering,New Zealand,Oceania,59,0.00%,59,0.00%,,,,,,59,0,59,59,0,100.00%
Jätkäsaaren Kommodori Ky,Real Estate or Property Management,Construction/Engineering,Finland,Europe,500,0.00%,500,0.00%,,,500,,,,1,500,0,500,0.00%
Jazzopen,Entertainment/Events/Festivals,Entertainment/Media/Sports,Germany,Europe,"4,020",0.01%,"4,020",0.01%,,,,"4,020",,,1,"4,020",0,"4,020",0.00%
JB Drax Honore,Finance/Investment Banking,Financial Services,United Kingdom,Europe,201,0.00%,201,0.00%,,,,201,,,1,201,0,201,0.00%
JB Travel,Travel Agency,Travel & Tourism,Sweden,Europe,77,0.00%,77,0.00%,16,,,61,,,2,39,0,77,0.00%
JC Decaux,Advertising and Marketing,Advertising/Marketing/PR,France,Europe,"2,712",0.00%,995,0.00%,547,448,,,,,2,498,0,"2,712",0.00%
JCDecaux,Advertising and Marketing,Advertising/Marketing/PR,France,Europe,891,0.00%,891,0.00%,,,,,318,573,1,446,891,0,100.00%
Jdi,Construction and Engineering,Construction/Engineering,United States,North America,11,0.00%,11,0.00%,,,,,,11,0,11,11,0,100.00%
Jetcraft,Aerospace/Aviation,Transportation/Logistics,United States,North America,"2,158",0.00%,"2,158",0.00%,,,,,"2,158",,1,"2,158","2,158",0,100.00%
Jikoni,Food and Beverage,Food and Beverage,Kenya,Africa,"5,537",0.01%,"5,537",0.01%,,,,,,"5,537",0,"5,537","5,537",0,100.00%
Jiva Consulting,Management Consulting,Consulting Services,India,Asia,200,0.00%,200,0.00%,,,60,40,30,70,3,50,100,100,50.00%
JMB Fashion Team GesmbH,Women's clothing store,Retail,Austria,Europe,492,0.00%,492,0.00%,,,240,240,12,,3,164,12,480,2.44%
JO-BA Pulverbeschichtung GmbH,Powder coating service,Manufacturing/Engineering,Germany,Europe,"2,026",0.00%,625,0.00%,459,166,,,,,2,313,0,"2,026",0.00%
JOBmeal AB,Coffee machine supplier,Retail,Sweden,Europe,"3,565",0.00%,"1,946",0.00%,,,,,"1,946",,1,"1,946","1,946","1,619",54.59%
John Good & Sons Limited,Manufacturing/Industrial Sector,Construction/Engineering,United Kingdom,Europe,650,0.00%,650,0.00%,,,,,650,,1,650,650,0,100.00%
John Pass,Retail,Retail,United States,North America,"4,248",0.01%,"4,248",0.01%,,,,,,"4,248",0,"4,248","4,248",0,100.00%
John Sisk & Sons,Construction and Engineering,Construction/Engineering,Ireland,Europe,"1,000",0.00%,"1,000",0.00%,,,,"1,000",,,1,"1,000",0,"1,000",0.00%
Johnny Cashew,Food & Beverage,Food and Beverage,United States,North America,160,0.00%,160,0.00%,,,,,,160,0,160,160,0,100.00%
Johnson & Johnson,Healthcare,Healthcare/Pharmaceuticals,United States,North America,104,0.00%,104,0.00%,,,,,54,50,1,52,104,0,100.00%
Joloda,Manufacturing/Transportation/Logistics,Transportation/Logistics,Netherlands,Europe,262,0.00%,262,0.00%,,,,262,,,1,262,0,262,0.00%
Jolt Charge,Technology/Electronics,Technology/Telecommunications,United States,North America,332,0.00%,332,0.00%,,,,115,217,,2,166,217,115,65.36%
Jones Building Group,Construction,Construction/Engineering,United States,North America,17,0.00%,17,0.00%,,,,17,,,1,17,0,17,0.00%
Jones Robinson,Financial Services,Financial Services,United Kingdom,Europe,51,0.00%,51,0.00%,,,,,51,,1,51,51,0,100.00%
Josera Erbacher Service GmbH & Co. KG,Pet food manufacturing,Food and Beverage,Germany,Europe,"7,229",0.01%,"7,229",0.01%,,,,,,"7,229",0,"7,229","7,229",0,100.00%
Josera GmbH & Co. KG,Pet food manufacturing,Food and Beverage,Germany,Europe,"4,486",0.01%,"4,486",0.01%,,,,,,"4,486",0,"4,486","4,486",0,100.00%
Josera petfood GmbH & Co. KG,Pet food manufacturing,Food and Beverage,Germany,Europe,"35,000",0.05%,"35,000",0.05%,,,,,,"35,000",0,"35,000","35,000",0,100.00%
Journeys by Design,Travel & Tourism,Travel & Tourism,United Kingdom,Europe,"2,250",0.00%,"2,250",0.00%,,,,,,"2,250",0,"2,250","2,250",0,100.00%
JPMorgan Chase & Co,Banking/Financial Services,Financial Services,United States,North America,"65,000",0.09%,"65,000",0.10%,,,,,,"65,000",0,"65,000","65,000",0,100.00%
JR Management Services,Management Consulting,Consulting Services,Germany,Europe,21,0.00%,0,0.00%,0,0,0,0,0,0,5,0,0,21,0.00%
JTC,Financial Services,Financial Services,Singapore,Asia,"2,018",0.00%,"2,018",0.00%,,,,,,"2,018",0,"2,018","2,018",0,100.00%
Juice Plus+,Health and wellness industry,Healthcare/Pharmaceuticals,United States,North America,325,0.00%,325,0.00%,,,,,325,,1,325,325,0,100.00%
Juli Kalasataman Edison Oy,Real Estate/Property Development,Construction/Engineering,Finland,Europe,"3,300",0.00%,"3,300",0.01%,,,,"3,300",,,1,"3,300",0,"3,300",0.00%
Juli Kirstinpuiston Christine Oy,Fashion/Apparel,Apparel/Fashion,Finland,Europe,"3,200",0.00%,"3,200",0.00%,,,"3,200",,,,1,"3,200",0,"3,200",0.00%
Juli Martinlaakson Mestari Ky,Construction or home improvement sector,Construction/Engineering,Finland,Europe,"1,500",0.00%,"1,500",0.00%,,,"1,500",,,,1,"1,500",0,"1,500",0.00%
Juli Martinlaakson Voitto Ky,Construction or real estate industry,Construction/Engineering,Finland,Europe,"1,500",0.00%,"1,500",0.00%,,,"1,500",,,,1,"1,500",0,"1,500",0.00%
Julian Hodge Bank,Banking,Financial Services,United Kingdom,Europe,57,0.00%,57,0.00%,,,,,57,,1,57,57,0,100.00%
Julian Marley,Music/Entertainment,Entertainment/Media/Sports,Jamaica,North America,131,0.00%,131,0.00%,,,,,131,,1,131,131,0,100.00%
Julius Blum,Construction or building materials industry,Construction/Engineering,Austria,Europe,629,0.00%,0,0.00%,0,0,0,0,0,0,5,0,0,629,0.00%
Jumpahead,Education/Technology,Technology/Telecommunications,United States,North America,110,0.00%,110,0.00%,110,,,,,,1,110,0,110,0.00%
Jungle IT,Technology,Technology/Telecommunications,Brazil,South America,24,0.00%,24,0.00%,,,,,,24,0,24,24,0,100.00%
Jungle Juice,Food and Beverage,Food and Beverage,United States,North America,150,0.00%,150,0.00%,,,,150,,,1,150,0,150,0.00%
JustCarbon,Environmental/Carbon offsetting,Energy/Mining/Utilities,United States,North America,"10,000",0.01%,"10,000",0.02%,,,,"10,000",,,1,"10,000",0,"10,000",0.00%
Juustoportti,Food and Beverage,Food and Beverage,Finland,Europe,"18,060",0.02%,"18,060",0.03%,"1,000","1,500","11,310","1,350",900,"2,000",5,"3,010","2,900","15,160",16.06%
Juventus,Sports/Entertainment,Entertainment/Media/Sports,Italy,Europe,"19,999",0.03%,"19,999",0.03%,,"10,000",,,"9,999",,2,"10,000","9,999","10,000",50.00%
K+R Group,Consulting,Consulting Services,Germany,Europe,225,0.00%,225,0.00%,,,,,,225,0,225,225,0,100.00%
K√•re Press-Kristensen og familie,Personal Services,Others,Denmark,Europe,10,0.00%,10,0.00%,,,,,,10,0,10,10,0,100.00%
Kabel + Satellit Bergen,Telecommunications,Technology/Telecommunications,Germany,Europe,99,0.00%,99,0.00%,,,,99,,,1,99,0,99,0.00%
Kährs,Construction/Building Materials,Construction/Engineering,Sweden,Europe,"1,517",0.00%,"1,517",0.00%,,,"1,517",,,,1,"1,517",0,"1,517",0.00%
Kai Aviation Ltd,Aerospace/Aviation,Transportation/Logistics,United Kingdom,Europe,"1,184",0.00%,"1,184",0.00%,,,"1,184",,,,1,"1,184",0,"1,184",0.00%
Kaiblinger + Partner,Law firm,Consulting Services,Austria,Europe,90,0.00%,90,0.00%,,,,90,,,1,90,0,90,0.00%
Kailow Graphic,Graphic Design,Others,Denmark,Europe,34,0.00%,34,0.00%,,,,,34,,1,34,34,0,100.00%
Kainos,Technology/IT sector,Technology/Telecommunications,United Kingdom,Europe,"3,047",0.00%,"3,047",0.00%,,,"1,510","1,537",,,2,"1,524",0,"3,047",0.00%
Kaiser,Healthcare,Healthcare/Pharmaceuticals,Germany,Europe,"1,852",0.00%,"1,852",0.00%,,,,,,"1,852",0,"1,852","1,852",0,100.00%
KAISER + KRAFT,Office supplies/industrial equipment,Construction/Engineering,Germany,Europe,420,0.00%,0,0.00%,0,0,0,0,0,0,5,0,0,420,0.00%
Kajaste Oy,Construction and real estate industry,Construction/Engineering,Finland,Europe,"6,500",0.01%,"6,500",0.01%,,,"6,500",,,,1,"6,500",0,"6,500",0.00%
Kale,Printing and Publishing,Entertainment/Media/Sports,Turkey,Europe,185,0.00%,185,0.00%,,,,,,185,0,185,185,0,100.00%
Kambly,Food and Beverage,Food and Beverage,Switzerland,Europe,850,0.00%,850,0.00%,,,,,850,,1,850,850,0,100.00%
Kapo,Financial Services,Financial Services,United States,North America,"3,098",0.00%,"3,098",0.00%,,,14,,,"3,084",1,"1,549","3,084",14,99.55%
Karbon,Carbon offsetting,Environmental & Sustainability Services,Australia,Oceania,900,0.00%,900,0.00%,,,,,,900,0,900,900,0,100.00%
Karelle Fishing,Outdoor/Recreation/Fishing,Agriculture/Agribusiness/Resources,United States,North America,905,0.00%,905,0.00%,,,,,905,,1,905,905,0,100.00%
Karlstad energi,Energy & Utilities,Energy/Mining/Utilities,Sweden,Europe,151,0.00%,151,0.00%,151,,,,,,1,151,0,151,0.00%
Karora,Beauty and cosmetics,Retail,Australia,Oceania,"26,195",0.04%,"26,195",0.04%,,,"8,000",,"18,195",,2,"13,098","18,195","8,000",69.46%
Kartesia,Finance or investment sector,Financial Services,Belgium,Europe,125,0.00%,125,0.00%,,,,125,,,1,125,0,125,0.00%
KASAS,Aircraft Rental,Transportation/Logistics,Kenya,Africa,119,0.00%,119,0.00%,,,,,,119,0,119,119,0,100.00%
Katestone,Environmental consulting,Consulting Services,Australia,Oceania,500,0.00%,500,0.00%,,,,310,190,,2,250,190,310,38.00%
Katholikentag,Religious Organizations,Non-profit/Charity/Government/NGO,Germany,Europe,495,0.00%,495,0.00%,,,,,,495,0,495,495,0,100.00%
Katsouris Brothers Ltd,Food and Beverage,Food and Beverage,United Kingdom,Europe,117,0.00%,117,0.00%,,,,117,,,1,117,0,117,0.00%
Kawasaki,Manufacturing,Manufacturing/Engineering,Japan,Asia,14,0.00%,14,0.00%,,,,,,14,0,14,14,0,100.00%
KBC Group,Finance/ Banking,Financial Services,Belgium,Europe,"27,274",0.04%,"13,500",0.02%,,,"5,000",,"8,500",,2,"6,750","8,500","18,774",31.17%
KBI,Financial Services,Financial Services,United States,North America,430,0.00%,430,0.00%,,,,,,430,0,430,430,0,100.00%
KCL Capital,Finance,Financial Services,United States,North America,168,0.00%,168,0.00%,,,,,,168,0,168,168,0,100.00%
Kedge Safety Systems,Safety Equipment,Manufacturing/Engineering,Netherlands,Europe,36,0.00%,36,0.00%,,,36,,,,1,36,0,36,0.00%
KeeeX,Technology,Technology/Telecommunications,France,Europe,55,0.00%,55,0.00%,,,,,,55,0,55,55,0,100.00%
KEK Karlsruher Energie- und Klimaschutzagentur,Energy and environmental sector,Energy/Mining/Utilities,Germany,Europe,"3,526",0.00%,"1,891",0.00%,,,,,191,"1,700",1,946,"1,891","1,635",53.63%
Kelvion,Engineering/Industrial Machinery,Construction/Engineering,Germany,Europe,"2,338",0.00%,"2,338",0.00%,,,"2,338",,,,1,"2,338",0,"2,338",0.00%
Keogh's,Food and Beverage,Food and Beverage,Ireland,Europe,"2,226",0.00%,"2,226",0.00%,,,,,,"2,226",0,"2,226","2,226",0,100.00%
Kering,Fashion and Luxury Goods,Apparel/Fashion,France,Europe,"488,129",0.66%,"415,629",0.64%,"331,629","9,000","75,000",,,,3,"138,543",0,"488,129",0.00%
Keune,Beauty and personal care industry,Retail,Netherlands,Europe,240,0.00%,240,0.00%,,,,240,,,1,240,0,240,0.00%
Key Carbon Ltd,Carbon financing,Environmental & Sustainability Services,Canada,North America,"4,500",0.01%,"4,500",0.01%,,,,,,"4,500",0,"4,500","4,500",0,100.00%
Kia,Automotive,Transportation/Logistics,South Korea,Asia,720,0.00%,0,0.00%,0,0,0,0,0,0,5,0,0,720,0.00%
Kieger,Financial Services,Financial Services,United States,North America,73,0.00%,73,0.00%,,,,,,73,0,73,73,0,100.00%
Kiewa Valley,Food and Beverage,Food and Beverage,Australia,Oceania,126,0.00%,126,0.00%,,,126,,,,1,126,0,126,0.00%
Kindred Capital,Venture Capital,Financial Services,United Kingdom,Europe,27,0.00%,27,0.00%,,,,27,,,1,27,0,27,0.00%
Kinect Energy Green Services,Renewable energy,Energy/Mining/Utilities,Norway,Europe,40,0.00%,40,0.00%,,40,,,,,1,40,0,40,0.00%
King,Real Estate,Real Estate,United States,North America,100,0.00%,100,0.00%,,,,,,100,0,100,100,0,100.00%
Kinnarps,Office furniture,Retail,Sweden,Europe,78,0.00%,78,0.00%,78,,,,,,1,78,0,78,0.00%
Kino im Waldhorn,Entertainment,Entertainment/Media/Sports,Germany,Europe,80,0.00%,0,0.00%,0,0,0,0,0,0,5,0,0,80,0.00%
Kino Waldhorn,Food & Beverage,Food and Beverage,Germany,Europe,80,0.00%,0,0.00%,0,0,0,0,0,0,5,0,0,80,0.00%
Kirkland & Ellis,Law firm,Consulting Services,United States,North America,705,0.00%,705,0.00%,,,,,705,,1,705,705,0,100.00%
Kite Lake Capital Management,Finance/Investment Management,Financial Services,United States,North America,223,0.00%,223,0.00%,,,,,223,,1,223,223,0,100.00%
Kiubo Safaris,Travel and Tourism,Travel & Tourism,Kenya,Africa,324,0.00%,324,0.00%,,162,162,,,,2,162,0,324,0.00%
Kiwi Self Storage,Self Storage,Retail,New Zealand,Oceania,65,0.00%,65,0.00%,,,,,65,,1,65,65,0,100.00%
Kiwi Wealth,Financial Services,Financial Services,New Zealand,Oceania,45,0.00%,45,0.00%,,,,,45,,1,45,45,0,100.00%
Kızılay,Beverage industry,Food and Beverage,Turkey,Europe,41,0.00%,41,0.00%,,,,,,41,0,41,41,0,100.00%
Klatschmohn Naturkost,Food and Beverage,Food and Beverage,Germany,Europe,88,0.00%,88,0.00%,,88,,,,,1,88,0,88,0.00%
Kleczka & Partner,Accounting and Tax Consulting,Consulting Services,Germany,Europe,90,0.00%,0,0.00%,0,0,0,0,0,0,5,0,0,90,0.00%
Klima,Home appliances or HVAC industry,Construction/Engineering,Germany,Europe,"120,234",0.16%,"113,404",0.17%,,"3,507","28,900","44,600","22,564","13,833",4,"22,681","36,397","83,837",30.27%
Klimahelden GmbH,Renewable Energy,Energy/Mining/Utilities,Germany,Europe,141,0.00%,141,0.00%,,,,,,141,0,141,141,0,100.00%
KlimAktiv Consulting GmbH,Environmental Consulting,Consulting Services,Germany,Europe,"14,147",0.02%,"11,897",0.02%,,52,133,"4,339","5,756","1,617",4,"2,379","7,373","6,774",52.12%
KlimaManufaktur,Manufacturing/ HVAC industry,Construction/Engineering,Germany,Europe,"1,219",0.00%,960,0.00%,419,16,327,27,171,,5,192,171,"1,048",14.03%
KlimaNeutral,Environmental sustainability,Agriculture/Agribusiness/Resources,Sweden,Europe,200,0.00%,200,0.00%,200,,,,,,1,200,0,200,0.00%
Klimaneutrales Erdgas,Energy & Utilities,Energy/Mining/Utilities,Germany,Europe,"15,327",0.02%,0,0.00%,0,0,0,0,0,0,5,0,0,"15,327",0.00%
Klimaneutralstellung,Environmental services or sustainability industry,Agriculture/Agribusiness/Resources,Germany,Europe,"12,233",0.02%,"8,201",0.01%,"4,032","4,169",,,,,2,"4,101",0,"12,233",0.00%
Klimaschule,Education,Others,Germany,Europe,425,0.00%,425,0.00%,,,,,,425,0,425,425,0,100.00%
Klimaschutzstiftung Baden-Württemberg,Non-profit/Environmental Conservation,Agriculture/Agribusiness/Resources,Germany,Europe,"3,932",0.01%,"3,932",0.01%,,,,,917,"3,015",1,"1,966","3,932",0,100.00%
Klimatneutral,Sustainability Consulting,Environmental & Sustainability Services,Germany,Europe,263,0.00%,0,0.00%,0,0,0,0,0,0,5,0,0,263,0.00%
Klimatneutrala Resor,Travel and tourism,Travel & Tourism,Sweden,Europe,238,0.00%,0,0.00%,0,0,0,0,0,0,5,0,0,238,0.00%
Klimatneutralt Företag,Environmental sustainability,Agriculture/Agribusiness/Resources,Sweden,Europe,"32,329",0.04%,"14,942",0.02%,,"9,367","5,575",,,,2,"7,471",0,"32,329",0.00%
Klina,Beauty and skincare industry,Retail,United States,North America,999,0.00%,999,0.00%,,,,,999,,1,999,999,0,100.00%
KLM,Travel & Transportation,Transportation/Logistics,Netherlands,Europe,"255,479",0.34%,"131,238",0.20%,"7,881","45,066","23,774","29,755","18,009","6,753",5,"21,873","24,762","230,717",9.69%
Kloster Forum,Education/Training,Others,Germany,Europe,107,0.00%,107,0.00%,,,,,107,,1,107,107,0,100.00%
KLP (Kommunal Landspensjonskasse),Financial Services/Insurance,Financial Services,Norway,Europe,532,0.00%,0,0.00%,0,0,0,0,0,0,5,0,0,532,0.00%
Knauber,Retail or Home Improvement,Retail,Germany,Europe,"1,800",0.00%,0,0.00%,0,0,0,0,0,0,5,0,0,"1,800",0.00%
Knauf,Building materials,Construction/Engineering,Germany,Europe,340,0.00%,0,0.00%,0,0,0,0,0,0,5,0,0,340,0.00%
KNIME,Software - Application,Technology/Telecommunications,Germany,Europe,68,0.00%,68,0.00%,,,,,,68,0,68,68,0,100.00%
Knowit,Technology/IT Consulting,Consulting Services,Sweden,Europe,"24,722",0.03%,"24,722",0.04%,"1,700","4,274","3,561","8,530","6,657",,5,"4,944","6,657","18,065",26.93%
Kodama,Technology,Technology/Telecommunications,Japan,Asia,10,0.00%,10,0.00%,,,10,,,,1,10,0,10,0.00%
Koehle-Ratzlaff,Construction,Construction/Engineering,Germany,Europe,13,0.00%,13,0.00%,,,,,13,,1,13,13,0,100.00%
Kohl-Kramer,Construction Equipment,Construction/Engineering,Germany,Europe,15,0.00%,15,0.00%,,,15,,,,1,15,0,15,0.00%
Kohl's,Retail,Retail,United States,North America,120,0.00%,0,0.00%,0,0,0,0,0,0,5,0,0,120,0.00%
KOKO Networks,Energy,Energy/Mining/Utilities,Kenya,Africa,23,0.00%,23,0.00%,,,,,,23,0,23,23,0,100.00%
KOKON,Fashion/Apparel,Apparel/Fashion,Germany,Europe,152,0.00%,152,0.00%,,,,,152,,1,152,152,0,100.00%
Kol Haneshamah,Insurance,Financial Services,Israel,Middle East,86,0.00%,86,0.00%,86,,,,,,1,86,0,86,0.00%
Kommunal,Government/ Public Sector,Non-profit/Charity/Government/NGO,Sweden,Europe,"6,390",0.01%,"6,390",0.01%,"3,915","1,781",694,,,,3,"2,130",0,"6,390",0.00%
Kompensation,Insurance,Financial Services,Germany,Europe,45,0.00%,45,0.00%,,,45,,,,1,45,0,45,0.00%
Kompenserad,Carbon offsetting,Environmental & Sustainability Services,Sweden,Europe,67,0.00%,0,0.00%,0,0,0,0,0,0,5,0,0,67,0.00%
KONE,Construction/Engineering/Manufacturing,Construction/Engineering,Finland,Europe,"1,954",0.00%,"1,954",0.00%,,,,14,492,"1,448",2,651,"1,940",14,99.28%
Konecranes,Industrial Machinery or Material Handling Industry,Construction/Engineering,Finland,Europe,"4,804",0.01%,"4,804",0.01%,,,,950,"3,854",,2,"2,402","3,854",950,80.22%
Konekti Media,Media,Entertainment/Media/Sports,Media,North America,40,0.00%,40,0.00%,,,,,,40,0,40,40,0,100.00%
Koninklijke Nederlandse Hockey Bond (KNHB),Sports/Recreation,Entertainment/Media/Sports,Netherlands,Europe,"10,183",0.01%,"2,487",0.00%,,,,"2,487",,,1,"2,487",0,"10,183",0.00%
Kontaktdagen,Event Management,Others,Sweden,Europe,192,0.00%,192,0.00%,50,72,,70,,,3,64,0,192,0.00%
Koobi,Sports/Recreation,Entertainment/Media/Sports,Ghana,Africa,"1,560",0.00%,"1,560",0.00%,,,900,660,,,2,780,0,"1,560",0.00%
Koos,Service Design,Consulting Services,Finland,Europe,372,0.00%,372,0.00%,,,,,,372,0,372,372,0,100.00%
Koppert,Agriculture/Agribusiness,Agriculture/Agribusiness/Resources,Netherlands,Europe,"4,652",0.01%,"2,985",0.00%,,,"2,985",,,,1,"2,985",0,"4,652",0.00%
Kornhaus Naturkost,Food and Beverage,Food and Beverage,Germany,Europe,10,0.00%,10,0.00%,,,,10,,,1,10,0,10,0.00%
KOSMOS ENERGY,Energy/oil and gas sector,Energy/Mining/Utilities,United States,North America,"19,700",0.03%,"19,700",0.03%,,,"12,500",,,"7,200",1,"9,850","7,200","12,500",36.55%
Kotileena,Furniture,Retail,Finland,Europe,120,0.00%,120,0.00%,,,30,50,40,,3,40,40,80,33.33%
Kotipizza,Restaurant industry,Food and Beverage,Finland,Europe,50,0.00%,50,0.00%,,,,,,50,0,50,50,0,100.00%
KOy Saunalahden Navigaattori,Technology/Telecommunications,Technology/Telecommunications,Finland,Europe,"1,200",0.00%,"1,200",0.00%,,,,"1,200",,,1,"1,200",0,"1,200",0.00%
KPA Pensionsförsäkring AB,Financial Services,Financial Services,Sweden,Europe,908,0.00%,908,0.00%,680,130,98,,,,3,303,0,908,0.00%
KPMG,Professional Services/Consulting,Consulting Services,Netherlands,Europe,"3,747",0.01%,"3,747",0.01%,,,,500,"1,950","1,297",2,"1,249","3,247",500,86.66%
KPN,Telecommunications,Technology/Telecommunications,Netherlands,Europe,41,0.00%,41,0.00%,,,25,16,,,2,21,0,41,0.00%
Kraftringen,Energy & Utilities,Energy/Mining/Utilities,Sweden,Europe,"1,601",0.00%,"1,601",0.00%,,,630,671,,300,2,534,300,"1,301",18.74%
Krazy World,"Entertainment, Tourism, Zoo",Entertainment/Media/Sports,India,Asia,161,0.00%,0,0.00%,0,0,0,0,0,0,5,0,0,161,0.00%
Kreisler Ng,Jewelry,Retail,United States,North America,20,0.00%,20,0.00%,,20,,,,,1,20,0,20,0.00%
Kreissparkasse,Finance/ Banking,Financial Services,Germany,Europe,"1,000",0.00%,"1,000",0.00%,,,,,"1,000",,1,"1,000","1,000",0,100.00%
Kremer-Kautschuk-Kunststoff GmbH & Co. KG,Manufacturing/Industrial Goods,Construction/Engineering,Germany,Europe,216,0.00%,216,0.00%,216,,,,,,1,216,0,216,0.00%
Kremer-Polymer-Industries,Chemicals,Manufacturing/Engineering,Germany,Europe,300,0.00%,300,0.00%,,,,,,300,0,300,300,0,100.00%
Kristiansand,Location/Travel/Tourism,Travel & Tourism,Norway,Europe,"8,298",0.01%,"3,146",0.00%,"3,146",,,,,,1,"3,146",0,"8,298",0.00%
Kroger,Grocery Retail,Retail,United States,North America,108,0.00%,108,0.00%,,,,108,,,1,108,0,108,0.00%
Kronägg,Food and Beverage,Food and Beverage,Sweden,Europe,"17,469",0.02%,"15,369",0.02%,,"6,558","2,084","5,050","1,677",,4,"3,842","1,677","15,792",9.60%
Kronans Droghandel Apotek AB,Pharmacy/Healthcare,Healthcare/Pharmaceuticals,Sweden,Europe,658,0.00%,658,0.00%,,334,324,,,,2,329,0,658,0.00%
Krow Communications,Marketing and Public Relations,Advertising/Marketing/PR,United Kingdom,Europe,66,0.00%,66,0.00%,,,,66,,,1,66,0,66,0.00%
Kruck Schlemmer Service GmbH,Service Sector,Consulting Services,Germany,Europe,200,0.00%,200,0.00%,,,,200,,,1,200,0,200,0.00%
KSK,Real Estate,Real Estate,United Arab Emirates,Middle East,"1,400",0.00%,"1,400",0.00%,,,,,,"1,400",0,"1,400","1,400",0,100.00%
KSP 157_E,Energy,Energy/Mining/Utilities,Kazakhstan,Asia,198,0.00%,198,0.00%,,,,,,198,0,198,198,0,100.00%
Kube Aviation,Aviation,Transportation/Logistics,United States,North America,20,0.00%,20,0.00%,,,,20,,,1,20,0,20,0.00%
Kubi Kalloo,Food and Beverage,Food and Beverage,India,Asia,218,0.00%,218,0.00%,68,133,,17,,,3,73,0,218,0.00%
Kullabergsguiderna,Publishing,Entertainment/Media/Sports,Sweden,Europe,22,0.00%,22,0.00%,,22,,,,,1,22,0,22,0.00%
Kulturfestival,Arts and Culture,Entertainment/Media/Sports,Germany,Europe,50,0.00%,0,0.00%,0,0,0,0,0,0,5,0,0,50,0.00%
Kulturskolerådet,Education,Others,Norway,Europe,34,0.00%,34,0.00%,,34,,,,,1,34,0,34,0.00%
Kurt J. Lesker Company,Manufacturing/Industrial Equipment,Construction/Engineering,United States,North America,110,0.00%,110,0.00%,,,110,,,,1,110,0,110,0.00%
Kvadrat,Textiles and Fabrics,Apparel/Fashion,Denmark,Europe,"2,021",0.00%,"2,021",0.00%,,"1,762",60,,,199,2,674,199,"1,822",9.85%
L Catterton,Private Equity / Investment Banking,Financial Services,United States,North America,"1,803",0.00%,"1,803",0.00%,,,"1,803",,,,1,"1,803",0,"1,803",0.00%
L.E.K. Consulting,Management Consulting,Consulting Services,United States,North America,"1,800",0.00%,"1,800",0.00%,,,,,,"1,800",0,"1,800","1,800",0,100.00%
L'Oréal,Cosmetics and Beauty,Retail,France,Europe,"744,889",1.00%,"744,845",1.14%,,,,,,"744,845",0,"744,845","744,845",44,99.99%
L&T,Engineering and construction sector,Construction/Engineering,India,Asia,"1,983",0.00%,"1,983",0.00%,,,538,936,509,,3,661,509,"1,474",25.67%
La Banque Postale,Banking/Financial Services,Financial Services,France,Europe,"1,000",0.00%,"1,000",0.00%,,,,"1,000",,,1,"1,000",0,"1,000",0.00%
La Floresta,Real Estate,Others,Ecuador,South America,68,0.00%,28,0.00%,14,14,,,,,2,14,0,68,0.00%
La Française des jeux,Gaming/Entertainment sector,Entertainment/Media/Sports,France,Europe,"1,000",0.00%,0,0.00%,0,0,0,0,0,0,5,0,0,"1,000",0.00%
La Gacilly,Event Planning,Consulting Services,France,Europe,47,0.00%,47,0.00%,,,,,,47,0,47,47,0,100.00%
La PFUE,Beauty and cosmetics,Retail,France,Europe,"4,628",0.01%,0,0.00%,0,0,0,0,0,0,5,0,0,"4,628",0.00%
La Poste,Postal and delivery services,Transportation/Logistics,France,Europe,"178,810",0.24%,"149,120",0.23%,"29,186",,,"92,241","27,693",,3,"49,707","27,693","151,117",15.49%
La Société,Hospitality/Restaurant industry,Food and Beverage,France,Europe,"13,194",0.02%,0,0.00%,0,0,0,0,0,0,5,0,0,"13,194",0.00%
LAB Productions,Entertainment,Entertainment/Media/Sports,United States,North America,631,0.00%,631,0.00%,,,,,,631,0,631,631,0,100.00%
Laburnum Associates,Financial Services,Financial Services,United Kingdom,Europe,21,0.00%,21,0.00%,,,,,21,,1,21,21,0,100.00%
Lafim,Healthcare,Healthcare/Pharmaceuticals,India,Asia,"18,376",0.02%,"18,376",0.03%,,,,,,"18,376",0,"18,376","18,376",0,100.00%
Lahden kaupungin,Government/Local Government,Non-profit/Charity/Government/NGO,Finland,Europe,477,0.00%,477,0.00%,,336,,141,,,2,239,0,477,0.00%
Laitano,Dairy,Food and Beverage,Costa Rica,North America,31,0.00%,31,0.00%,17,14,,,,,2,16,0,31,0.00%
Lakes,Hospitality/Travel/Tourism,Travel & Tourism,United States,North America,309,0.00%,309,0.00%,,150,,125,,34,2,103,34,275,11.00%
Lamb & Hayward,Funeral services,Non-profit/Charity/Government/NGO,New Zealand,Oceania,150,0.00%,150,0.00%,,,,,150,,1,150,150,0,100.00%
Laminam,Ceramic tiles,Retail,Italy,Europe,11,0.00%,11,0.00%,,,,11,,,1,11,0,11,0.00%
Lancaster Methodist Church,Religious Organizations,Non-profit/Charity/Government/NGO,United States,North America,11,0.00%,11,0.00%,,,,,,11,0,11,11,0,100.00%
Land & Sea Civil,Construction,Construction/Engineering,New Zealand,Oceania,37,0.00%,37,0.00%,,,,37,,,1,37,0,37,0.00%
Land of African Business,Business/Consulting/Education,Consulting Services,Nigeria,Africa,400,0.00%,0,0.00%,0,0,0,0,0,0,5,0,0,400,0.00%
Landal Greenparks,Hospitality/Tourism/Travel,Travel & Tourism,Netherlands,Europe,"12,000",0.02%,"12,000",0.02%,"12,000",,,,,,1,"12,000",0,"12,000",0.00%
Lander & Rogers,Law firm,Consulting Services,Australia,Oceania,698,0.00%,698,0.00%,,,,,698,,1,698,698,0,100.00%
Lane Crawford,Department Stores,Retail,Hong Kong,Asia,37,0.00%,37,0.00%,,,,37,,,1,37,0,37,0.00%
Lansdowne,Finance,Financial Services,United Kingdom,Europe,216,0.00%,216,0.00%,,,,,,216,0,216,216,0,100.00%
Länsförsäkringar,Insurance,Financial Services,Sweden,Europe,"4,405",0.01%,"4,405",0.01%,"4,065",,,340,,,2,"2,203",0,"4,405",0.00%
Lansinoh,Healthcare/Parenting/Baby Products,Healthcare/Pharmaceuticals,United States,North America,"4,708",0.01%,"4,708",0.01%,,,,"1,975","2,733",,2,"2,354","2,733","1,975",58.05%
Lantz Trafikskola,Driving Schools,Others,Sweden,Europe,20,0.00%,20,0.00%,20,,,,,,1,20,0,20,0.00%
Lapland Safaris,Tourism/Travel industry,Travel & Tourism,Finland,Europe,"1,337",0.00%,"1,337",0.00%,,719,,618,,,2,669,0,"1,337",0.00%
Laporte,Fashion/Apparel,Apparel/Fashion,France,Europe,192,0.00%,192,0.00%,,,,192,,,1,192,0,192,0.00%
Lapwing,Software Development,Technology/Telecommunications,India,Asia,20,0.00%,20,0.00%,,,,,20,,1,20,20,0,100.00%
Larsen & Toubro,Engineering and construction sector,Construction/Engineering,India,Asia,"1,208",0.00%,"1,208",0.00%,,,,,508,700,1,604,"1,208",0,100.00%
lastminute,Travel and Leisure,Travel & Tourism,United States,North America,913,0.00%,913,0.00%,,,,,,913,0,913,913,0,100.00%
Lavazza,Food and Beverage,Food and Beverage,Italy,Europe,"175,000",0.24%,"175,000",0.27%,,"20,000","65,000","70,000","20,000",,4,"43,750","20,000","155,000",11.43%
Law Society of Scotland,Legal Services,Consulting Services,United Kingdom,Europe,30,0.00%,30,0.00%,,,,,,30,0,30,30,0,100.00%
Lawson's Dry Hills,Wine Production,Food and Beverage,New Zealand,Oceania,355,0.00%,355,0.00%,,,,40,,315,1,178,315,40,88.73%
LDS Lederer,Building Cleaning Services,Others,Germany,Europe,90,0.00%,0,0.00%,0,0,0,0,0,0,5,0,0,90,0.00%
Le Botaniste,Food and Beverage,Food and Beverage,United States,North America,130,0.00%,130,0.00%,,130,,,,,1,130,0,130,0.00%
Le Syndicat des Eaux d’Île-de-France,Public Utilities/Water Management,Energy/Mining/Utilities,France,Europe,"10,412",0.01%,"10,412",0.02%,,"7,700",,"2,712",,,2,"5,206",0,"10,412",0.00%
Leadec,Industrial Services,Construction/Engineering,Germany,Europe,"1,249",0.00%,"1,249",0.00%,,,"1,249",,,,1,"1,249",0,"1,249",0.00%
Leader Team,Construction,Construction/Engineering,United Kingdom,Europe,24,0.00%,24,0.00%,,,,13,11,,2,12,11,13,45.83%
Leap Media,Marketing and Advertising,Advertising/Marketing/PR,United States,North America,20,0.00%,20,0.00%,20,,,,,,1,20,0,20,0.00%
LeasePlan,Automotive/Transportation,Transportation/Logistics,Netherlands,Europe,865,0.00%,0,0.00%,0,0,0,0,0,0,5,0,0,865,0.00%
Lebensgarten,Assisted Living Facilities,Healthcare/Pharmaceuticals,Germany,Europe,10,0.00%,10,0.00%,,,10,,,,1,10,0,10,0.00%
"Lederfabrik Heinen, Loints of Holland",Leather goods,Apparel/Fashion,Germany,Europe,50,0.00%,0,0.00%,0,0,0,0,0,0,5,0,0,50,0.00%
Lederfabrik Josef Heinen GmbH & Co. KG,Fashion/Leather Goods,Apparel/Fashion,Germany,Europe,495,0.00%,395,0.00%,,,,395,,,1,395,0,495,0.00%
Lee Ann Fashions,Apparel and Fashion,Apparel/Fashion,United States,North America,582,0.00%,0,0.00%,0,0,0,0,0,0,5,0,0,582,0.00%
LEFAY RESORT,Hospitality,Travel & Tourism,Italy,Europe,34,0.00%,0,0.00%,0,0,0,0,0,0,5,0,0,34,0.00%
Left Handed Giant,Brewery,Food and Beverage,United Kingdom,Europe,80,0.00%,80,0.00%,,,,,,80,0,80,80,0,100.00%
Legal & General,Financial Services,Financial Services,United Kingdom,Europe,111,0.00%,111,0.00%,,111,,,,,1,111,0,111,0.00%
Legendre,Logistics,Transportation/Logistics,France,Europe,350,0.00%,350,0.00%,,,,,,350,0,350,350,0,100.00%
LEGO,Toys & Games,Retail,Denmark,Europe,200,0.00%,200,0.00%,,,,,,200,0,200,200,0,100.00%
LEGRAND,Electrical equipment and components industry,Technology/Telecommunications,France,Europe,"230,000",0.31%,"230,000",0.35%,,,,,"155,402","74,598",1,"115,000","230,000",0,100.00%
Lehrerkolleg,Education,Others,Germany,Europe,173,0.00%,173,0.00%,,,,,,173,0,173,173,0,100.00%
Lehrerkolleg LK GmbH,Education,Non-profit/Charity/Government/NGO,Germany,Europe,446,0.00%,446,0.00%,,38,,,408,,2,223,408,38,91.48%
LEICHT,Home furnishings or kitchen design industry,Retail,Germany,Europe,"3,530",0.00%,"3,530",0.01%,"1,261","2,000",269,,,,3,"1,177",0,"3,530",0.00%
Leisure 'n Pleasure,Leisure and Hospitality,Travel & Tourism,United States,North America,121,0.00%,121,0.00%,,,,,,121,0,121,121,0,100.00%
Leithäuser,Law firm,Consulting Services,Germany,Europe,12,0.00%,12,0.00%,,,12,,,,1,12,0,12,0.00%
Lemonpie,Film Production,Entertainment/Media/Sports,United States,North America,50,0.00%,50,0.00%,,,,,,50,0,50,50,0,100.00%
Lendesk,Finance,Financial Services,Canada,North America,149,0.00%,149,0.00%,,,,,,149,0,149,149,0,100.00%
LendLease,Real Estate/Construction,Construction/Engineering,Australia,Oceania,880,0.00%,880,0.00%,,880,,,,,1,880,0,880,0.00%
Lenovo,Technology,Technology/Telecommunications,China,Asia,30,0.00%,30,0.00%,,,,,30,,1,30,30,0,100.00%
LEO,Fashion/Apparel,Apparel/Fashion,Italy,Europe,"3,883",0.01%,"3,883",0.01%,,,"3,883",,,,1,"3,883",0,"3,883",0.00%
Leonardo DiCaprio,Entertainment,Entertainment/Media/Sports,United States,North America,170,0.00%,170,0.00%,170,,,,,,1,170,0,170,0.00%
Lernova,Education,Others,United States,North America,55,0.00%,55,0.00%,,,,,,55,0,55,55,0,100.00%
Les Rives,Travel and Tourism,Travel & Tourism,Vietnam,Asia,363,0.00%,363,0.00%,,,,,363,,1,363,363,0,100.00%
Level,Electrical Engineering,Manufacturing/Engineering,United Kingdom,Europe,59,0.00%,59,0.00%,,,,,59,,1,59,59,0,100.00%
Lewis & Clark,Outdoor gear or adventure travel industry,Travel & Tourism,United States,North America,445,0.00%,445,0.00%,,,445,,,,1,445,0,445,0.00%
Lewis Silkin,Law firm,Consulting Services,United Kingdom,Europe,677,0.00%,677,0.00%,,,,,677,,1,677,677,0,100.00%
LG,Consumer Electronics,Technology/Telecommunications,South Korea,Asia,43,0.00%,43,0.00%,,43,,,,,1,43,0,43,0.00%
LGT Bank AG,Banking & Financial services,Financial Services,Liechtenstein,Europe,"13,665",0.02%,"8,899",0.01%,"8,899",,,,,,1,"8,899",0,"13,665",0.00%
Lhoist,Manufacturing/Chemicals,Agriculture/Agribusiness/Resources,Belgium,Europe,"22,420",0.03%,"22,420",0.03%,,,"7,635","2,285","12,500",,3,"7,473","12,500","9,920",55.75%
Liander,Utilities,Energy/Mining/Utilities,Netherlands,Europe,37,0.00%,37,0.00%,,,,,,37,0,37,37,0,100.00%
LichtBlick,Energy & Utilities,Energy/Mining/Utilities,Germany,Europe,"793,732",1.07%,"208,140",0.32%,"6,123","28,484","6,118","30,250","5,052","132,113",5,"34,690","137,165","656,567",17.28%
Lidl,Retail - Grocery,Food and Beverage,Germany,Europe,"893,013",1.20%,"876,162",1.34%,,"101,864","78,514",,"353,128","342,656",3,"219,041","695,784","197,229",77.91%
Life Cycle Strategies,Business Consulting,Consulting Services,Australia,Oceania,"1,901",0.00%,"1,901",0.00%,,,,,61,"1,840",1,951,"1,901",0,100.00%
Life Productions,Media and Entertainment,Entertainment/Media/Sports,United States,North America,28,0.00%,28,0.00%,14,14,,,,,2,14,0,28,0.00%
LifeGate,Environmental sustainability,Agriculture/Agribusiness/Resources,Italy,Europe,"20,852",0.03%,"20,852",0.03%,"10,226",,,,"10,626",,2,"10,426","10,626","10,226",50.96%
Lifetime,Consumer Goods/Outdoor Recreation,Retail,United States,North America,631,0.00%,631,0.00%,,,,631,,,1,631,0,631,0.00%
Lifetime Training Ltd,Education and Training,Consulting Services,United Kingdom,Europe,"3,038",0.00%,"3,038",0.00%,,"1,531",,"1,507",,,2,"1,519",0,"3,038",0.00%
Lightman,Investment Management,Financial Services,United Kingdom,Europe,27,0.00%,27,0.00%,,,27,,,,1,27,0,27,0.00%
Lijnco,Manufacturing,Construction/Engineering,Netherlands,Europe,268,0.00%,0,0.00%,0,0,0,0,0,0,5,0,0,268,0.00%
Lil-lets,Feminine hygiene products,Retail,United Kingdom,Europe,200,0.00%,200,0.00%,,,200,,,,1,200,0,200,0.00%
Lillehammer,Travel and tourism,Travel & Tourism,Norway,Europe,"4,952",0.01%,"2,488",0.00%,,,"2,488",,,,1,"2,488",0,"4,952",0.00%
Lind & Co,Publishing/Book industry,Entertainment/Media/Sports,Sweden,Europe,647,0.00%,647,0.00%,,,647,,,,1,647,0,647,0.00%
Lindblad,Travel & Leisure,Travel & Tourism,United States,North America,"24,793",0.03%,"24,793",0.04%,,,,,,"24,793",0,"24,793","24,793",0,100.00%
Linkdagarna Datateknologsektionen,Technology,Technology/Telecommunications,Sweden,Europe,56,0.00%,56,0.00%,,56,,,,,1,56,0,56,0.00%
Linklaters,Law firm,Consulting Services,United Kingdom,Europe,"109,237",0.15%,"90,737",0.14%,,"35,337","11,900",,"22,500","21,000",3,"22,684","43,500","65,737",39.82%
Linköping University,Education/Student Organizations,Non-profit/Charity/Government/NGO,Sweden,Europe,476,0.00%,476,0.00%,419,57,,,,,2,238,0,476,0.00%
Linz Center of Mechatronics GmbH,Engineering/Technology,Construction/Engineering,Austria,Europe,297,0.00%,297,0.00%,,,,297,,,1,297,0,297,0.00%
Lion,Food and beverage,Food and Beverage,Sri Lanka,Asia,"7,500",0.01%,"7,500",0.01%,,"3,012","2,039","2,449",,,3,"2,500",0,"7,500",0.00%
Lion Camp,Hospitality/Travel & Tourism,Travel & Tourism,Zambia,Africa,"1,200",0.00%,"1,200",0.00%,"1,200",,,,,,1,"1,200",0,"1,200",0.00%
Lion Landscapes,Landscaping or outdoor services,Retail,Kenya,Africa,536,0.00%,536,0.00%,,,168,,,368,1,268,368,168,68.66%
Lionheart,Fashion,Apparel/Fashion,United States,North America,19,0.00%,0,0.00%,0,0,0,0,0,0,5,0,0,19,0.00%
Liontrust,Financial Services,Financial Services,United Kingdom,Europe,386,0.00%,386,0.00%,,,182,,204,,2,193,204,182,52.85%
Littlefish,Technology/IT Services,Technology/Telecommunications,United Kingdom,Europe,282,0.00%,282,0.00%,,,,136,,146,1,141,146,136,51.77%
Live Nation,Entertainment,Entertainment/Media/Sports,United States,North America,25,0.00%,25,0.00%,,,,,,25,0,25,25,0,100.00%
Liverpool Victoria,Financial Services,Financial Services,United Kingdom,Europe,97,0.00%,97,0.00%,,,,,97,,1,97,97,0,100.00%
Living Seeds,Agriculture/Seed Industry,Agriculture/Agribusiness/Resources,United States,North America,150,0.00%,150,0.00%,,,,150,,,1,150,0,150,0.00%
LJUNGSTRÖM,Industrial Machinery/Equipment,Construction/Engineering,Sweden,Europe,642,0.00%,642,0.00%,,,642,,,,1,642,0,642,0.00%
LO-TCO,Labor Union,Non-profit/Charity/Government/NGO,Sweden,Europe,52,0.00%,52,0.00%,52,,,,,,1,52,0,52,0.00%
Lockton,Insurance and Risk Management,Financial Services,United States,North America,"10,071",0.01%,"10,071",0.02%,,"2,941","1,092","1,000","3,541","1,497",4,"2,014","5,038","5,033",50.02%
Loctax,Tax and accounting software,Technology/Telecommunications,United States,North America,126,0.00%,126,0.00%,,,,,126,,1,126,126,0,100.00%
Locus Fermentation Solutions,Biotechnology,Healthcare/Pharmaceuticals,United States,North America,48,0.00%,48,0.00%,,,,48,,,1,48,0,48,0.00%
Loft Foods,Food and Beverage,Food and Beverage,United Kingdom,Europe,73,0.00%,73,0.00%,,,,30,43,,2,37,43,30,58.90%
Logikfabriken,Marketing and Advertising,Advertising/Marketing/PR,Germany,Europe,20,0.00%,20,0.00%,,,20,,,,1,20,0,20,0.00%
Logiline,Software Development,Technology/Telecommunications,Germany,Europe,77,0.00%,77,0.00%,,,,77,,,1,77,0,77,0.00%
Logstor,Construction/Infrastructure,Construction/Engineering,Denmark,Europe,"1,769",0.00%,"1,769",0.00%,,,"1,769",,,,1,"1,769",0,"1,769",0.00%
Loints of Holland,Food and Beverage,Food and Beverage,Netherlands,Europe,57,0.00%,0,0.00%,0,0,0,0,0,0,5,0,0,57,0.00%
Lola Tech,Technology,Technology/Telecommunications,United States,North America,182,0.00%,182,0.00%,182,,,,,,1,182,0,182,0.00%
Lollo Rosso,Grocery Retail,Retail,Germany,Europe,78,0.00%,78,0.00%,,,29,49,,,2,39,0,78,0.00%
LOM Architecture and Design,Architecture and Design,Construction/Engineering,United States,North America,152,0.00%,152,0.00%,,,,,120,32,1,76,152,0,100.00%
London School of Economics and Political Science,Education,Non-profit/Charity/Government/NGO,United Kingdom,Europe,939,0.00%,939,0.00%,,,,,939,,1,939,939,0,100.00%
London Speaker Bureau,Business/Professional Services,Consulting Services,United Kingdom,Europe,711,0.00%,711,0.00%,193,,518,,,,2,356,0,711,0.00%
LOS,Environmental consulting,Consulting Services,United States,North America,44,0.00%,0,0.00%,0,0,0,0,0,0,5,0,0,44,0.00%
Los & Co,Retail,Retail,Norway,Europe,70,0.00%,70,0.00%,,70,,,,,1,70,0,70,0.00%
Los Angeles Dodgers,Sports,Entertainment/Media/Sports,United States,North America,37,0.00%,0,0.00%,0,0,0,0,0,0,5,0,0,37,0.00%
Loterie Nationale,Gaming/lottery industry,Entertainment/Media/Sports,Belgium,Europe,454,0.00%,454,0.00%,,,,,454,,1,454,454,0,100.00%
Lotus,Beauty and skincare,Retail,United States,North America,266,0.00%,266,0.00%,266,,,,,,1,266,0,266,0.00%
Louis Dreyfus,Agriculture/Commodities Trading,Agriculture/Agribusiness/Resources,Netherlands,Europe,"2,564",0.00%,"2,564",0.00%,,,,"2,564",,,1,"2,564",0,"2,564",0.00%
Louis Vuitton,Luxury Goods,Retail,France,Europe,50,0.00%,50,0.00%,,,,50,,,1,50,0,50,0.00%
Love it Communications,Marketing and Advertising,Advertising/Marketing/PR,United States,North America,60,0.00%,60,0.00%,60,,,,,,1,60,0,60,0.00%
LPJ Studios,eco-friendly home furnishing products,Retail,Germany,Europe,15,0.00%,15,0.00%,,,,15,,,1,15,0,15,0.00%
LRF,Construction,Construction/Engineering,Sweden,Europe,88,0.00%,88,0.00%,88,,,,,,1,88,0,88,0.00%
LSW Architects,Architecture and Design,Construction/Engineering,United States,North America,288,0.00%,288,0.00%,,,,288,,,1,288,0,288,0.00%
Lufthansa,Airlines,Transportation/Logistics,Germany,Europe,"267,602",0.36%,"267,602",0.41%,,,,,,"267,602",0,"267,602","267,602",0,100.00%
Luleå Cathedral Parish,Religious Institutions,Non-profit/Charity/Government/NGO,Sweden,Europe,57,0.00%,57,0.00%,,,,,,57,0,57,57,0,100.00%
Luminate,"Artificial Intelligence, Machine Learning, Data Science",Technology/Telecommunications,United States,North America,11,0.00%,11,0.00%,,,,,11,,1,11,11,0,100.00%
Luminor,Finance/ Banking,Financial Services,Estonia,Europe,137,0.00%,137,0.00%,,,,137,,,1,137,0,137,0.00%
Luna y Rojas / CR Building,Construction,Construction/Engineering,Costa Rica,North America,14,0.00%,14,0.00%,,14,,,,,1,14,0,14,0.00%
Lundahl,Electronics or audio equipment industry,Technology/Telecommunications,Sweden,Europe,"2,400",0.00%,"2,400",0.00%,"1,600",400,400,,,,3,800,0,"2,400",0.00%
Lundbeck,Pharmaceuticals,Healthcare/Pharmaceuticals,Denmark,Europe,32,0.00%,32,0.00%,,,,,,32,0,32,32,0,100.00%
Lupe Technology Ltd UK,Technology,Technology/Telecommunications,United Kingdom,Europe,99,0.00%,99,0.00%,,,61,,38,,2,50,38,61,38.38%
Lustsee GmbH,Tourism/Hospitality,Travel & Tourism,Germany,Europe,60,0.00%,60,0.00%,,,60,,,,1,60,0,60,0.00%
LUX,Beauty and personal care,Retail,Canada,North America,"10,141",0.01%,0,0.00%,0,0,0,0,0,0,5,0,0,"10,141",0.00%
Luxembourg Airlines,Airline industry,Transportation/Logistics,Luxembourg,Europe,"2,636",0.00%,"2,636",0.00%,,,,557,742,"1,337",2,879,"2,079",557,78.87%
Luxembourg Government Climate and Energy Fund,Government,Non-profit/Charity/Government/NGO,Luxembourg,Europe,"31,408",0.04%,"31,408",0.05%,,,,,,"31,408",0,"31,408","31,408",0,100.00%
Lynton,Beauty and skincare industry,Retail,United Kingdom,Europe,339,0.00%,339,0.00%,,,,,136,203,1,170,339,0,100.00%
Lynx,Construction,Construction/Engineering,United States,North America,69,0.00%,69,0.00%,,,,,69,,1,69,69,0,100.00%
Lyon-Bron,Aerospace and Defense,Manufacturing/Engineering,France,Europe,38,0.00%,38,0.00%,,,,,,38,0,38,38,0,100.00%
Lytely,Healthcare/Pharmaceuticals,Healthcare/Pharmaceuticals,United States,North America,500,0.00%,500,0.00%,,500,,,,,1,500,0,500,0.00%
M-Files,Software,Technology/Telecommunications,Finland,Europe,72,0.00%,72,0.00%,,,,,,72,0,72,72,0,100.00%
M.D.G. IT,Information Technology,Technology/Telecommunications,Australia,Oceania,15,0.00%,15,0.00%,,,,,15,,1,15,15,0,100.00%
M.Y.,Retail,Retail,United States,North America,75,0.00%,63,0.00%,,,,63,,,1,63,0,75,0.00%
M.Y. Mirage,Cosmetics,Retail,United Arab Emirates,Middle East,96,0.00%,96,0.00%,,96,,,,,1,96,0,96,0.00%
M.Y. Monkeyfish,Seafood,Food and Beverage,Malaysia,Asia,33,0.00%,33,0.00%,,,,33,,,1,33,0,33,0.00%
M.Y. Trending,Social Media Marketing,Advertising/Marketing/PR,Malaysia,Asia,84,0.00%,84,0.00%,,84,,,,,1,84,0,84,0.00%
M&C Saatchi,Advertising/Marketing,Advertising/Marketing/PR,United Kingdom,Europe,250,0.00%,0,0.00%,0,0,0,0,0,0,5,0,0,250,0.00%
M&G,Financial services,Financial Services,United Kingdom,Europe,892,0.00%,892,0.00%,,,892,,,,1,892,0,892,0.00%
MA Pimentel Biscaia,Law firm,Consulting Services,Portugal,Europe,10,0.00%,10,0.00%,10,,,,,,1,10,0,10,0.00%
Ma2Me2,Social Media,Technology/Telecommunications,United States,North America,25,0.00%,25,0.00%,,25,,,,,1,25,0,25,0.00%
MAAS Aviation,Aviation,Transportation/Logistics,United States,North America,382,0.00%,382,0.00%,,,,123,209,50,2,127,259,123,67.80%
Mabanaft,Oil and Energy,Energy/Mining/Utilities,Germany,Europe,700,0.00%,700,0.00%,,,,,,700,0,700,700,0,100.00%
MAC,Beauty and cosmetics industry,Retail,United States,North America,"3,000",0.00%,"3,000",0.00%,"2,000","1,000",,,,,2,"1,500",0,"3,000",0.00%
mac. brand spaces,Marketing and Advertising,Advertising/Marketing/PR,Germany,Europe,12,0.00%,12,0.00%,,,,12,,,1,12,0,12,0.00%
MAC3,Technology,Technology/Telecommunications,United States,North America,"2,000",0.00%,"2,000",0.00%,,,,,,"2,000",0,"2,000","2,000",0,100.00%
MacArthur Green,Real Estate,Others,United States,North America,32,0.00%,32,0.00%,,,32,,,,1,32,0,32,0.00%
Macdonald-Cartier,Food and Beverage,Food and Beverage,Canada,North America,"2,600",0.00%,"2,600",0.00%,"2,600",,,,,,1,"2,600",0,"2,600",0.00%
Mace Ltd,Security and defense industry,Non-profit/Charity/Government/NGO,United Kingdom,Europe,"7,750",0.01%,"7,750",0.01%,,"6,000",,750,"1,000",,3,"2,583","1,000","6,750",12.90%
Macmillan,Publishing/education industry,Entertainment/Media/Sports,United States,North America,"15,720",0.02%,"9,000",0.01%,"1,000","5,000","3,000",,,,3,"3,000",0,"15,720",0.00%
MacNean House & Restaurant,Hospitality,Travel & Tourism,Ireland,Europe,20,0.00%,20,0.00%,20,,,,,,1,20,0,20,0.00%
Macondo,Marketing and Communications,Advertising/Marketing/PR,Germany,Europe,64,0.00%,64,0.00%,,,,25,39,,2,32,39,25,60.94%
MacPac,Retail - Apparel & Accessories,Apparel/Fashion,New Zealand,Oceania,134,0.00%,134,0.00%,,,,,,134,0,134,134,0,100.00%
Macquarie Group,Financial Services,Financial Services,Australia,Oceania,"8,219",0.01%,"8,219",0.01%,,"8,019",,200,,,2,"4,110",0,"8,219",0.00%
Mad As,Food and Beverage,Food and Beverage,United States,North America,22,0.00%,0,0.00%,0,0,0,0,0,0,5,0,0,22,0.00%
Made Tech,Information Technology,Technology/Telecommunications,United Kingdom,Europe,"1,022",0.00%,"1,022",0.00%,,,,,,"1,022",0,"1,022","1,022",0,100.00%
Maderama,Furniture,Retail,Colombia,South America,47,0.00%,0,0.00%,0,0,0,0,0,0,5,0,0,47,0.00%
Maestro Tour Management,Travel and Tourism,Travel & Tourism,United Kingdom,Europe,30,0.00%,30,0.00%,,,,,30,,1,30,30,0,100.00%
Magentus Group,Business/Consulting Services,Consulting Services,United States,North America,374,0.00%,374,0.00%,,,,,374,,1,374,374,0,100.00%
Magentus Software Limited,Technology/Software,Technology/Telecommunications,United States,North America,154,0.00%,154,0.00%,,,,,154,,1,154,154,0,100.00%
Magna International,Automotive,Transportation/Logistics,Canada,North America,"33,239",0.04%,"33,239",0.05%,,,,,,"33,239",0,"33,239","33,239",0,100.00%
Maiborn,Technology/IT sector,Technology/Telecommunications,Germany,Europe,"1,270",0.00%,"1,270",0.00%,,"1,270",,,,,1,"1,270",0,"1,270",0.00%
Mainau GmbH,Retail/Consumer Goods,Retail,Germany,Europe,900,0.00%,900,0.00%,,900,,,,,1,900,0,900,0.00%
Mainova AG,Utilities/Energy,Energy/Mining/Utilities,Germany,Europe,960,0.00%,0,0.00%,0,0,0,0,0,0,5,0,0,960,0.00%
Mairie de Nice,Government/Local Government,Non-profit/Charity/Government/NGO,France,Europe,269,0.00%,0,0.00%,0,0,0,0,0,0,5,0,0,269,0.00%
Majemaförlaget AB,Publishing/Printing,Entertainment/Media/Sports,Sweden,Europe,300,0.00%,300,0.00%,,,,300,,,1,300,0,300,0.00%
Makedonski Telekom,Telecommunications,Technology/Telecommunications,North Macedonia,Europe,"17,622",0.02%,"17,622",0.03%,,,,,,"17,622",0,"17,622","17,622",0,100.00%
Making Cents,Financial Services,Financial Services,United States,North America,71,0.00%,71,0.00%,,,,,,71,0,71,71,0,100.00%
Maku Brewing,Food & Beverage,Food and Beverage,Finland,Europe,575,0.00%,575,0.00%,,268,307,,,,2,288,0,575,0.00%
Maliasili,Non-profit organization,Non-profit/Charity/Government/NGO,Tanzania,Africa,41,0.00%,41,0.00%,,,,,,41,0,41,41,0,100.00%
Malilangwe Trust,Non-profit/Conservation,Agriculture/Agribusiness/Resources,Zimbabwe,Africa,750,0.00%,750,0.00%,,,,750,,,1,750,0,750,0.00%
Malk,Food and Beverage,Food and Beverage,United States,North America,604,0.00%,604,0.00%,,460,144,,,,2,302,0,604,0.00%
Malmö City,Government/Municipality,Non-profit/Charity/Government/NGO,Sweden,Europe,18,0.00%,18,0.00%,,18,,,,,1,18,0,18,0.00%
Malte Lange,Fashion,Apparel/Fashion,Germany,Europe,40,0.00%,40,0.00%,40,,,,,,1,40,0,40,0.00%
Malteser Hilfsdienst e.V.,Food and Beverage,Food and Beverage,Germany,Europe,"4,321",0.01%,"4,321",0.01%,,,,"1,942","2,288",91,2,"1,440","2,379","1,942",55.06%
Mama Cash,Non-profit/charity sector,Non-profit/Charity/Government/NGO,Netherlands,Europe,630,0.00%,291,0.00%,291,,,,,,1,291,0,630,0.00%
Management Partner GmbH,Management Consulting,Consulting Services,Germany,Europe,270,0.00%,270,0.00%,,,270,,,,1,270,0,270,0.00%
Mananalu,Beverage industry,Food and Beverage,United States,North America,313,0.00%,313,0.00%,,,,313,,,1,313,0,313,0.00%
Manchester Airports Group (MAG),Travel and Transportation,Travel & Tourism,United Kingdom,Europe,"150,101",0.20%,"137,700",0.21%,"38,707","23,433","27,064","23,733","24,763",,5,"27,540","24,763","125,338",16.50%
MANE Group,Beauty and fragrance industry,Retail,France,Europe,"25,520",0.03%,"25,520",0.04%,,,,"25,520",,,1,"25,520",0,"25,520",0.00%
Mangold & Mangold,Public Relations,Advertising/Marketing/PR,Germany,Europe,37,0.00%,37,0.00%,,,,,,37,0,37,37,0,100.00%
Manitou Group,Manufacturing,Manufacturing/Engineering,France,Europe,"1,861",0.00%,"1,861",0.00%,,,,,,"1,861",0,"1,861","1,861",0,100.00%
Maniyar Capital Advisors,Financial Services,Financial Services,India,Asia,57,0.00%,57,0.00%,,,,,57,,1,57,57,0,100.00%
Mannheimer Swartling,Law firm,Consulting Services,Sweden,Europe,"6,081",0.01%,"6,081",0.01%,"1,839","1,824",863,479,"1,076",,5,"1,216","1,076","5,005",17.69%
Manning,Real Estate,Others,United States,North America,10,0.00%,10,0.00%,,10,,,,,1,10,0,10,0.00%
MannionDaniels,Healthcare,Healthcare/Pharmaceuticals,United Kingdom,Europe,110,0.00%,110,0.00%,,,,,,110,0,110,110,0,100.00%
Manolo Blahnik,Luxury footwear,Apparel/Fashion,United Kingdom,Europe,12,0.00%,12,0.00%,,,12,,,,1,12,0,12,0.00%
Mansfield Pollard & Co Ltd,Manufacturing/Engineering,Construction/Engineering,United Kingdom,Europe,500,0.00%,500,0.00%,,,500,,,,1,500,0,500,0.00%
Manutan,Distribution,Transportation/Logistics,France,Europe,"2,001",0.00%,"2,001",0.00%,,,,,,"2,001",0,"2,001","2,001",0,100.00%
MapBox,Technology/Software/Mapping & Navigation,Technology/Telecommunications,United States,North America,300,0.00%,300,0.00%,,,300,,,,1,300,0,300,0.00%
Mapei,Construction Materials,Construction/Engineering,Italy,Europe,"112,085",0.15%,"112,085",0.17%,,,,,,"112,085",0,"112,085","112,085",0,100.00%
Maradan,Pharmaceuticals,Healthcare/Pharmaceuticals,India,Asia,10,0.00%,10,0.00%,10,,,,,,1,10,0,10,0.00%
Marathon Oil,Energy/ Oil and Gas sector,Energy/Mining/Utilities,United States,North America,"67,485",0.09%,"67,485",0.10%,,,,485,,"67,000",1,"33,743","67,000",485,99.28%
Marco Urban,Real Estate,Others,Italy,Europe,12,0.00%,12,0.00%,12,,,,,,1,12,0,12,0.00%
Marfin Popular Bank,Banking,Financial Services,Cyprus,Europe,60,0.00%,0,0.00%,0,0,0,0,0,0,5,0,0,60,0.00%
Marika Kaksonen,Fashion,Apparel/Fashion,Finland,Europe,88,0.00%,88,0.00%,,88,,,,,1,88,0,88,0.00%
MARINA DELERCE,Fashion,Apparel/Fashion,France,Europe,21,0.00%,21,0.00%,21,,,,,,1,21,0,21,0.00%
Marina Militare,"Fashion, Apparel, and Accessories",Apparel/Fashion,Italy,Europe,30,0.00%,30,0.00%,,,,30,,,1,30,0,30,0.00%
Maritime Zone Solutions,Maritime,Transportation/Logistics,United Kingdom,Europe,38,0.00%,38,0.00%,,,,38,,,1,38,0,38,0.00%
Mark Communications,Public Relations,Advertising/Marketing/PR,United States,North America,60,0.00%,60,0.00%,,60,,,,,1,60,0,60,0.00%
Mark Rayson Consulting,Management Consulting,Consulting Services,United Kingdom,Europe,15,0.00%,15,0.00%,,,,15,,,1,15,0,15,0.00%
Markit,Financial Data and Analytics,Financial Services,United Kingdom,Europe,39,0.00%,0,0.00%,0,0,0,0,0,0,5,0,0,39,0.00%
Marlin,Fishing or boating industry.,Agriculture/Agribusiness/Resources,United States,North America,109,0.00%,109,0.00%,,109,,,,,1,109,0,109,0.00%
Marriott,Hospitality,Travel & Tourism,United States,North America,162,0.00%,148,0.00%,,,,148,,,1,148,0,162,0.00%
Marsh,Insurance,Financial Services,United States,North America,"4,000",0.01%,"4,000",0.01%,,,,,,"4,000",0,"4,000","4,000",0,100.00%
MARTY,Sports,Entertainment/Media/Sports,France,Europe,96,0.00%,96,0.00%,,,,,,96,0,96,96,0,100.00%
Mary Kay,Beauty and Personal Care,Retail,United States,North America,10,0.00%,10,0.00%,,,,,,10,0,10,10,0,100.00%
Maserati,Automotive,Transportation/Logistics,Italy,Europe,30,0.00%,0,0.00%,0,0,0,0,0,0,5,0,0,30,0.00%
Mass Consultants Ltd,Consulting,Consulting Services,United Kingdom,Europe,774,0.00%,774,0.00%,,,,,,774,0,774,774,0,100.00%
Master of Ceremonies Limited,Event Planning/Entertainment industry,Entertainment/Media/Sports,United Kingdom,Europe,291,0.00%,291,0.00%,,,291,,,,1,291,0,291,0.00%
"Mastermark, Davis Ogilvie",Consulting,Consulting Services,New Zealand,Oceania,555,0.00%,555,0.00%,,,,,,555,0,555,555,0,100.00%
Matrixport,Financial Technology (FinTech),Technology/Telecommunications,Singapore,Asia,84,0.00%,84,0.00%,,,,84,,,1,84,0,84,0.00%
Mauritius Conscious Travel,Tourism,Travel & Tourism,Mauritius,Africa,79,0.00%,79,0.00%,79,,,,,,1,79,0,79,0.00%
Maxol,Oil & Gas - Integrated,Energy/Mining/Utilities,Ireland,Europe,"4,898",0.01%,"4,898",0.01%,,,,,,"4,898",0,"4,898","4,898",0,100.00%
Mayerhöfer & Co,Consulting,Consulting Services,Germany,Europe,14,0.00%,14,0.00%,,,,,,14,0,14,14,0,100.00%
Mayne,Veterinary Services,Healthcare/Pharmaceuticals,Australia,Oceania,150,0.00%,150,0.00%,,,,,,150,0,150,150,0,100.00%
Mayne Veterinary Clinic,Veterinary Services,Healthcare/Pharmaceuticals,United Kingdom,Europe,76,0.00%,76,0.00%,,,,,76,,1,76,76,0,100.00%
Mcadams,Food and beverage industry,Food and Beverage,United States,North America,310,0.00%,310,0.00%,,,,310,,,1,310,0,310,0.00%
McBride Sisters,Wine industry,Food and Beverage,United States,North America,"1,952",0.00%,"1,952",0.00%,,,,,"1,952",,1,"1,952","1,952",0,100.00%
MCC,Technology/Telecommunications,Technology/Telecommunications,United States,North America,882,0.00%,882,0.00%,,,,882,,,1,882,0,882,0.00%
McCann Worldgroup,Advertising/Marketing,Advertising/Marketing/PR,United States,North America,197,0.00%,0,0.00%,0,0,0,0,0,0,5,0,0,197,0.00%
McConnell Real Estate,Real Estate,Real Estate,United States,North America,15,0.00%,15,0.00%,,,,,,15,0,15,15,0,100.00%
McDonnell Douglas,Aerospace and Defense,Manufacturing/Engineering,United States,North America,12,0.00%,12,0.00%,,12,,,,,1,12,0,12,0.00%
McGuinness,Construction and Engineering,Construction/Engineering,Ireland,Europe,696,0.00%,696,0.00%,,,,,,696,0,696,696,0,100.00%
McKinsey,Consulting,Consulting Services,United States,North America,"169,429",0.23%,"164,165",0.25%,"7,370","6,000","52,000","86,693","12,102",,5,"32,833","12,102","157,327",7.14%
MCX,Financial Services,Financial Services,Netherlands,Europe,80,0.00%,0,0.00%,0,0,0,0,0,0,5,0,0,80,0.00%
MD Comunicaciones del Futuro,Telecommunications,Technology/Telecommunications,Costa Rica,North America,51,0.00%,28,0.00%,14,14,,,,,2,14,0,51,0.00%
MDG,Technology/IT sector,Technology/Telecommunications,Madagascar,Africa,200,0.00%,0,0.00%,0,0,0,0,0,0,5,0,0,200,0.00%
MDH AG Mamisch Dental Health,Dental Health,Healthcare/Pharmaceuticals,Germany,Europe,12,0.00%,12,0.00%,,,,,,12,0,12,12,0,100.00%
Mearns & Gill,Marketing and Advertising,Advertising/Marketing/PR,United Kingdom,Europe,34,0.00%,34,0.00%,,,,,,34,0,34,34,0,100.00%
MED.entertain,Entertainment,Entertainment/Media/Sports,Germany,Europe,20,0.00%,20,0.00%,,,,20,,,1,20,0,20,0.00%
Medartuum,Healthcare,Healthcare/Pharmaceuticals,United States,North America,10,0.00%,10,0.00%,,,,,10,,1,10,10,0,100.00%
MediaCenter,Technology/Software,Technology/Telecommunications,United States,North America,102,0.00%,102,0.00%,102,,,,,,1,102,0,102,0.00%
MediaCom,Advertising & Marketing,Advertising/Marketing/PR,United Kingdom,Europe,"1,336",0.00%,"1,336",0.00%,,,,,,"1,336",0,"1,336","1,336",0,100.00%
MediShopXL,"Retail, Pharmacy",Retail,India,Asia,24,0.00%,24,0.00%,24,,,,,,1,24,0,24,0.00%
Meelunie,Food and Beverage,Food and Beverage,Netherlands,Europe,392,0.00%,392,0.00%,,,,,,392,0,392,392,0,100.00%
Meetings & Incentives Worldwide Inc.,Hospitality/Event Planning,Travel & Tourism,United States,North America,425,0.00%,425,0.00%,,,,,208,217,1,213,425,0,100.00%
Meld Apparel,Fashion/Apparel,Apparel/Fashion,United States,North America,12,0.00%,12,0.00%,,,,,,12,0,12,12,0,100.00%
Menigo,Food and beverage industry,Food and Beverage,Sweden,Europe,"11,705",0.02%,"11,705",0.02%,,"5,000",,"3,372","3,333",,3,"3,902","3,333","8,372",28.48%
Mer AS,Retail,Retail,Norway,Europe,"3,331",0.00%,"3,331",0.01%,,,,,946,"2,385",1,"1,666","3,331",0,100.00%
Mer Fleet Services,Fleet Management,Transportation/Logistics,United Kingdom,Europe,430,0.00%,430,0.00%,,,,,430,,1,430,430,0,100.00%
Mercedes-Benz,Automotive,Transportation/Logistics,Germany,Europe,"11,126",0.01%,"10,947",0.02%,172,109,,,"1,024","9,642",3,"2,737","10,666",460,95.87%
Merchant Gourmet,Food and Beverage,Food and Beverage,United Kingdom,Europe,51,0.00%,51,0.00%,,,,,51,,1,51,51,0,100.00%
Merredin Energy,Energy sector,Energy/Mining/Utilities,Australia,Oceania,"10,800",0.01%,"10,800",0.02%,,,"4,900","1,000","4,900",,3,"3,600","4,900","5,900",45.37%
Merri-Bek City Council,Government,Non-profit/Charity/Government/NGO,Australia,Oceania,"99,845",0.13%,"99,845",0.15%,,,,,,"99,845",0,"99,845","99,845",0,100.00%
Merways,Automotive,Transportation/Logistics,Germany,Europe,"6,952",0.01%,"6,952",0.01%,,,,,300,"6,652",1,"3,476","6,952",0,100.00%
MES SPV Pty Ltd,Renewable Energy,Energy/Mining/Utilities,Australia,Oceania,220,0.00%,220,0.00%,,,,,,220,0,220,220,0,100.00%
MesseService und -Bau,"Construction, Event Services",Construction/Engineering,Germany,Europe,28,0.00%,28,0.00%,,,28,,,,1,28,0,28,0.00%
Meta,Technology,Technology/Telecommunications,United States,North America,200,0.00%,200,0.00%,,,200,,,,1,200,0,200,0.00%
"Meta Platforms, Inc.",Technology/ Social Media,Entertainment/Media/Sports,United States,North America,"140,000",0.19%,"140,000",0.21%,,,"90,000","50,000",,,2,"70,000",0,"140,000",0.00%
Meta-Carbon,Materials and Manufacturing,Agriculture/Agribusiness/Resources,United States,North America,100,0.00%,100,0.00%,,,100,,,,1,100,0,100,0.00%
Metro Shipping Limited,Shipping and Logistics,Transportation/Logistics,United Kingdom,Europe,216,0.00%,216,0.00%,,,39,42,,135,2,72,135,81,62.50%
Metrobus,Transportation/ Public Transit,Transportation/Logistics,Turkey,Asia,"1,101",0.00%,"1,101",0.00%,,,"1,101",,,,1,"1,101",0,"1,101",0.00%
MFPM,Financial Services,Financial Services,United Kingdom,Europe,"8,346",0.01%,"8,346",0.01%,,"8,346",,,,,1,"8,346",0,"8,346",0.00%
MG,Automotive,Transportation/Logistics,United States,North America,"5,000",0.01%,0,0.00%,0,0,0,0,0,0,5,0,0,"5,000",0.00%
MGI Media and Games Invest SE,Media and Entertainment,Entertainment/Media/Sports,Germany,Europe,"46,635",0.06%,"40,635",0.06%,"5,909",,"11,872",,"22,854",,3,"13,545","22,854","23,781",49.01%
MH Bland,Shipping and logistics,Transportation/Logistics,Gibraltar,Europe,396,0.00%,396,0.00%,,,,,,396,0,396,396,0,100.00%
Michael Kors,Fashion/Apparel,Apparel/Fashion,United States,North America,10,0.00%,10,0.00%,,,,,,10,0,10,10,0,100.00%
Michael Page,Recruitment/Staffing,Consulting Services,United Kingdom,Europe,209,0.00%,209,0.00%,,,,209,,,1,209,0,209,0.00%
Michelin,Automotive/Transportation (tires),Transportation/Logistics,France,Europe,"1,922",0.00%,"1,922",0.00%,,,,"1,922",,,1,"1,922",0,"1,922",0.00%
Microsoft,Technology/Software,Technology/Telecommunications,United States,North America,707,0.00%,707,0.00%,,,481,,,226,1,354,226,481,31.97%
Midsona,Consumer Goods,Retail,Sweden,Europe,"7,410",0.01%,"6,139",0.01%,"3,862","1,597",,680,,,3,"2,046",0,"7,410",0.00%
MIGUA,Construction or building materials,Construction/Engineering,Germany,Europe,"1,122",0.00%,"1,122",0.00%,,,,122,,"1,000",1,561,"1,000",122,89.13%
Milexa,Healthcare,Healthcare/Pharmaceuticals,United States,North America,208,0.00%,208,0.00%,,,101,107,,,2,104,0,208,0.00%
Milford,Financial Services,Financial Services,United States,North America,380,0.00%,380,0.00%,,,,,,380,0,380,380,0,100.00%
Miljøpartiet de Grønne,Politics,Non-profit/Charity/Government/NGO,Norway,Europe,"13,477",0.02%,"13,477",0.02%,,,,,,"13,477",0,"13,477","13,477",0,100.00%
Mill Reef Capital,Investment Management,Financial Services,Switzerland,Europe,16,0.00%,16,0.00%,,,,,16,,1,16,16,0,100.00%
Millennium,Financial Services,Financial Services,United Kingdom,Europe,38,0.00%,38,0.00%,,,,,38,,1,38,38,0,100.00%
Million Air,Aviation/Aerospace,Transportation/Logistics,United States,North America,140,0.00%,140,0.00%,,,,,,140,0,140,140,0,100.00%
Million Dollar Baby Co.,Furniture/ Home Goods,Retail,United States,North America,300,0.00%,300,0.00%,,,,,300,,1,300,300,0,100.00%
MillionAir,Aviation/Aerospace,Transportation/Logistics,United States,North America,"9,170",0.01%,"9,170",0.01%,,,,,,"9,170",0,"9,170","9,170",0,100.00%
Mindbody,Technology,Technology/Telecommunications,United States,North America,175,0.00%,175,0.00%,,,,,,175,0,175,175,0,100.00%
Mindera,Technology,Technology/Telecommunications,Portugal,Europe,666,0.00%,666,0.00%,,,,,,666,0,666,666,0,100.00%
Mindful Mission,Health and wellness,Healthcare/Pharmaceuticals,United States,North America,500,0.00%,500,0.00%,,,,250,250,,2,250,250,250,50.00%
Mineralbrunnen,Beverage industry,Food and Beverage,Germany,Europe,"3,145",0.00%,"3,145",0.00%,"3,145",,,,,,1,"3,145",0,"3,145",0.00%
Mineralwasser,Beverage,Food and Beverage,Germany,Europe,124,0.00%,0,0.00%,0,0,0,0,0,0,5,0,0,124,0.00%
Minimum,Fashion/Apparel,Apparel/Fashion,Denmark,Europe,"1,800",0.00%,"1,800",0.00%,,,800,"1,000",,,2,900,0,"1,800",0.00%
Ministère des Affaires Etrangères,Government/Foreign Affairs,Non-profit/Charity/Government/NGO,France,Europe,"11,326",0.02%,"5,176",0.01%,,"2,098",,"3,078",,,2,"2,588",0,"11,326",0.00%
Ministerial Air Travel,Government/Politics,Non-profit/Charity/Government/NGO,United States,North America,954,0.00%,954,0.00%,,,,,954,,1,954,954,0,100.00%
Mint,Finance,Financial Services,United States,North America,36,0.00%,36,0.00%,,,,,,36,0,36,36,0,100.00%
Mirchandani,Law Firm,Consulting Services,United States,North America,"1,614",0.00%,0,0.00%,0,0,0,0,0,0,5,0,0,"1,614",0.00%
Mission Financial Partners,Financial Services,Financial Services,United States,North America,"1,000",0.00%,"1,000",0.00%,,,,,,"1,000",0,"1,000","1,000",0,100.00%
Mistra Group,Food and Beverage,Food and Beverage,Sweden,Europe,180,0.00%,180,0.00%,180,,,,,,1,180,0,180,0.00%
Mizuho,Financial Services,Financial Services,Japan,Asia,115,0.00%,115,0.00%,,,,,,115,0,115,115,0,100.00%
MKSC,Financial Services,Financial Services,Sweden,Europe,35,0.00%,35,0.00%,,35,,,,,1,35,0,35,0.00%
Möbelfabrik Fr. Rudolf & Sohn GmbH & Co. KG,Furniture manufacturing,Construction/Engineering,Germany,Europe,866,0.00%,866,0.00%,187,252,427,,,,3,289,0,866,0.00%
Möbelwerke A. Decker GmbH,Furniture manufacturing,Construction/Engineering,Germany,Europe,248,0.00%,248,0.00%,248,,,,,,1,248,0,248,0.00%
MOBI,Automotive,Transportation/Logistics,Switzerland,Europe,87,0.00%,87,0.00%,,,,87,,,1,87,0,87,0.00%
Mobility Motors,Automotive,Transportation/Logistics,Germany,Europe,"4,018",0.01%,"4,018",0.01%,"1,623","2,094",,301,,,3,"1,339",0,"4,018",0.00%
Mobsta,Social Media Marketing,Advertising/Marketing/PR,United States,North America,318,0.00%,318,0.00%,,,,,103,215,1,159,318,0,100.00%
Mode,Printing Services,Others,United States,North America,126,0.00%,126,0.00%,,56,70,,,,2,63,0,126,0.00%
Modern Contradiction Ltd,Food and Beverage,Food and Beverage,United Kingdom,Europe,40,0.00%,40,0.00%,,,,,,40,0,40,40,0,100.00%
Modern Motor Trimmers,Automotive industry,Manufacturing/Engineering,Australia,Oceania,347,0.00%,347,0.00%,,,,,,347,0,347,347,0,100.00%
Modint,Fashion/Apparel,Apparel/Fashion,Netherlands,Europe,714,0.00%,0,0.00%,0,0,0,0,0,0,5,0,0,714,0.00%
Mods Graphic Studio,Graphic Design,Others,Sweden,Europe,15,0.00%,0,0.00%,0,0,0,0,0,0,5,0,0,15,0.00%
Modulyss,Flooring,Construction/Engineering,Belgium,Europe,"1,547",0.00%,"1,547",0.00%,,,,,,"1,547",0,"1,547","1,547",0,100.00%
Modus,Technology/Software,Technology/Telecommunications,United States,North America,111,0.00%,111,0.00%,,,,,111,,1,111,111,0,100.00%
Moja,Food and Beverage,Food and Beverage,Indonesia,Asia,10,0.00%,10,0.00%,,,,,10,,1,10,10,0,100.00%
Mojo Concerts,Entertainment,Entertainment/Media/Sports,Netherlands,Europe,62,0.00%,62,0.00%,,,,,41,21,1,31,62,0,100.00%
Momentive,Technology,Technology/Telecommunications,United States,North America,102,0.00%,102,0.00%,,,,,,102,0,102,102,0,100.00%
Moncler,Fashion/Apparel,Apparel/Fashion,Italy,Europe,"7,000",0.01%,"7,000",0.01%,,,,"2,500","1,900","2,600",2,"2,333","4,500","2,500",64.29%
Mondi,Packaging & Containers,Manufacturing/Engineering,Austria,Europe,177,0.00%,177,0.00%,,,,,,177,0,177,177,0,100.00%
Mondo,Home Decor,Retail,United States,North America,10,0.00%,10,0.00%,,,,10,,,1,10,0,10,0.00%
Moneybox,Financial Services,Financial Services,United Kingdom,Europe,153,0.00%,153,0.00%,,,39,,,114,1,77,114,39,74.51%
Mongolian BBQ,Restaurant,Food and Beverage,Mongolia,Asia,10,0.00%,10,0.00%,,10,,,,,1,10,0,10,0.00%
Monolith Brick & Stone Ltd,Construction,Construction/Engineering,Canada,North America,301,0.00%,301,0.00%,,,,,,301,0,301,301,0,100.00%
Monroe,Automotive,Transportation/Logistics,United States,North America,155,0.00%,155,0.00%,,,,155,,,1,155,0,155,0.00%
Montana,Financial Services,Financial Services,United States,North America,325,0.00%,325,0.00%,,,,,,325,0,325,325,0,100.00%
Montes de Oca,Financial Services,Financial Services,Mexico,North America,42,0.00%,0,0.00%,0,0,0,0,0,0,5,0,0,42,0.00%
Monument Bank,Banking,Financial Services,United States,North America,"1,065",0.00%,"1,065",0.00%,,,,,,"1,065",0,"1,065","1,065",0,100.00%
Monzo,Finance/ Banking,Financial Services,United Kingdom,Europe,"7,334",0.01%,"7,334",0.01%,,,,"7,334",,,1,"7,334",0,"7,334",0.00%
Moonee Valley City Council,Government/Local Government,Non-profit/Charity/Government/NGO,Australia,Oceania,"1,750",0.00%,0,0.00%,0,0,0,0,0,0,5,0,0,"1,750",0.00%
Moorcroft Group,Pottery and ceramics,Others,United Kingdom,Europe,114,0.00%,114,0.00%,,,,,50,64,1,57,114,0,100.00%
Moorhouse Consulting,Management Consulting,Consulting Services,United Kingdom,Europe,280,0.00%,280,0.00%,,,,75,,205,1,140,205,75,73.21%
Moravia,Yachting,Travel & Tourism,Czech Republic,Europe,89,0.00%,89,0.00%,,,,,,89,0,89,89,0,100.00%
Morgan Sindall,Construction & Infrastructure,Construction/Engineering,United Kingdom,Europe,"1,104",0.00%,"1,104",0.00%,,,,,,"1,104",0,"1,104","1,104",0,100.00%
Moriarty,Construction,Construction/Engineering,United States,North America,44,0.00%,44,0.00%,,,,,,44,0,44,44,0,100.00%
Moto,Motorcycle,Transportation/Logistics,United States,North America,130,0.00%,130,0.00%,,,,,49,81,1,65,130,0,100.00%
Mount Davis Ltd,Construction,Construction/Engineering,United Kingdom,Europe,20,0.00%,20,0.00%,,,20,,,,1,20,0,20,0.00%
Move for Good,Non-profit/charity sector,Non-profit/Charity/Government/NGO,United States,North America,"19,239",0.03%,"19,239",0.03%,,"5,085",,,"5,350","8,804",2,"6,413","14,154","5,085",73.57%
Move for Good Mexico,Nonprofit,Non-profit/Charity/Government/NGO,Mexico,North America,788,0.00%,788,0.00%,,,,,,788,0,788,788,0,100.00%
Movendo Consulting,Management Consulting,Consulting Services,Germany,Europe,33,0.00%,33,0.00%,,,,,33,,1,33,33,0,100.00%
Movestic,Financial Services,Financial Services,Sweden,Europe,69,0.00%,69,0.00%,,,69,,,,1,69,0,69,0.00%
MPB,Technology,Technology/Telecommunications,United States,North America,900,0.00%,900,0.00%,,,,900,,,1,900,0,900,0.00%
MPB Group Ltd,Technology,Technology/Telecommunications,United Kingdom,Europe,"1,566",0.00%,"1,566",0.00%,,,,,,"1,566",0,"1,566","1,566",0,100.00%
MSLGROUP,Public Relations,Advertising/Marketing/PR,France,Europe,87,0.00%,87,0.00%,,,,,87,,1,87,87,0,100.00%
MSPA,Market Research and Consulting,Consulting Services,United States,North America,10,0.00%,10,0.00%,,,,10,,,1,10,0,10,0.00%
Mt Elliot Springs,Bottled Water,Food and Beverage,Australia,Oceania,100,0.00%,100,0.00%,,,100,,,,1,100,0,100,0.00%
Mulalley,Construction,Construction/Engineering,United Kingdom,Europe,50,0.00%,50,0.00%,,,10,10,10,20,3,13,30,20,60.00%
Mum & Harry,"Retail, Clothing",Retail,United Kingdom,Europe,10,0.00%,10,0.00%,,,10,,,,1,10,0,10,0.00%
Mumford & Wood,Manufacturing - Building Materials,Construction/Engineering,United Kingdom,Europe,558,0.00%,558,0.00%,,,,,,558,0,558,558,0,100.00%
Münchener Schlüsselservice Kilian GmbH,Locksmith,Others,Germany,Europe,30,0.00%,30,0.00%,,,30,,,,1,30,0,30,0.00%
Munich Re,Insurance and reinsurance sector,Financial Services,Germany,Europe,"5,000",0.01%,0,0.00%,0,0,0,0,0,0,5,0,0,"5,000",0.00%
MUNiG,Alcoholic Beverages,Food and Beverage,Germany,Europe,18,0.00%,18,0.00%,,,18,,,,1,18,0,18,0.00%
Museo Guanacaste,"Construction, Museum",Others,Costa Rica,North America,14,0.00%,0,0.00%,0,0,0,0,0,0,5,0,0,14,0.00%
MVO Nederland,"Sustainability, Corporate Social Responsibility",Environmental & Sustainability Services,Netherlands,Europe,11,0.00%,0,0.00%,0,0,0,0,0,0,5,0,0,11,0.00%
Myer Family Investments,Investment Management,Financial Services,Australia,Oceania,124,0.00%,124,0.00%,,,,,85,39,1,62,124,0,100.00%
Myka Jones,Music,Entertainment/Media/Sports,United States,North America,60,0.00%,60,0.00%,,,60,,,,1,60,0,60,0.00%
Myra,Cosmetics and Personal Care,Retail,India,Asia,12,0.00%,12,0.00%,,,12,,,,1,12,0,12,0.00%
N-SIDE,Technology/Software,Technology/Telecommunications,United States,North America,377,0.00%,377,0.00%,,,,,377,,1,377,377,0,100.00%
N√úRNBERGER AutoMobil Versicherungsdienst GmbH,Insurance,Financial Services,Germany,Europe,37,0.00%,37,0.00%,,,,,,37,0,37,37,0,100.00%
N3zones,Technology,Technology/Telecommunications,United States,North America,93,0.00%,0,0.00%,0,0,0,0,0,0,5,0,0,93,0.00%
NA-förlag,Publishing,Entertainment/Media/Sports,Sweden,Europe,60,0.00%,60,0.00%,60,,,,,,1,60,0,60,0.00%
NAC,Aerospace and Defense,Manufacturing/Engineering,United States,North America,"1,820",0.00%,"1,820",0.00%,,,,,,"1,820",0,"1,820","1,820",0,100.00%
Nachhaltige Münze,Financial Services,Financial Services,Germany,Europe,21,0.00%,21,0.00%,21,,,,,,1,21,0,21,0.00%
Namatours,Travel Agency,Travel & Tourism,Switzerland,Europe,80,0.00%,80,0.00%,,,,,25,55,1,40,80,0,100.00%
Nancy Pick,Fashion,Apparel/Fashion,United States,North America,15,0.00%,15,0.00%,,15,,,,,1,15,0,15,0.00%
Nando's,Food and Beverage,Food and Beverage,South Africa,Africa,"245,663",0.33%,"245,663",0.38%,,,"30,000","190,281","25,382",,3,"81,888","25,382","220,281",10.33%
NASCAR,Sports/Entertainment,Entertainment/Media/Sports,United States,North America,"7,500",0.01%,0,0.00%,0,0,0,0,0,0,5,0,0,"7,500",0.00%
NASUWT,Labor Union,Non-profit/Charity/Government/NGO,United States,North America,144,0.00%,144,0.00%,,,,,,144,0,144,144,0,100.00%
National Bank of Greece,Banking,Financial Services,Greece,Europe,68,0.00%,68,0.00%,,68,,,,,1,68,0,68,0.00%
National Capital Commission,Government Agency,Non-profit/Charity/Government/NGO,Canada,North America,88,0.00%,0,0.00%,0,0,0,0,0,0,5,0,0,88,0.00%
National Geographic,Media/Entertainment/Travel,Entertainment/Media/Sports,United States,North America,"22,010",0.03%,"14,697",0.02%,"2,417","7,207",420,"4,653",,,4,"3,674",0,"22,010",0.00%
National Lottery,Gambling,Others,United Kingdom,Europe,874,0.00%,874,0.00%,,,,,,874,0,874,874,0,100.00%
Native,Footwear/Apparel,Apparel/Fashion,Canada,North America,"112,407",0.15%,"112,407",0.17%,,,"60,029","33,500","1,781","17,097",3,"28,102","18,878","93,529",16.79%
NativeEnergy,Sustainability/Environmental Services,Agriculture/Agribusiness/Resources,United States,North America,"1,000",0.00%,"1,000",0.00%,"1,000",,,,,,1,"1,000",0,"1,000",0.00%
Natixis,Finance/Investment Banking,Financial Services,France,Europe,"16,260",0.02%,"8,160",0.01%,,"4,160",,,"4,000",,2,"4,080","4,000","12,260",24.60%
Natur-Compagnie,Food and beverage industry,Food and Beverage,Germany,Europe,"1,000",0.00%,"1,000",0.00%,,,"1,000",,,,1,"1,000",0,"1,000",0.00%
Natural Selection Tour,Travel and Tourism,Travel & Tourism,United States,North America,221,0.00%,221,0.00%,,,221,,,,1,221,0,221,0.00%
Naturalist Journeys,Travel and tourism,Travel & Tourism,United States,North America,186,0.00%,186,0.00%,,,186,,,,1,186,0,186,0.00%
NaturCompagnie,Food & Beverage,Food and Beverage,Germany,Europe,"1,000",0.00%,"1,000",0.00%,,,,,,"1,000",0,"1,000","1,000",0,100.00%
NatureBank,Environmental Services,Environmental & Sustainability Services,Canada,North America,37,0.00%,0,0.00%,0,0,0,0,0,0,5,0,0,37,0.00%
natureOffice GmbH,Office Supplies/Stationery,Retail,Germany,Europe,"2,542",0.00%,"2,378",0.00%,,,"1,346",,,"1,032",1,"1,189","1,032","1,510",40.60%
Naturgas,Energy/Utilities,Energy/Mining/Utilities,Spain,Europe,"5,527",0.01%,"5,527",0.01%,,,"3,932",,"1,595",,2,"2,764","1,595","3,932",28.86%
NATURinFORM,Construction and building materials,Construction/Engineering,Germany,Europe,"6,721",0.01%,"6,721",0.01%,"6,721",,,,,,1,"6,721",0,"6,721",0.00%
Naturo,Health and wellness,Healthcare/Pharmaceuticals,United States,North America,"2,000",0.00%,"2,000",0.00%,,,,"1,000","1,000",,2,"1,000","1,000","1,000",50.00%
NaturStrom,Energy,Energy/Mining/Utilities,Germany,Europe,700,0.00%,700,0.00%,,,,,,700,0,700,700,0,100.00%
Naturvatten,Beverage,Food and Beverage,Sweden,Europe,64,0.00%,64,0.00%,,19,25,20,,,3,21,0,64,0.00%
NatWest Group,Banking/Financial Services,Financial Services,United Kingdom,Europe,"360,000",0.48%,"360,000",0.55%,,"95,000","145,000","120,000",,,3,"120,000",0,"360,000",0.00%
Nauja Kleist,Fashion,Apparel/Fashion,Germany,Europe,17,0.00%,17,0.00%,,17,,,,,1,17,0,17,0.00%
Naver,Technology,Technology/Telecommunications,South Korea,Asia,45,0.00%,45,0.00%,,,,,,45,0,45,45,0,100.00%
NBA,Sports/Entertainment,Entertainment/Media/Sports,United States,North America,412,0.00%,412,0.00%,,,,412,,,1,412,0,412,0.00%
NBB,Financial Services,Financial Services,Belgium,Europe,"14,057",0.02%,"14,057",0.02%,,,,,"14,057",,1,"14,057","14,057",0,100.00%
NCO Group,Business Process Outsourcing,Consulting Services,United States,North America,183,0.00%,183,0.00%,,,,,,183,0,183,183,0,100.00%
NCOS,Technology,Technology/Telecommunications,United States,North America,"5,149",0.01%,"5,149",0.01%,,,,,"5,149",,1,"5,149","5,149",0,100.00%
Nea International,Logistics and Supply Chain,Transportation/Logistics,Netherlands,Europe,63,0.00%,63,0.00%,,,13,14,,36,2,21,36,27,57.14%
Neco Software Solutions LLC,Software,Technology/Telecommunications,United States,North America,46,0.00%,46,0.00%,,46,,,,,1,46,0,46,0.00%
Nedbank,Banking/Financial Services,Financial Services,South Africa,Africa,"1,723,729",2.32%,"1,500,038",2.29%,"225,596","492,783","199,687","274,055","257,917","50,000",5,"250,006","307,917","1,415,812",17.86%
Neikea,Trust Management,Financial Services,Cyprus,Europe,159,0.00%,159,0.00%,,,,,,159,0,159,159,0,100.00%
Neoen,Energy & Utilities,Energy/Mining/Utilities,France,Europe,"42,707",0.06%,"42,707",0.07%,,,,,868,"41,839",1,"21,354","42,707",0,100.00%
NEOM Limited,Real Estate/Development,Construction/Engineering,Saudi Arabia,Asia,148,0.00%,148,0.00%,,,,,148,,1,148,148,0,100.00%
NES Fircroft,Recruitment/Staffing,Consulting Services,United Kingdom,Europe,300,0.00%,300,0.00%,,,,,300,,1,300,300,0,100.00%
NES Global Talent,Recruitment/Staffing/Employment Services,Consulting Services,United Kingdom,Europe,761,0.00%,761,0.00%,,,,,,761,0,761,761,0,100.00%
Nespresso,Food and Beverage,Food and Beverage,Switzerland,Europe,"696,171",0.94%,"638,290",0.98%,"15,000",,"157,000","466,290",,,3,"212,763",0,"696,171",0.00%
Nestlé,Food and Beverage,Food and Beverage,Switzerland,Europe,"175,418",0.24%,"149,424",0.23%,"33,335","22,824","20,000","63,092","9,276",897,5,"24,904","10,173","165,245",5.80%
Net Zero Eyecare,Healthcare,Healthcare/Pharmaceuticals,United States,North America,550,0.00%,550,0.00%,,,,,70,480,1,275,550,0,100.00%
Netflix,Entertainment/Streaming,Entertainment/Media/Sports,United States,North America,"1,044,001",1.41%,"1,038,546",1.59%,,977,"699,000",,"338,569",,3,"346,182","338,569","705,432",32.43%
NetNada Pty Ltd,Technology,Technology/Telecommunications,Australia,Oceania,10,0.00%,10,0.00%,,,,,,10,0,10,10,0,100.00%
Nettleton Tribe,Architecture and Planning,Construction/Engineering,United States,North America,623,0.00%,623,0.00%,,,,,,623,0,623,623,0,100.00%
Netto,Retail - Grocery,Food and Beverage,Germany,Europe,"1,055",0.00%,"1,055",0.00%,,,"1,000",,55,,2,528,55,"1,000",5.21%
NetXero,Software,Technology/Telecommunications,New Zealand,Oceania,26,0.00%,26,0.00%,,,,26,,,1,26,0,26,0.00%
Netze-Gesellschaft Südwest,Utilities,Energy/Mining/Utilities,Germany,Europe,"1,700",0.00%,"1,700",0.00%,,,,500,,"1,200",1,850,"1,200",500,70.59%
Neutralité,Beauty and skincare industry,Retail,France,Europe,"314,165",0.42%,0,0.00%,0,0,0,0,0,0,5,0,0,"314,165",0.00%
Neville UK Plc,Construction,Construction/Engineering,United Kingdom,Europe,103,0.00%,103,0.00%,,,,89,,14,1,52,14,89,13.59%
New Forests Pty Limited,Finance,Financial Services,Australia,Oceania,934,0.00%,934,0.00%,,,,,,934,0,934,934,0,100.00%
New York Life,Insurance,Financial Services,United States,North America,"12,020",0.02%,"12,020",0.02%,,"6,000",,,"6,020",,2,"6,010","6,020","6,000",50.08%
New York Mets,Sports/Entertainment,Entertainment/Media/Sports,United States,North America,"1,933",0.00%,"1,933",0.00%,,,,"1,933",,,1,"1,933",0,"1,933",0.00%
New Zealand Government,Government,Non-profit/Charity/Government/NGO,New Zealand,Oceania,31,0.00%,31,0.00%,,,,,31,,1,31,31,0,100.00%
New Zealand Green Building Council,Non-profit organization,Non-profit/Charity/Government/NGO,New Zealand,Oceania,12,0.00%,12,0.00%,,,,,12,,1,12,12,0,100.00%
New Zealand Landcare Trust,Government,Non-profit/Charity/Government/NGO,New Zealand,Oceania,181,0.00%,181,0.00%,,,,,,181,0,181,181,0,100.00%
New Zealand Lotteries Commission,Gaming/lottery industry,Entertainment/Media/Sports,New Zealand,Oceania,579,0.00%,579,0.00%,,,323,,,256,1,290,256,323,44.21%
New Zealand Symphony Orchestra,Arts & Entertainment,Entertainment/Media/Sports,New Zealand,Oceania,"1,299",0.00%,"1,299",0.00%,,,,252,,"1,047",1,650,"1,047",252,80.60%
Newby Packaging Ltd (Red Rose Packaging),Packaging,Manufacturing/Engineering,United Kingdom,Europe,68,0.00%,68,0.00%,,,,68,,,1,68,0,68,0.00%
Newday,Finance/ Banking,Financial Services,United States,North America,222,0.00%,222,0.00%,,,,,125,97,1,111,222,0,100.00%
NewGrow,Agriculture Technology,Agriculture/Agribusiness/Resources,Germany,Europe,14,0.00%,14,0.00%,,,,14,,,1,14,0,14,0.00%
Newlife,Health and wellness,Healthcare/Pharmaceuticals,United States,North America,104,0.00%,104,0.00%,,,,,104,,1,104,104,0,100.00%
Newlife IVF,Healthcare,Healthcare/Pharmaceuticals,Greece,Europe,195,0.00%,195,0.00%,,,,,,195,0,195,195,0,100.00%
Nexi,Financial Technology (Fintech),Technology/Telecommunications,Italy,Europe,"31,877",0.04%,"29,741",0.05%,,,,"27,601","2,140",,2,"14,871","2,140","29,737",6.71%
NextPharma,Pharmaceuticals,Healthcare/Pharmaceuticals,Germany,Europe,"3,800",0.01%,"3,800",0.01%,,,,,,"3,800",0,"3,800","3,800",0,100.00%
Nexus Foundation,Non-profit,Non-profit/Charity/Government/NGO,United States,North America,30,0.00%,30,0.00%,,,,,,30,0,30,30,0,100.00%
NHS,Healthcare,Healthcare/Pharmaceuticals,United Kingdom,Europe,677,0.00%,0,0.00%,0,0,0,0,0,0,5,0,0,677,0.00%
Nice Airport,Transportation,Transportation/Logistics,France,Europe,11,0.00%,11,0.00%,,,,,,11,0,11,11,0,100.00%
Nicky O,Technology,Technology/Telecommunications,United States,North America,10,0.00%,10,0.00%,,,,,,10,0,10,10,0,100.00%
NiederrheinWasser,Water Utilities,Energy/Mining/Utilities,Germany,Europe,12,0.00%,12,0.00%,,,,12,,,1,12,0,12,0.00%
NIKE,Apparel/Footwear/Sportswear,Apparel/Fashion,United States,North America,"2,604",0.00%,"2,604",0.00%,500,432,"1,672",,,,3,868,0,"2,604",0.00%
Ninety One UK Limited,Finance/Investment Management,Financial Services,United Kingdom,Europe,"59,000",0.08%,"59,000",0.09%,,"16,000","11,000","16,000",,"16,000",3,"14,750","16,000","43,000",27.12%
Ninja Tune,Entertainment/ Music Industry,Entertainment/Media/Sports,United Kingdom,Europe,365,0.00%,365,0.00%,,365,,,,,1,365,0,365,0.00%
Nippo Fantini,Cycling,Entertainment/Media/Sports,Italy,Europe,77,0.00%,0,0.00%,0,0,0,0,0,0,5,0,0,77,0.00%
Nitecrest,Financial services,Financial Services,United Kingdom,Europe,100,0.00%,100,0.00%,,,,,100,,1,100,100,0,100.00%
Nitor,Information Technology,Technology/Telecommunications,Finland,Europe,950,0.00%,950,0.00%,,,,,,950,0,950,950,0,100.00%
Nittel,Construction and Engineering,Construction/Engineering,Germany,Europe,837,0.00%,837,0.00%,,,,,,837,0,837,837,0,100.00%
NJORD,Law firm,Consulting Services,Denmark,Europe,15,0.00%,15,0.00%,15,,,,,,1,15,0,15,0.00%
Nokas,Security,Technology/Telecommunications,Norway,Europe,69,0.00%,69,0.00%,69,,,,,,1,69,0,69,0.00%
NÖM,Food and Beverage,Food and Beverage,Austria,Europe,752,0.00%,752,0.00%,,,,,,752,0,752,752,0,100.00%
Nomad,Hospitality and Tourism,Travel & Tourism,United Arab Emirates,Middle East,711,0.00%,711,0.00%,,,,,,711,0,711,711,0,100.00%
Noor Digital Agency,Marketing and Advertising,Advertising/Marketing/PR,Sweden,Europe,47,0.00%,47,0.00%,,,,47,,,1,47,0,47,0.00%
Nora Cosmetics,Cosmetics,Retail,United States,North America,92,0.00%,92,0.00%,,70,,,,22,1,46,22,70,23.91%
Norbert Schneider,Legal Services,Consulting Services,Germany,Europe,10,0.00%,10,0.00%,,,10,,,,1,10,0,10,0.00%
Nordic,Fashion/Apparel,Apparel/Fashion,Sweden,Europe,"38,242",0.05%,"37,946",0.06%,"32,798",,"3,974",826,348,,4,"9,487",348,"37,894",0.91%
Nordkirche,Religion/Church,Non-profit/Charity/Government/NGO,Germany,Europe,"7,556",0.01%,0,0.00%,0,0,0,0,0,0,5,0,0,"7,556",0.00%
NordstrÃ¶ms,Retail/Fashion,Apparel/Fashion,United States,North America,"114,715",0.15%,"74,715",0.11%,,,"47,715",,"27,000",,2,"37,358","27,000","87,715",23.54%
Norion,Banking,Financial Services,Norway,Europe,28,0.00%,28,0.00%,,,,,,28,0,28,28,0,100.00%
Norman Disney & Young,Engineering/Construction industry,Construction/Engineering,Australia,Oceania,418,0.00%,418,0.00%,,,,418,,,1,418,0,418,0.00%
Norrenergi,Energy sector,Energy/Mining/Utilities,Sweden,Europe,607,0.00%,607,0.00%,,74,,318,215,,3,202,215,392,35.42%
Norsk Postkodelotteri,Lottery,Entertainment/Media/Sports,Norway,Europe,306,0.00%,306,0.00%,,,,,,306,0,306,306,0,100.00%
North Sixth Group,Media & Technology,Entertainment/Media/Sports,United States,North America,"7,838",0.01%,"7,838",0.01%,,,"2,692",,"1,852","3,294",2,"2,613","5,146","2,692",65.65%
North SV Limited,Network Infrastructure,Technology/Telecommunications,United States,North America,200,0.00%,200,0.00%,,,,200,,,1,200,0,200,0.00%
NorthEdge,Venture Capital,Financial Services,United Kingdom,Europe,28,0.00%,28,0.00%,,,28,,,,1,28,0,28,0.00%
Northern Bank Ltd,Banking/Financial Services,Financial Services,United Kingdom,Europe,256,0.00%,256,0.00%,,,256,,,,1,256,0,256,0.00%
Northern Gas Networks,Energy/Utilities,Energy/Mining/Utilities,United Kingdom,Europe,775,0.00%,775,0.00%,,,,,775,,1,775,775,0,100.00%
Norwegian Cruise Line,Travel and Tourism,Travel & Tourism,United States,North America,300,0.00%,300,0.00%,,,300,,,,1,300,0,300,0.00%
Note AB,Technology,Technology/Telecommunications,Sweden,Europe,"2,246",0.00%,"2,246",0.00%,,,,"1,546",700,,2,"1,123",700,"1,546",31.17%
Notz GmbH,Manufacturing,Manufacturing/Engineering,Germany,Europe,"5,000",0.01%,"5,000",0.01%,,,,,,"5,000",0,"5,000","5,000",0,100.00%
Nouveau Monde Graphite,Materials - Graphite Mining,Energy/Mining/Utilities,Canada,North America,"2,566",0.00%,"2,566",0.00%,,,,"1,600",966,,2,"1,283",966,"1,600",37.65%
Novati,Waste Management,Environmental & Sustainability Services,United States,North America,142,0.00%,142,0.00%,,,,,,142,0,142,142,0,100.00%
NOW Partners LLC,Business/Consulting Services,Consulting Services,United States,North America,220,0.00%,220,0.00%,,,20,200,,,2,110,0,220,0.00%
NRGi,Energy & Utilities,Energy/Mining/Utilities,Denmark,Europe,"20,000",0.03%,"20,000",0.03%,,,,"20,000",,,1,"20,000",0,"20,000",0.00%
NRW Bank,Financial Services,Financial Services,Germany,Europe,"3,276",0.00%,"3,276",0.01%,,,,"1,819","1,457",,2,"1,638","1,457","1,819",44.47%
NSC Global,Information Technology,Technology/Telecommunications,United Kingdom,Europe,90,0.00%,90,0.00%,,,,,,90,0,90,90,0,100.00%
nServe,Technology/Software,Technology/Telecommunications,United States,North America,846,0.00%,0,0.00%,0,0,0,0,0,0,5,0,0,846,0.00%
NSH,Energy,Energy/Mining/Utilities,United States,North America,"36,040",0.05%,"36,040",0.06%,,,,,,"36,040",0,"36,040","36,040",0,100.00%
NSI,Technology,Technology/Telecommunications,United States,North America,"1,231",0.00%,"1,231",0.00%,,,,,,"1,231",0,"1,231","1,231",0,100.00%
NSW Government,Government/ Public Sector,Non-profit/Charity/Government/NGO,Australia,Oceania,250,0.00%,0,0.00%,0,0,0,0,0,0,5,0,0,250,0.00%
nSymbio,Biotechnology,Healthcare/Pharmaceuticals,United States,North America,30,0.00%,30,0.00%,,,,,30,,1,30,30,0,100.00%
nterra,Information Technology,Technology/Telecommunications,Germany,Europe,40,0.00%,40,0.00%,,,40,,,,1,40,0,40,0.00%
Ntex,Technology,Technology/Telecommunications,United States,North America,"3,650",0.00%,"3,650",0.01%,,,649,"1,062",,"1,939",2,"1,217","1,939","1,711",53.12%
Nu Mobile,Telecommunications/Technology,Technology/Telecommunications,Singapore,Asia,404,0.00%,404,0.00%,,,,404,,,1,404,0,404,0.00%
Nuclear Risk Insurers,Insurance,Financial Services,United Kingdom,Europe,64,0.00%,64,0.00%,,,64,,,,1,64,0,64,0.00%
Nuclear Risk Insurers Limited,Insurance,Financial Services,United Kingdom,Europe,180,0.00%,180,0.00%,,,,,,180,0,180,180,0,100.00%
Nucore Group Limited,Construction and Engineering,Construction/Engineering,United Kingdom,Europe,107,0.00%,107,0.00%,,,,,107,,1,107,107,0,100.00%
Nudea,Lingerie,Apparel/Fashion,United Kingdom,Europe,10,0.00%,10,0.00%,,,10,,,,1,10,0,10,0.00%
Nula Carbon Ltd.,Energy/Carbon Offsetting,Energy/Mining/Utilities,United Kingdom,Europe,"1,200",0.00%,"1,200",0.00%,,600,600,,,,2,600,0,"1,200",0.00%
Nullify,Cybersecurity,Technology/Telecommunications,United States,North America,103,0.00%,103,0.00%,,,76,27,,,2,52,0,103,0.00%
Numeria,Technology/Finance,Technology/Telecommunications,United States,North America,133,0.00%,0,0.00%,0,0,0,0,0,0,5,0,0,133,0.00%
Nuovo Fiore,Non-profit organization,Non-profit/Charity/Government/NGO,Italy,Europe,16,0.00%,16,0.00%,,,,16,,,1,16,0,16,0.00%
Nuralite,Construction/Building Materials,Construction/Engineering,New Zealand,Oceania,163,0.00%,163,0.00%,,,163,,,,1,163,0,163,0.00%
Nürnberger,Insurance,Financial Services,Germany,Europe,56,0.00%,56,0.00%,,,,,,56,0,56,56,0,100.00%
Nurture Landscapes Ltd,Landscaping or gardening industry,Retail,United Kingdom,Europe,"1,715",0.00%,"1,715",0.00%,,,"1,715",,,,1,"1,715",0,"1,715",0.00%
NWG,Fashion & Apparel,Apparel/Fashion,Italy,Europe,10,0.00%,10,0.00%,,,,10,,,1,10,0,10,0.00%
NY Collective,Advertising Agency,Advertising/Marketing/PR,United States,North America,65,0.00%,65,0.00%,20,29,16,,,,3,22,0,65,0.00%
Nybrons,Education,Others,Sweden,Europe,27,0.00%,27,0.00%,27,,,,,,1,27,0,27,0.00%
NZ Department of Internal Affairs,Government,Non-profit/Charity/Government/NGO,New Zealand,Oceania,17,0.00%,17,0.00%,,,,,,17,0,17,17,0,100.00%
NZ Super Fund,Finance - Investment Management,Financial Services,New Zealand,Oceania,"1,679",0.00%,"1,679",0.00%,,,,,,"1,679",0,"1,679","1,679",0,100.00%
NZ Windfarms,Utilities,Energy/Mining/Utilities,New Zealand,Oceania,100,0.00%,100,0.00%,,,,,,100,0,100,100,0,100.00%
O'Reilly Auto Parts,Automotive Retail,Retail,United States,North America,50,0.00%,0,0.00%,0,0,0,0,0,0,5,0,0,50,0.00%
o9 Solutions,Technology,Technology/Telecommunications,India,Asia,"3,880",0.01%,"3,880",0.01%,,,,,,"3,880",0,"3,880","3,880",0,100.00%
Oakdale,Furniture or Home Decor,Retail,United States,North America,"9,174",0.01%,"9,174",0.01%,,,,"9,174",,,1,"9,174",0,"9,174",0.00%
Oakfield Foods Ltd,Food and Beverage,Food and Beverage,Ireland,Europe,23,0.00%,23,0.00%,,,,,,23,0,23,23,0,100.00%
Oaklin Consulting,Management Consulting,Consulting Services,United States,North America,107,0.00%,107,0.00%,,,,,107,,1,107,107,0,100.00%
Oasis,Floral and horticultural products,Agriculture/Agribusiness/Resources,Netherlands,Europe,34,0.00%,34,0.00%,,,,,,34,0,34,34,0,100.00%
Obart Pumps,Industrial Equipment,Manufacturing/Engineering,United Kingdom,Europe,48,0.00%,48,0.00%,,,,48,,,1,48,0,48,0.00%
OBEN OHNE,Entertainment,Entertainment/Media/Sports,Germany,Europe,175,0.00%,175,0.00%,,,,,,175,0,175,175,0,100.00%
Oberland,Finance,Financial Services,Switzerland,Europe,160,0.00%,160,0.00%,,,,,,160,0,160,160,0,100.00%
OBO Inherent Group,Business/Consulting Services,Consulting Services,United States,North America,100,0.00%,100,0.00%,,,,,100,,1,100,100,0,100.00%
OC&C Services Ltd,Consulting Services,Consulting Services,United Kingdom,Europe,"1,957",0.00%,"1,957",0.00%,,,,,364,"1,593",1,979,"1,957",0,100.00%
OceanEvent,Event Management,Advertising/Marketing/PR,Germany,Europe,24,0.00%,24,0.00%,,,,,,24,0,24,24,0,100.00%
OceanSafe Samil HiKnit,Textile and Apparel,Apparel/Fashion,South Korea,Asia,156,0.00%,156,0.00%,,,,,,156,0,156,156,0,100.00%
Oceanwood Capital Management,Investment Management,Financial Services,United States,North America,794,0.00%,794,0.00%,,,794,,,,1,794,0,794,0.00%
OCS Australia Pty Limited,Business Services/Consulting,Consulting Services,Australia,Oceania,"1,037",0.00%,"1,037",0.00%,,,,"1,037",,,1,"1,037",0,"1,037",0.00%
OCTA,Consulting,Consulting Services,United States,North America,"4,276",0.01%,"4,276",0.01%,,,,,,"4,276",0,"4,276","4,276",0,100.00%
Octavius,Food and beverage industry,Food and Beverage,India,Asia,"2,000",0.00%,"2,000",0.00%,,,,,"2,000",,1,"2,000","2,000",0,100.00%
Octopus Energy,Energy/Utilities,Energy/Mining/Utilities,United Kingdom,Europe,"296,706",0.40%,"257,353",0.39%,"5,816","29,799","91,860","110,541","19,337",,5,"51,471","19,337","277,369",6.52%
Odd Langdalen,Personal branding or consulting industry,Consulting Services,Norway,Europe,"1,369",0.00%,0,0.00%,0,0,0,0,0,0,5,0,0,"1,369",0.00%
Oddfellows,Financial Services,Financial Services,United States,North America,15,0.00%,15,0.00%,,,,,,15,0,15,15,0,100.00%
Odysway,Travel,Travel & Tourism,France,Europe,35,0.00%,35,0.00%,,,35,,,,1,35,0,35,0.00%
OECD,Government/International Organizations,Non-profit/Charity/Government/NGO,France,Europe,"29,450",0.04%,"23,420",0.04%,,"21,230",,"2,190",,,2,"11,710",0,"29,450",0.00%
OEM Automatic,Industrial Automation,Technology/Telecommunications,Sweden,Europe,599,0.00%,599,0.00%,240,237,92,30,,,4,150,0,599,0.00%
OEPOAGN.A,Unknown,Others,Spain,Europe,"3,932",0.01%,"2,000",0.00%,,,,,"2,000",,1,"2,000","2,000","1,932",50.86%
Ofa Bamberg GmbH,Manufacturing/Industrial Goods,Construction/Engineering,Germany,Europe,501,0.00%,501,0.00%,,,249,252,,,2,251,0,501,0.00%
Office Recycling Technology,Waste Management,Environmental & Sustainability Services,Sweden,Europe,71,0.00%,71,0.00%,,,,71,,,1,71,0,71,0.00%
Officersm√§ssen,Retail,Retail,Germany,Europe,10,0.00%,10,0.00%,,,,10,,,1,10,0,10,0.00%
Offset Alliance,Oil & Gas Equipment & Services,Energy/Mining/Utilities,Russia,Europe,40,0.00%,40,0.00%,,,,,,40,0,40,40,0,100.00%
Offset Earth,Environmental Conservation/Climate Change,Environmental & Sustainability Services,United Kingdom,Europe,"2,858",0.00%,"2,858",0.00%,"1,858","1,000",,,,,2,"1,429",0,"2,858",0.00%
Offsetters,Environmental Services/Carbon Offset Services,Energy/Mining/Utilities,Canada,North America,"8,964",0.01%,"6,248",0.01%,"5,700",390,158,,,,3,"2,083",0,"8,964",0.00%
OG Oost-Groningen,Energy,Energy/Mining/Utilities,Netherlands,Europe,"6,881",0.01%,"6,881",0.01%,,,,,,"6,881",0,"6,881","6,881",0,100.00%
Öhman,Financial services,Financial Services,Sweden,Europe,385,0.00%,0,0.00%,0,0,0,0,0,0,5,0,0,385,0.00%
OKI,Technology/ Electronics,Technology/Telecommunications,South Korea,Asia,"7,000",0.01%,"7,000",0.01%,,,,,"7,000",,1,"7,000","7,000",0,100.00%
Ökoland GmbH,Food and beverage industry,Food and Beverage,Germany,Europe,"3,086",0.00%,243,0.00%,243,,,,,,1,243,0,"3,086",0.00%
OKQ8,Retail/Convenience Store,Retail,Sweden,Europe,"7,373",0.01%,"7,373",0.01%,,,,"7,373",,,1,"7,373",0,"7,373",0.00%
Okta,Identity and Access Management (IAM),Technology/Telecommunications,United States,North America,10,0.00%,10,0.00%,,,,,10,,1,10,10,0,100.00%
Ölands bank,Banking,Financial Services,Sweden,Europe,26,0.00%,26,0.00%,,10,16,,,,2,13,0,26,0.00%
Olandsbanken,Banking,Financial Services,Sweden,Europe,"3,051",0.00%,"3,051",0.00%,,,,,,"3,051",0,"3,051","3,051",0,100.00%
Old Spike Roastery,Food and Beverage,Food and Beverage,United Kingdom,Europe,200,0.00%,200,0.00%,,,,200,,,1,200,0,200,0.00%
Oldenburg,Fashion/Apparel,Apparel/Fashion,Germany,Europe,"15,854",0.02%,"15,854",0.02%,,,"15,854",,,,1,"15,854",0,"15,854",0.00%
Oldfield Partners,Private Equity,Financial Services,United States,North America,117,0.00%,117,0.00%,,,117,,,,1,117,0,117,0.00%
Oliver Bonas,Retail,Retail,United Kingdom,Europe,10,0.00%,10,0.00%,,,,,,10,0,10,10,0,100.00%
Ollie,Pet care industry,Retail,United States,North America,18,0.00%,18,0.00%,,,,,,18,0,18,18,0,100.00%
Olof Palme,Government/Politics,Non-profit/Charity/Government/NGO,Sweden,Europe,"2,216",0.00%,"2,216",0.00%,"2,162",,,54,,,2,"1,108",0,"2,216",0.00%
Olympics,Sports,Entertainment/Media/Sports,Japan,Asia,920,0.00%,920,0.00%,,,,,,920,0,920,920,0,100.00%
Omal,Manufacturing/Industrial sector,Construction/Engineering,Oman,Asia,200,0.00%,0,0.00%,0,0,0,0,0,0,5,0,0,200,0.00%
OMV,Energy sector,Energy/Mining/Utilities,United States,North America,"30,000",0.04%,"30,000",0.05%,,,"30,000",,,,1,"30,000",0,"30,000",0.00%
Once Upon a Time,Entertainment,Entertainment/Media/Sports,United States,North America,"2,273",0.00%,"2,273",0.00%,,,,,,"2,273",0,"2,273","2,273",0,100.00%
One Celsius,Apparel & Accessories,Apparel/Fashion,United States,North America,10,0.00%,0,0.00%,0,0,0,0,0,0,5,0,0,10,0.00%
One Earth,Environmental conservation and sustainability,Environmental & Sustainability Services,United States,North America,334,0.00%,334,0.00%,,,315,19,,,2,167,0,334,0.00%
One Planet Café,Restaurant,Food and Beverage,United Kingdom,Europe,144,0.00%,144,0.00%,,,60,,,84,1,72,84,60,58.33%
One Tonne Capital,"Sustainability, Environmental Consulting",Environmental & Sustainability Services,United States,North America,517,0.00%,388,0.00%,322,66,,,,,2,194,0,517,0.00%
One Young World,Events/conferences/leadership development,Consulting Services,United Kingdom,Europe,150,0.00%,150,0.00%,150,,,,,,1,150,0,150,0.00%
One4all,Gift Card Provider,Retail,Ireland,Europe,180,0.00%,180,0.00%,,,48,41,,91,2,60,91,89,50.56%
Onisha,Fashion,Apparel/Fashion,Sweden,Europe,44,0.00%,44,0.00%,44,,,,,,1,44,0,44,0.00%
OnMedical,Healthcare,Healthcare/Pharmaceuticals,United Kingdom,Europe,47,0.00%,47,0.00%,,,,12,35,,2,24,35,12,74.47%
Oodrive,Technology/Software/Data Security,Technology/Telecommunications,France,Europe,"4,779",0.01%,"4,779",0.01%,,928,"1,917","1,934",,,3,"1,593",0,"4,779",0.00%
Open Bakery,Food & Beverage,Food and Beverage,United Kingdom,Europe,22,0.00%,22,0.00%,,,10,12,,,2,11,0,22,0.00%
Open Future Foundation,Non-profit organization,Non-profit/Charity/Government/NGO,Netherlands,Europe,35,0.00%,35,0.00%,,,,20,15,,2,18,15,20,42.86%
Open Policy Ltd,Insurance,Financial Services,United Kingdom,Europe,13,0.00%,13,0.00%,,,,,,13,0,13,13,0,100.00%
Oper Leipzig,Arts and Entertainment,Entertainment/Media/Sports,Germany,Europe,55,0.00%,55,0.00%,,,,,,55,0,55,55,0,100.00%
Operal,Software,Technology/Telecommunications,Germany,Europe,200,0.00%,200,0.00%,,,200,,,,1,200,0,200,0.00%
OPIN,Software,Technology/Telecommunications,United States,North America,200,0.00%,200,0.00%,,,200,,,,1,200,0,200,0.00%
Oppenheimer,Financial Services,Financial Services,United Kingdom,Europe,35,0.00%,35,0.00%,,,,,35,,1,35,35,0,100.00%
Oppenoorth,Law firm,Consulting Services,Netherlands,Europe,16,0.00%,16,0.00%,,,,,16,,1,16,16,0,100.00%
Oprah Winfrey Network,Entertainment,Entertainment/Media/Sports,United States,North America,10,0.00%,10,0.00%,,,,,,10,0,10,10,0,100.00%
OptiGroup,Manufacturing/Industrial Goods,Construction/Engineering,Sweden,Europe,630,0.00%,630,0.00%,,,630,,,,1,630,0,630,0.00%
Optik,Optical Retail,Retail,Germany,Europe,25,0.00%,25,0.00%,,25,,,,,1,25,0,25,0.00%
Optik Heinemann,Optical/eyewear industry,Retail,Germany,Europe,246,0.00%,246,0.00%,,,,246,,,1,246,0,246,0.00%
Optima,Technology/Consumer Electronics,Technology/Telecommunications,South Korea,Asia,200,0.00%,200,0.00%,,,,200,,,1,200,0,200,0.00%
Optima Pharmazeutische GmbH,Pharmaceuticals,Healthcare/Pharmaceuticals,Germany,Europe,"1,436",0.00%,890,0.00%,490,,,150,250,,3,297,250,"1,186",17.41%
Optimized Portfolio,Financial Services,Financial Services,United States,North America,60,0.00%,60,0.00%,60,,,,,,1,60,0,60,0.00%
Optimized Portfolio Management,Financial Services,Financial Services,Sweden,Europe,60,0.00%,60,0.00%,60,,,,,,1,60,0,60,0.00%
Optimum,Healthcare,Healthcare/Pharmaceuticals,United States,North America,25,0.00%,25,0.00%,,,,,,25,0,25,25,0,100.00%
ORA,Architecture,Construction/Engineering,United States,North America,11,0.00%,11,0.00%,,,,,,11,0,11,11,0,100.00%
Oracle,Software,Technology/Telecommunications,United States,North America,142,0.00%,100,0.00%,100,,,,,,1,100,0,142,0.00%
Orange,Telecommunications,Technology/Telecommunications,France,Europe,373,0.00%,373,0.00%,,,30,343,,,2,187,0,373,0.00%
Orbit World Travel,Travel & Tourism,Travel & Tourism,New Zealand,Oceania,118,0.00%,118,0.00%,,,,,,118,0,118,118,0,100.00%
Orbitkey,Consumer Goods,Retail,Australia,Oceania,854,0.00%,854,0.00%,,,,,,854,0,854,854,0,100.00%
Orbix,Technology/Software,Technology/Telecommunications,United States,North America,644,0.00%,644,0.00%,,,644,,,,1,644,0,644,0.00%
ORH,Investment,Financial Services,United States,North America,100,0.00%,0,0.00%,0,0,0,0,0,0,5,0,0,100,0.00%
Origin Energy,Energy sector,Energy/Mining/Utilities,Australia,Oceania,"17,000",0.02%,"17,000",0.03%,,,"17,000",,,,1,"17,000",0,"17,000",0.00%
Oriola,Pharmaceuticals/Healthcare,Healthcare/Pharmaceuticals,Finland,Europe,316,0.00%,0,0.00%,0,0,0,0,0,0,5,0,0,316,0.00%
Orion Engineering Services,Engineering Services,Consulting Services,Scotland,Europe,368,0.00%,368,0.00%,,,,50,166,152,2,123,318,50,86.41%
Oroton,Retail - Apparel & Accessories,Apparel/Fashion,Australia,Oceania,182,0.00%,182,0.00%,,,,,,182,0,182,182,0,100.00%
Ørsted,Energy & Utilities,Energy/Mining/Utilities,Denmark,Europe,"3,854",0.01%,445,0.00%,445,,,,,,1,445,0,"3,854",0.00%
Orthen,Healthcare,Healthcare/Pharmaceuticals,Germany,Europe,20,0.00%,0,0.00%,0,0,0,0,0,0,5,0,0,20,0.00%
Orto Novo,Agriculture/Agribusiness,Agriculture/Agribusiness/Resources,Italy,Europe,"4,058",0.01%,"4,058",0.01%,"4,058",,,,,,1,"4,058",0,"4,058",0.00%
Oryx Simulations,Simulation Software,Technology/Telecommunications,Finland,Europe,64,0.00%,64,0.00%,,32,32,,,,2,32,0,64,0.00%
OS Consult,Accounting and Tax Consulting,Consulting Services,Germany,Europe,114,0.00%,114,0.00%,,,114,,,,1,114,0,114,0.00%
Osisko,Metals & Mining,Energy/Mining/Utilities,Canada,North America,290,0.00%,290,0.00%,,,,,,290,0,290,290,0,100.00%
Össur,Healthcare/Medical Devices,Healthcare/Pharmaceuticals,Iceland,Europe,"1,000",0.00%,"1,000",0.00%,,,"1,000",,,,1,"1,000",0,"1,000",0.00%
Ostendorf,Construction or building materials industry,Construction/Engineering,Germany,Europe,"3,210",0.00%,"3,210",0.00%,,,"3,210",,,,1,"3,210",0,"3,210",0.00%
Osterreichische Post AG,Logistics/Postal Services,Transportation/Logistics,Austria,Europe,500,0.00%,0,0.00%,0,0,0,0,0,0,5,0,0,500,0.00%
Österreichische Post AG,Logistics/Postal Services,Transportation/Logistics,Austria,Europe,"2,813",0.00%,0,0.00%,0,0,0,0,0,0,5,0,0,"2,813",0.00%
Ōtautahi Community Housing Trust,"Non-profit organization, Housing",Non-profit/Charity/Government/NGO,New Zealand,Oceania,93,0.00%,93,0.00%,,,51,,42,,2,47,42,51,45.16%
OtherCarbon,Carbon capture and storage,Energy/Mining/Utilities,United States,North America,58,0.00%,0,0.00%,0,0,0,0,0,0,5,0,0,58,0.00%
Otherway London Ltd,Design/Marketing/Advertising,Advertising/Marketing/PR,United Kingdom,Europe,509,0.00%,509,0.00%,,,509,,,,1,509,0,509,0.00%
Otovo,Solar energy,Energy/Mining/Utilities,Norway,Europe,72,0.00%,72,0.00%,,,,72,,,1,72,0,72,0.00%
Ottenwälder und Ottenwälder,Law Firm,Consulting Services,Germany,Europe,20,0.00%,20,0.00%,,,,,20,,1,20,20,0,100.00%
Otto,Retail/E-commerce,Retail,Germany,Europe,"2,655",0.00%,"2,655",0.00%,,,127,"2,528",,,2,"1,328",0,"2,655",0.00%
OurClimate,Carbon offsetting,Environmental & Sustainability Services,United States,North America,30,0.00%,30,0.00%,,,30,,,,1,30,0,30,0.00%
ovag Energie AG,Energy sector,Energy/Mining/Utilities,Germany,Europe,"3,500",0.00%,0,0.00%,0,0,0,0,0,0,5,0,0,"3,500",0.00%
Ovako,Manufacturing/Steel Industry,Agriculture/Agribusiness/Resources,Sweden,Europe,"92,530",0.12%,"82,530",0.13%,,,,"50,000","20,000","12,530",2,"27,510","32,530","60,000",35.16%
Ovo Energy,Energy & Utilities,Energy/Mining/Utilities,United Kingdom,Europe,"23,884",0.03%,"23,884",0.04%,"3,884",,"13,000","7,000",,,3,"7,961",0,"23,884",0.00%
Ovrsea,Travel and tourism,Travel & Tourism,United States,North America,908,0.00%,908,0.00%,,,,908,,,1,908,0,908,0.00%
Oxbotica,Autonomous Vehicle Technology,Technology/Telecommunications,United Kingdom,Europe,160,0.00%,160,0.00%,,,,,78,82,1,80,160,0,100.00%
Oxfam IBIS,"Non-profit organization, International Development",Non-profit/Charity/Government/NGO,United Kingdom,Europe,10,0.00%,10,0.00%,,10,,,,,1,10,0,10,0.00%
Oxford City,Real Estate,Real Estate,United Kingdom,Europe,"1,795",0.00%,"1,795",0.00%,,,,,,"1,795",0,"1,795","1,795",0,100.00%
Oxneholm,Fashion/Apparel,Apparel/Fashion,Sweden,Europe,400,0.00%,400,0.00%,400,,,,,,1,400,0,400,0.00%
Oxwash,Laundry and Dry Cleaning,Retail,United Kingdom,Europe,15,0.00%,15,0.00%,,,,15,,,1,15,0,15,0.00%
Oxx,Retail,Retail,United Kingdom,Europe,143,0.00%,143,0.00%,,17,,,98,28,2,48,126,17,88.11%
p.l.i. solutions,Information Technology,Technology/Telecommunications,Germany,Europe,48,0.00%,48,0.00%,,,,48,,,1,48,0,48,0.00%
P&G,Consumer Goods,Retail,United States,North America,82,0.00%,82,0.00%,,,,,,82,0,82,82,0,100.00%
P+HS ARCHITECTS,Architecture and Design,Construction/Engineering,United States,North America,111,0.00%,111,0.00%,,,,,,111,0,111,111,0,100.00%
Pacific Equity Partners,Private Equity,Financial Services,Australia,Oceania,202,0.00%,202,0.00%,,,,,,202,0,202,202,0,100.00%
Packhelp,Packaging,Manufacturing/Engineering,Poland,Europe,30,0.00%,30,0.00%,,,,30,,,1,30,0,30,0.00%
Packwise,Packaging,Manufacturing/Engineering,Australia,Oceania,36,0.00%,36,0.00%,,,36,,,,1,36,0,36,0.00%
Pacorini,Metals and Mining,Energy/Mining/Utilities,Belgium,Europe,60,0.00%,60,0.00%,,,,,60,,1,60,60,0,100.00%
Pacto Global,Sustainability,Environmental & Sustainability Services,Paraguay,South America,20,0.00%,20,0.00%,,,,,20,,1,20,20,0,100.00%
Pad 26 Limited,Technology,Technology/Telecommunications,United Kingdom,Europe,35,0.00%,35,0.00%,,10,,25,,,2,18,0,35,0.00%
PAFRAVE,Construction,Construction/Engineering,Chile,South America,55,0.00%,0,0.00%,0,0,0,0,0,0,5,0,0,55,0.00%
Pagoda,Restaurant,Food and Beverage,China,Asia,21,0.00%,21,0.00%,,,,,21,,1,21,21,0,100.00%
PAIDI,Furniture/Home Goods,Retail,Italy,Europe,750,0.00%,0,0.00%,0,0,0,0,0,0,5,0,0,750,0.00%
PAIDI Möbel GmbH,Furniture/Home Furnishings,Retail,Germany,Europe,"1,000",0.00%,"1,000",0.00%,,"1,000",,,,,1,"1,000",0,"1,000",0.00%
Pairly Climate,Climate Technology,Technology/Telecommunications,Canada,North America,30,0.00%,30,0.00%,,,,,30,,1,30,30,0,100.00%
Pala,Mining and Metals,Energy/Mining/Utilities,Palau,Oceania,205,0.00%,205,0.00%,,,,,,205,0,205,205,0,100.00%
Pala Group,Mining and Metals,Energy/Mining/Utilities,Switzerland,Europe,65,0.00%,65,0.00%,,,,,,65,0,65,65,0,100.00%
Palantir,Technology,Technology/Telecommunications,United States,North America,"35,175",0.05%,"35,175",0.05%,,,,,,"35,175",0,"35,175","35,175",0,100.00%
Palekana,Financial services,Financial Services,United Kingdom,Europe,100,0.00%,100,0.00%,,,,,,100,0,100,100,0,100.00%
Palmib,Food and Beverage,Food and Beverage,Sweden,Europe,11,0.00%,11,0.00%,,,,11,,,1,11,0,11,0.00%
Paluani,Food and Beverage,Food and Beverage,Italy,Europe,"8,311",0.01%,"1,975",0.00%,,,"1,975",,,,1,"1,975",0,"8,311",0.00%
Palvelualojen ammattiliitto,Labor Union,Non-profit/Charity/Government/NGO,Finland,Europe,120,0.00%,120,0.00%,,,,,,120,0,120,120,0,100.00%
Palvelualojen työnantajat Palta,Business/Industry Associations,Non-profit/Charity/Government/NGO,Finland,Europe,88,0.00%,88,0.00%,,,,28,,60,1,44,60,28,68.18%
PAM,Labor Union,Non-profit/Charity/Government/NGO,Finland,Europe,187,0.00%,187,0.00%,,,87,,100,,2,94,100,87,53.48%
Panambí Recicla,Recycling,Environmental & Sustainability Services,Argentina,South America,20,0.00%,20,0.00%,,,,20,,,1,20,0,20,0.00%
Panattoni,Real Estate,Real Estate,United States,North America,64,0.00%,64,0.00%,,,,,,64,0,64,64,0,100.00%
Panetta,Food and Beverage,Food and Beverage,Italy,Europe,52,0.00%,52,0.00%,,52,,,,,1,52,0,52,0.00%
PANGAIA,Fashion/Apparel,Apparel/Fashion,United States,North America,922,0.00%,922,0.00%,,,204,702,16,,3,307,16,906,1.74%
Pangolin,Technology/Software,Technology/Telecommunications,United States,North America,"37,887",0.05%,"37,887",0.06%,,300,500,,,"37,087",2,"12,629","37,087",800,97.89%
Panmure Gordon,Finance/Investment Banking,Financial Services,United Kingdom,Europe,"1,550",0.00%,"1,550",0.00%,,,,"1,550",,,1,"1,550",0,"1,550",0.00%
Paolo Bertolini,Fashion,Apparel/Fashion,Italy,Europe,150,0.00%,150,0.00%,,150,,,,,1,150,0,150,0.00%
Papa & Conny,Toy,Retail,Germany,Europe,10,0.00%,10,0.00%,,,10,,,,1,10,0,10,0.00%
Papastratos,Tobacco industry,Healthcare/Pharmaceuticals,Greece,Europe,"7,661",0.01%,"7,661",0.01%,,,,"7,661",,,1,"7,661",0,"7,661",0.00%
Paradigm,Home Appliances,Retail,India,Asia,15,0.00%,15,0.00%,15,,,,,,1,15,0,15,0.00%
Paradise City,Hospitality/Entertainment/Travel & Tourism,Travel & Tourism,South Korea,Asia,234,0.00%,234,0.00%,,,,234,,,1,234,0,234,0.00%
Paramount,Entertainment,Entertainment/Media/Sports,United States,North America,174,0.00%,174,0.00%,,,,143,,31,1,87,31,143,17.82%
Paravel,Travel and Leisure,Travel & Tourism,United States,North America,"2,923",0.00%,"2,923",0.00%,,,,,,"2,923",0,"2,923","2,923",0,100.00%
PARIPARI,"Sustainability, Climate Action",Environmental & Sustainability Services,Germany,Europe,157,0.00%,157,0.00%,41,41,,75,,,3,52,0,157,0.00%
Parish of Morpeth,Government/Public Sector,Non-profit/Charity/Government/NGO,United Kingdom,Europe,11,0.00%,11,0.00%,,,,11,,,1,11,0,11,0.00%
Park Ecovillage Trust,Real Estate,Real Estate,United Kingdom,Europe,15,0.00%,15,0.00%,,,,,,15,0,15,15,0,100.00%
Partners Capital,Finance/Investment Banking,Financial Services,United Kingdom,Europe,230,0.00%,230,0.00%,,,,,230,,1,230,230,0,100.00%
Party Warehouse Limited & Hire King Limited,Event Planning/Party Supplies,Entertainment/Media/Sports,Australia,Oceania,299,0.00%,299,0.00%,,,,,299,,1,299,299,0,100.00%
Pascall and Watson,Architecture and design,Construction/Engineering,United Kingdom,Europe,486,0.00%,486,0.00%,,,,,486,,1,486,486,0,100.00%
Passion Foods,Food and Beverage,Food and Beverage,Germany,Europe,11,0.00%,11,0.00%,,,,,11,,1,11,11,0,100.00%
Pastificio Lucio Garofalo S.p.A.,Food & Beverage,Food and Beverage,Italy,Europe,"1,975",0.00%,"1,975",0.00%,,,,,,"1,975",0,"1,975","1,975",0,100.00%
Patch,Carbon marketplaces or exchanges,Environmental & Sustainability Services,United States,North America,"73,235",0.10%,"73,235",0.11%,,"2,341","2,526","6,591","30,234","31,543",4,"14,647","61,777","11,458",84.35%
Patch Technologies Inc,Technology/Software,Technology/Telecommunications,United States,North America,"1,440",0.00%,"1,440",0.00%,,,,"1,440",,,1,"1,440",0,"1,440",0.00%
Path Net Zero,Energy,Energy/Mining/Utilities,United States,North America,201,0.00%,201,0.00%,,,,,,201,0,201,201,0,100.00%
Pattersons,Retail or Hospitality sector,Retail,New Zealand,Oceania,422,0.00%,422,0.00%,,,,,422,,1,422,422,0,100.00%
Paul Brown and Associates Limited,Consulting,Consulting Services,Canada,North America,60,0.00%,60,0.00%,,,,,,60,0,60,60,0,100.00%
Paula's Choice,Beauty and skincare industry,Retail,United States,North America,537,0.00%,537,0.00%,,,,537,,,1,537,0,537,0.00%
Paulig,Food and beverage industry,Food and Beverage,Finland,Europe,"7,121",0.01%,"7,121",0.01%,,,"1,420","5,701",,,2,"3,561",0,"7,121",0.00%
Paye,Construction,Construction/Engineering,France,Europe,132,0.00%,132,0.00%,,,,,,132,0,132,132,0,100.00%
PayPal,Financial Technology (Fintech),Technology/Telecommunications,United States,North America,800,0.00%,800,0.00%,,,,800,,,1,800,0,800,0.00%
PE Teknik & Arkitektur,Engineering and Architecture,Construction/Engineering,Sweden,Europe,13,0.00%,13,0.00%,,13,,,,,1,13,0,13,0.00%
Peace Parks Foundation,Non-profit/Conservation/Environmentalism,Agriculture/Agribusiness/Resources,South Africa,Africa,790,0.00%,790,0.00%,,648,142,,,,2,395,0,790,0.00%
Pearl & Dean Cinemas Limited,Entertainment - Movies,Entertainment/Media/Sports,United Kingdom,Europe,22,0.00%,22,0.00%,,,,,,22,0,22,22,0,100.00%
Pearl ConsultingCP Creatives,Consulting and Creative Services,Consulting Services,United States,North America,53,0.00%,53,0.00%,,,,,,53,0,53,53,0,100.00%
Pecunia,Finance/Financial Services,Financial Services,United States,North America,"2,339",0.00%,0,0.00%,0,0,0,0,0,0,5,0,0,"2,339",0.00%
Peeze,Food & Beverage,Food and Beverage,Netherlands,Europe,"1,529",0.00%,"1,529",0.00%,,,,,,"1,529",0,"1,529","1,529",0,100.00%
Pelican,Procurement Services,Consulting Services,United States,North America,35,0.00%,35,0.00%,,,,35,,,1,35,0,35,0.00%
Pelzl,Consulting,Consulting Services,Germany,Europe,125,0.00%,112,0.00%,32,,16,32,,32,3,28,32,93,25.60%
Pendal Group,Financial Services,Financial Services,Australia,Oceania,314,0.00%,314,0.00%,,,314,,,,1,314,0,314,0.00%
Pennington Manches Cooper,Law Practice,Consulting Services,United Kingdom,Europe,"1,179",0.00%,"1,179",0.00%,,,,,,"1,179",0,"1,179","1,179",0,100.00%
Pennock's Floral,Retail - Specialty Retail,Retail,United States,North America,16,0.00%,16,0.00%,,,,,,16,0,16,16,0,100.00%
Pensionskasse Stadt Zürich,Financial Services,Financial Services,Switzerland,Europe,48,0.00%,48,0.00%,48,,,,,,1,48,0,48,0.00%
Pentadoc,Software,Technology/Telecommunications,Germany,Europe,56,0.00%,56,0.00%,,,,,56,,1,56,56,0,100.00%
PepsiCo,Food and Beverage,Food and Beverage,United States,North America,43,0.00%,43,0.00%,,,,43,,,1,43,0,43,0.00%
Perennial Farming Initiative,Agriculture/ Farming,Agriculture/Agribusiness/Resources,United States,North America,"3,120",0.00%,"3,120",0.00%,"1,569",,"1,551",,,,2,"1,560",0,"3,120",0.00%
Peri Group,Construction and Engineering,Construction/Engineering,Germany,Europe,"4,139",0.01%,"4,139",0.01%,,,,,,"4,139",0,"4,139","4,139",0,100.00%
Peritas Consulting,Consulting,Consulting Services,Peru,South America,150,0.00%,150,0.00%,,,,,,150,0,150,150,0,100.00%
Perkins Eastman,Architecture and Design,Construction/Engineering,United States,North America,400,0.00%,400,0.00%,,,,,,400,0,400,400,0,100.00%
Pernod Ricard,Beverage/Alcohol industry,Food and Beverage,France,Europe,"4,847",0.01%,"2,555",0.00%,,,25,"2,262",268,,3,852,268,"4,579",5.53%
Perpetual Services Pty Limited,Financial Services,Financial Services,Australia,Oceania,"19,450",0.03%,"19,450",0.03%,,,,,,"19,450",0,"19,450","19,450",0,100.00%
Perpetum,Technology/Software,Technology/Telecommunications,United States,North America,"1,482",0.00%,"1,482",0.00%,"1,147",335,,,,,2,741,0,"1,482",0.00%
Perspectives Climate Research,Research & Consulting,Consulting Services,Germany,Europe,200,0.00%,200,0.00%,,,,,200,,1,200,200,0,100.00%
Perspektiv,Marketing and Advertising,Advertising/Marketing/PR,Australia,Oceania,12,0.00%,12,0.00%,,,,12,,,1,12,0,12,0.00%
Perspektiv Australia Pty Ltd,Consulting Services,Consulting Services,Australia,Oceania,43,0.00%,43,0.00%,,,,,,43,0,43,43,0,100.00%
Peru Café,Food and Beverage,Food and Beverage,Peru,South America,181,0.00%,181,0.00%,,,181,,,,1,181,0,181,0.00%
Pet Family Limited,Pet Care/Animal Health,Agriculture/Agribusiness/Resources,United States,North America,623,0.00%,623,0.00%,,,,260,363,,2,312,363,260,58.27%
Peter Cundill Foundation,"Non-profit organization, Philanthropy",Non-profit/Charity/Government/NGO,Canada,North America,57,0.00%,57,0.00%,,,57,,,,1,57,0,57,0.00%
Peter Eustace & Associates,Financial Services,Financial Services,Australia,Oceania,424,0.00%,424,0.00%,,,,80,134,210,2,141,344,80,81.13%
Petrex,Oil & Gas,Energy/Mining/Utilities,United States,North America,60,0.00%,60,0.00%,,,,,,60,0,60,60,0,100.00%
Petrochina,Oil & Gas,Energy/Mining/Utilities,China,Asia,"105,821",0.14%,"105,821",0.16%,,,,,,"105,821",0,"105,821","105,821",0,100.00%
Petrofer,Chemical Manufacturing,Manufacturing/Engineering,Germany,Europe,"1,700",0.00%,"1,700",0.00%,,,,,,"1,700",0,"1,700","1,700",0,100.00%
Pets at Home,Retail - Pet Supplies,Agriculture/Agribusiness/Resources,United Kingdom,Europe,"3,500",0.00%,"2,000",0.00%,,,,"2,000",,,1,"2,000",0,"3,500",0.00%
Pfizer,Pharmaceuticals,Healthcare/Pharmaceuticals,United States,North America,120,0.00%,0,0.00%,0,0,0,0,0,0,5,0,0,120,0.00%
PGGM,Finance/Investment sector,Financial Services,Netherlands,Europe,"45,460",0.06%,"30,549",0.05%,"4,777","10,547","13,125",,"2,100",,4,"7,637","2,100","43,360",4.62%
Phantom Billstickers,Advertising & Marketing,Advertising/Marketing/PR,New Zealand,Oceania,94,0.00%,94,0.00%,,,,,,94,0,94,94,0,100.00%
Pharmanovia,Pharmaceuticals/Healthcare,Healthcare/Pharmaceuticals,Switzerland,Europe,122,0.00%,122,0.00%,,,,,122,,1,122,122,0,100.00%
Philip Morris,Tobacco industry,Healthcare/Pharmaceuticals,United States,North America,"27,168",0.04%,"27,168",0.04%,,"2,450",,"15,468","9,250",,3,"9,056","9,250","17,918",34.05%
Phoebus,Software,Technology/Telecommunications,United States,North America,45,0.00%,45,0.00%,,,45,,,,1,45,0,45,0.00%
PHOENIX,Consulting,Consulting Services,France,Europe,49,0.00%,49,0.00%,,,,,,49,0,49,49,0,100.00%
Photo Tours Norway,Tourism,Travel & Tourism,Norway,Europe,20,0.00%,20,0.00%,,,,,20,,1,20,20,0,100.00%
Pickfords,Moving and relocation services,Transportation/Logistics,United Kingdom,Europe,282,0.00%,282,0.00%,,,,,282,,1,282,282,0,100.00%
Pico Art International,Arts and Entertainment,Entertainment/Media/Sports,United States,North America,278,0.00%,278,0.00%,,,,278,,,1,278,0,278,0.00%
Picus Capital,Venture Capital,Financial Services,Germany,Europe,491,0.00%,491,0.00%,,,,,,491,0,491,491,0,100.00%
Pina Bausch Zentrum,Arts and Entertainment,Entertainment/Media/Sports,Germany,Europe,80,0.00%,80,0.00%,,,,,,80,0,80,80,0,100.00%
Pincvision,Business Services/Compliance & Risk Management,Consulting Services,Netherlands,Europe,592,0.00%,592,0.00%,,592,,,,,1,592,0,592,0.00%
PineBridge,Finance/Investment Management,Financial Services,United States,North America,155,0.00%,155,0.00%,,,155,,,,1,155,0,155,0.00%
Pinpoint Works,Marketing and Advertising,Advertising/Marketing/PR,United States,North America,12,0.00%,12,0.00%,,,,12,,,1,12,0,12,0.00%
Pinterest,Social Media,Technology/Telecommunications,United States,North America,30,0.00%,30,0.00%,,,30,,,,1,30,0,30,0.00%
Pipedrive,Software - SaaS,Technology/Telecommunications,Estonia,Europe,136,0.00%,136,0.00%,,,,,,136,0,136,136,0,100.00%
PIRATE,Retail,Retail,Germany,Europe,60,0.00%,60,0.00%,,,,60,,,1,60,0,60,0.00%
Pitch24,Sports and recreation,Entertainment/Media/Sports,United States,North America,350,0.00%,350,0.00%,,,,,,350,0,350,350,0,100.00%
PKN Orlen,Oil and Gas,Energy/Mining/Utilities,Poland,Europe,355,0.00%,355,0.00%,,,,,,355,0,355,355,0,100.00%
Planet Ark,Environmental Non-profit,Non-profit/Charity/Government/NGO,Australia,Oceania,21,0.00%,21,0.00%,,21,,,,,1,21,0,21,0.00%
Planet Moja,"E-commerce, Retail, Grocery",Retail,Kenya,Africa,"7,450",0.01%,"7,450",0.01%,,,,,10,"7,440",1,"3,725","7,450",0,100.00%
Planeta Carbono Neutro S.A.,Environmental Services,Environmental & Sustainability Services,Brazil,South America,"188,083",0.25%,"188,083",0.29%,,,,,,"188,083",0,"188,083","188,083",0,100.00%
Planetair,Travel and tourism,Travel & Tourism,United States,North America,"10,685",0.01%,450,0.00%,,,450,,,,1,450,0,"10,685",0.00%
Planetly,Environmental sustainability or technology sector,Technology/Telecommunications,Germany,Europe,"47,314",0.06%,"44,866",0.07%,,"3,500","13,429","25,845","2,092",,4,"11,217","2,092","45,222",4.42%
Planisware,Software,Technology/Telecommunications,France,Europe,16,0.00%,16,0.00%,,,,,16,,1,16,16,0,100.00%
PlanSource,Technology/Software,Technology/Telecommunications,United States,North America,259,0.00%,259,0.00%,,,,259,,,1,259,0,259,0.00%
Plasma Innova,Medical Devices,Healthcare/Pharmaceuticals,United States,North America,14,0.00%,14,0.00%,14,,,,,,1,14,0,14,0.00%
Plastieste,Plastic Manufacturing,Manufacturing/Engineering,Colombia,South America,122,0.00%,105,0.00%,32,17,15,20,21,,5,21,21,101,17.21%
Plastieste S.A.,Manufacturing,Manufacturing/Engineering,Spain,Europe,20,0.00%,20,0.00%,,,,,,20,0,20,20,0,100.00%
PLECO,Technology/Software,Technology/Telecommunications,United States,North America,123,0.00%,123,0.00%,123,,,,,,1,123,0,123,0.00%
PLI Solutions GmbH,Information technology,Technology/Telecommunications,Germany,Europe,24,0.00%,24,0.00%,,,,,,24,0,24,24,0,100.00%
Plub,Construction,Construction/Engineering,Poland,Europe,20,0.00%,20,0.00%,,,,,20,,1,20,20,0,100.00%
pm result,Marketing and Advertising,Advertising/Marketing/PR,Germany,Europe,60,0.00%,60,0.00%,,,,,60,,1,60,60,0,100.00%
PMG,Real Estate,Others,United States,North America,53,0.00%,53,0.00%,,,,,53,,1,53,53,0,100.00%
PMP Utilities Ltd,Utilities,Energy/Mining/Utilities,United Kingdom,Europe,200,0.00%,200,0.00%,,,,200,,,1,200,0,200,0.00%
PNED,Non-profit organization,Non-profit/Charity/Government/NGO,Belgium,Europe,30,0.00%,30,0.00%,,,,30,,,1,30,0,30,0.00%
Point Blank,Market Research and Consulting,Consulting Services,Germany,Europe,13,0.00%,13,0.00%,,,,,13,,1,13,13,0,100.00%
Pointer Ltd,Technology/IT sector,Technology/Telecommunications,United States,North America,555,0.00%,555,0.00%,,,,,555,,1,555,555,0,100.00%
POLE HABITAT,Home Improvement/Furniture Retail,Retail,France,Europe,22,0.00%,22,0.00%,,,,22,,,1,22,0,22,0.00%
Polen Capital Management,Finance/Investment Banking,Financial Services,United States,North America,"1,742",0.00%,"1,742",0.00%,,,,,722,"1,020",1,871,"1,742",0,100.00%
Pollination Group,Environmental Services,Environmental & Sustainability Services,Australia,Oceania,"1,070",0.00%,"1,070",0.00%,,,,,,"1,070",0,"1,070","1,070",0,100.00%
Pommes Frites Candle Co.,Retail,Retail,Belgium,Europe,719,0.00%,719,0.00%,,,,,,719,0,719,719,0,100.00%
Pomona College,Education,Others,United States,North America,38,0.00%,38,0.00%,,,,,,38,0,38,38,0,100.00%
Pon Holdings B.V.,Fashion/Apparel,Apparel/Fashion,Spain,Europe,"167,597",0.23%,"167,597",0.26%,"50,000","50,000",,"35,772",,"31,825",3,"41,899","31,825","135,772",18.99%
POOL,Consumer Cyclical,Retail,United States,North America,62,0.00%,62,0.00%,,,,,,62,0,62,62,0,100.00%
Poonawalla,Pharmaceuticals/Healthcare,Healthcare/Pharmaceuticals,India,Asia,"3,070",0.00%,"1,525",0.00%,"1,525",,,,,,1,"1,525",0,"3,070",0.00%
Popkornditorei Knalle GmbH,Food and Beverage,Food and Beverage,Germany,Europe,110,0.00%,110,0.00%,,,,110,,,1,110,0,110,0.00%
Porsche,Automotive,Transportation/Logistics,Germany,Europe,"54,420",0.07%,"54,374",0.08%,831,"20,174",178,"33,191",,,4,"13,594",0,"54,420",0.00%
Port Metro Vancouver,Transportation/Logistics,Transportation/Logistics,Canada,North America,760,0.00%,0,0.00%,0,0,0,0,0,0,5,0,0,760,0.00%
Posidonia,"Marine conservation, environmental research",Environmental & Sustainability Services,Greece,Europe,86,0.00%,86,0.00%,,,,,86,,1,86,86,0,100.00%
Positive Planet,Sustainability Consulting,Consulting Services,United Kingdom,Europe,625,0.00%,625,0.00%,,,,,597,28,1,313,625,0,100.00%
Post Danmark,Logistics and postal services,Transportation/Logistics,Denmark,Europe,"1,326",0.00%,"1,326",0.00%,,"1,326",,,,,1,"1,326",0,"1,326",0.00%
Postcon Konsolidierungs GmbH,Logistics and transportation,Transportation/Logistics,Germany,Europe,16,0.00%,16,0.00%,,,16,,,,1,16,0,16,0.00%
Postcon National GmbH,Logistics and transportation,Transportation/Logistics,Germany,Europe,439,0.00%,439,0.00%,,439,,,,,1,439,0,439,0.00%
Poste Italiane,Financial Services,Financial Services,Italy,Europe,"10,000",0.01%,"10,000",0.02%,,,,,,"10,000",0,"10,000","10,000",0,100.00%
Posti Green,Logistics and transportation,Transportation/Logistics,Finland,Europe,"31,742",0.04%,"11,742",0.02%,,"3,622","8,120",,,,2,"5,871",0,"31,742",0.00%
Postkodlotteriet,Entertainment/lottery industry,Entertainment/Media/Sports,Sweden,Europe,"7,930",0.01%,"1,899",0.00%,,,,,,"1,899",0,"1,899","1,899","6,031",23.95%
PostNord,Logistics and transportation,Transportation/Logistics,Sweden,Europe,"10,233",0.01%,"10,233",0.02%,,"3,321","1,392","4,017","1,503",,4,"2,558","1,503","8,730",14.69%
Pounamu Protein,Food & Beverage,Food and Beverage,New Zealand,Oceania,47,0.00%,47,0.00%,,,,,,47,0,47,47,0,100.00%
Pow,"Technology, Information and Internet",Technology/Telecommunications,Argentina,South America,100,0.00%,0,0.00%,0,0,0,0,0,0,5,0,0,100,0.00%
Powell Fenwick Consultants Limited,Engineering Consulting,Consulting Services,New Zealand,Oceania,62,0.00%,62,0.00%,,,,,,62,0,62,62,0,100.00%
Powerday PLC,Waste management,Environmental & Sustainability Services,United Kingdom,Europe,978,0.00%,978,0.00%,,,,,,978,0,978,978,0,100.00%
Powerline,Energy/Utilities,Energy/Mining/Utilities,United States,North America,850,0.00%,850,0.00%,,,,,269,581,1,425,850,0,100.00%
Powerpeers B.V.,Energy,Energy/Mining/Utilities,Netherlands,Europe,250,0.00%,250,0.00%,,,,,,250,0,250,250,0,100.00%
PowerSpeaking,Public speaking training,Consulting Services,United States,North America,136,0.00%,136,0.00%,,,,,57,79,1,68,136,0,100.00%
PPC Group,Business/Consulting Services,Consulting Services,South Africa,Africa,"2,793",0.00%,"2,793",0.00%,,,"2,793",,,,1,"2,793",0,"2,793",0.00%
PPURA,Fashion/Apparel,Apparel/Fashion,Italy,Europe,"1,500",0.00%,"1,500",0.00%,,,,"1,500",,,1,"1,500",0,"1,500",0.00%
Prada,Fashion and Luxury Goods,Apparel/Fashion,Italy,Europe,"14,700",0.02%,"14,700",0.02%,,,,"14,700",,,1,"14,700",0,"14,700",0.00%
Präg Energie,Energy,Energy/Mining/Utilities,Germany,Europe,"1,400",0.00%,"1,400",0.00%,,,,,,"1,400",0,"1,400","1,400",0,100.00%
Precinct Properties New Zealand Limited,Real Estate/Property Development,Construction/Engineering,New Zealand,Oceania,"8,587",0.01%,"6,753",0.01%,,,"1,287",,"4,862",604,2,"2,251","5,466","3,121",63.65%
Precision Industries,Manufacturing/Industrial Sector,Construction/Engineering,United States,North America,"10,925",0.01%,0,0.00%,0,0,0,0,0,0,5,0,0,"10,925",0.00%
Precon Limited,Construction,Construction/Engineering,United Kingdom,Europe,25,0.00%,25,0.00%,,,,,,25,0,25,25,0,100.00%
Premier,Hospitality or luxury goods,Retail,United States,North America,"1,191",0.00%,"1,191",0.00%,,,,,921,270,1,596,"1,191",0,100.00%
Premier Hygiene,Manufacturing - Personal Care Products,Manufacturing/Engineering,United Kingdom,Europe,"9,496",0.01%,"9,496",0.01%,,,,,,"9,496",0,"9,496","9,496",0,100.00%
PREMIUM,Luxury goods or high-end products,Retail,France,Europe,150,0.00%,150,0.00%,,,,150,,,1,150,0,150,0.00%
PRfektkontor,Office Supplies,Retail,Sweden,Europe,20,0.00%,20,0.00%,20,,,,,,1,20,0,20,0.00%
PricewaterhouseCoopers,Professional services/consulting,Consulting Services,United States,North America,"199,160",0.27%,"164,160",0.25%,"59,872","6,228","42,954","45,443","3,481","6,182",5,"27,360","9,663","189,497",4.85%
Pricon,Construction,Construction/Engineering,Germany,Europe,100,0.00%,0,0.00%,0,0,0,0,0,0,5,0,0,100,0.00%
PRIMAKLIMA,Environmental conservation and sustainability,Environmental & Sustainability Services,Germany,Europe,"187,686",0.25%,"164,548",0.25%,"5,989","5,429","30,599","32,843","31,540","58,148",5,"27,425","89,688","97,998",47.79%
Primakod,Software,Technology/Telecommunications,India,Asia,13,0.00%,13,0.00%,13,,,,,,1,13,0,13,0.00%
Prime Secure Systems,Security,Technology/Telecommunications,United Kingdom,Europe,63,0.00%,63,0.00%,,,,,63,,1,63,63,0,100.00%
Primeo Energie,Energy sector,Energy/Mining/Utilities,Switzerland,Europe,530,0.00%,530,0.00%,,,,65,465,,2,265,465,65,87.74%
Primo Espresso,Food and Beverage,Food and Beverage,Italy,Europe,"4,858",0.01%,846,0.00%,,,,,,846,0,846,846,"4,012",17.41%
Primus,Technology/Telecommunications,Technology/Telecommunications,United States,North America,950,0.00%,950,0.00%,950,,,,,,1,950,0,950,0.00%
Pringle Beleski,Fashion/Apparel,Apparel/Fashion,United States,North America,399,0.00%,399,0.00%,,,,,399,,1,399,399,0,100.00%
Print IT Awards,Printing and Graphic Arts,Manufacturing/Engineering,United Kingdom,Europe,10,0.00%,10,0.00%,,,10,,,,1,10,0,10,0.00%
Printmedien Biewald,Printing and Publishing,Entertainment/Media/Sports,Germany,Europe,17,0.00%,17,0.00%,,,,,,17,0,17,17,0,100.00%
Pro Clima,Building materials,Construction/Engineering,Germany,Europe,71,0.00%,71,0.00%,,,71,,,,1,71,0,71,0.00%
Procesos y Soluciones Ambientales S.A.S.,Environmental Services,Environmental & Sustainability Services,Colombia,South America,73,0.00%,73,0.00%,,,,,73,,1,73,73,0,100.00%
Procter & Gamble,Consumer Goods,Retail,United States,North America,131,0.00%,0,0.00%,0,0,0,0,0,0,5,0,0,131,0.00%
Procurri Europe Limited,Technology/IT Services,Technology/Telecommunications,United Kingdom,Europe,"1,017",0.00%,"1,017",0.00%,,,,,517,500,1,509,"1,017",0,100.00%
Product Studio,Marketing and Advertising,Advertising/Marketing/PR,United Kingdom,Europe,73,0.00%,73,0.00%,,,20,,,53,1,37,53,20,72.60%
Profile Security Services,Security Services,Others,United Kingdom,Europe,10,0.00%,10,0.00%,,,,,10,,1,10,10,0,100.00%
Project Climate,Environmental consulting or sustainability industry,Consulting Services,United States,North America,"19,942",0.03%,"9,171",0.01%,,"8,025","1,146",,,,2,"4,586",0,"19,942",0.00%
Proline,Advertising & Marketing,Advertising/Marketing/PR,United States,North America,16,0.00%,16,0.00%,,,,,,16,0,16,16,0,100.00%
Pronuvo,Pharmaceuticals,Healthcare/Pharmaceuticals,Switzerland,Europe,85,0.00%,85,0.00%,,,,85,,,1,85,0,85,0.00%
Property Management Company,Real Estate,Others,United Kingdom,Europe,47,0.00%,47,0.00%,,,,,47,,1,47,47,0,100.00%
Proske,Event Management,Advertising/Marketing/PR,Germany,Europe,27,0.00%,27,0.00%,,,,,,27,0,27,27,0,100.00%
Protected.net,Cybersecurity,Technology/Telecommunications,United States,North America,73,0.00%,73,0.00%,,,,,73,,1,73,73,0,100.00%
Providence Wealth Advisory Group,Financial Services,Financial Services,United States,North America,250,0.00%,250,0.00%,,,,,,250,0,250,250,0,100.00%
ProVita,Healthcare,Healthcare/Pharmaceuticals,Thailand,Asia,161,0.00%,0,0.00%,0,0,0,0,0,0,5,0,0,161,0.00%
Prowash,Car Wash,Retail,Sweden,Europe,10,0.00%,10,0.00%,,,,10,,,1,10,0,10,0.00%
proWIN,"Direct selling, household goods",Retail,Germany,Europe,12,0.00%,12,0.00%,,12,,,,,1,12,0,12,0.00%
ProxiFuel,Energy/Utilities,Energy/Mining/Utilities,Belgium,Europe,"163,650",0.22%,"163,650",0.25%,,,"53,578","63,766","46,306",,3,"54,550","46,306","117,344",28.30%
Proximus,Telecommunications,Technology/Telecommunications,Belgium,Europe,"5,949",0.01%,"5,949",0.01%,,,,,,"5,949",0,"5,949","5,949",0,100.00%
PST,Technology/Software,Technology/Telecommunications,United States,North America,"1,000",0.00%,0,0.00%,0,0,0,0,0,0,5,0,0,"1,000",0.00%
Publit,Technology/Software,Technology/Telecommunications,Sweden,Europe,168,0.00%,168,0.00%,,,,168,,,1,168,0,168,0.00%
Pulse Energy Alliance,Energy,Energy/Mining/Utilities,United States,North America,706,0.00%,706,0.00%,,,,,,706,0,706,706,0,100.00%
PUMA,Apparel and Footwear,Apparel/Fashion,Germany,Europe,50,0.00%,0,0.00%,0,0,0,0,0,0,5,0,0,50,0.00%
PunaMusta,Fashion/Apparel,Apparel/Fashion,Finland,Europe,"1,000",0.00%,"1,000",0.00%,,,"1,000",,,,1,"1,000",0,"1,000",0.00%
Punkkinen,Food and Beverage,Food and Beverage,Finland,Europe,33,0.00%,33,0.00%,33,,,,,,1,33,0,33,0.00%
Purity Coffee,Food and Beverage,Food and Beverage,United States,North America,224,0.00%,224,0.00%,,,,,88,136,1,112,224,0,100.00%
Purity IT,Information Technology,Technology/Telecommunications,United States,North America,24,0.00%,0,0.00%,0,0,0,0,0,0,5,0,0,24,0.00%
PUSCH,Retail,Retail,Germany,Europe,11,0.00%,11,0.00%,,,11,,,,1,11,0,11,0.00%
Pusteblume Naturkost,Food and Beverage,Food and Beverage,Germany,Europe,48,0.00%,48,0.00%,,16,,32,,,2,24,0,48,0.00%
PyhÃ¤tunturi,Travel & Tourism,Travel & Tourism,Finland,Europe,194,0.00%,194,0.00%,,,194,,,,1,194,0,194,0.00%
Pyramid Lines,Travel and tourism,Travel & Tourism,Egypt,Africa,"20,000",0.03%,"20,000",0.03%,,,"1,700","15,956","2,344",,3,"6,667","2,344","17,656",11.72%
Q-Lite,Lighting industry,Manufacturing/Engineering,Qatar,Middle East,154,0.00%,154,0.00%,,,,,,154,0,154,154,0,100.00%
Q5 Partners,Consulting or financial services,Consulting Services,United States,North America,450,0.00%,450,0.00%,,,,,450,,1,450,450,0,100.00%
Qantas,Airline,Transportation/Logistics,Australia,Oceania,"53,110",0.07%,"53,110",0.08%,,,,,83,"53,027",1,"26,555","53,110",0,100.00%
Qapital Ltd.,Financial Services,Financial Services,Sweden,Europe,272,0.00%,272,0.00%,,,,,272,,1,272,272,0,100.00%
Qatar Airways,Airline,Transportation/Logistics,Qatar,Middle East,"3,823",0.01%,"3,823",0.01%,,,,,,"3,823",0,"3,823","3,823",0,100.00%
QBE,Insurance,Financial Services,Australia,Oceania,20,0.00%,20,0.00%,,,,,,20,0,20,20,0,100.00%
QBOX,Technology,Technology/Telecommunications,United States,North America,56,0.00%,56,0.00%,,,56,,,,1,56,0,56,0.00%
QE Homes,Real Estate,Others,United States,North America,266,0.00%,266,0.00%,,,,80,186,,2,133,186,80,69.92%
QMPF,Financial Services,Financial Services,United Kingdom,Europe,90,0.00%,90,0.00%,90,,,,,,1,90,0,90,0.00%
QSCert,Certification,Others,Germany,Europe,24,0.00%,24,0.00%,,,24,,,,1,24,0,24,0.00%
Qualcomm,Semiconductors,Technology/Telecommunications,United States,North America,75,0.00%,75,0.00%,20,,,55,,,2,38,0,75,0.00%
Quality Building Services,Construction,Construction/Engineering,United Kingdom,Europe,45,0.00%,45,0.00%,,,,,13,32,1,23,45,0,100.00%
Quantcast,Technology/Advertising Technology,Advertising/Marketing/PR,United States,North America,200,0.00%,200,0.00%,,,,200,,,1,200,0,200,0.00%
Queens Ballpark Company,Sports/Entertainment,Entertainment/Media/Sports,United States,North America,"2,761",0.00%,"2,761",0.00%,,,,"2,761",,,1,"2,761",0,"2,761",0.00%
Queensland Chamber of Commerce and Industry,Business and Trade Organization,Consulting Services,Australia,Oceania,55,0.00%,55,0.00%,,,,,,55,0,55,55,0,100.00%
Querbeet GmbH,Food and beverage industry,Food and Beverage,Germany,Europe,410,0.00%,410,0.00%,,410,,,,,1,410,0,410,0.00%
Química Industrial del Sur,Chemicals,Manufacturing/Engineering,Argentina,South America,122,0.00%,84,0.00%,14,15,15,20,20,,5,17,20,102,16.39%
QUIPORT,Transportation/Aviation,Transportation/Logistics,Ecuador,South America,"2,565",0.00%,"2,565",0.00%,,,,"2,565",,,1,"2,565",0,"2,565",0.00%
Quod Inc.,Software,Technology/Telecommunications,United States,North America,190,0.00%,190,0.00%,,,,,72,118,1,95,190,0,100.00%
R+B Dise√±o Experimental,"Design, Engineering, Research and Development",Manufacturing/Engineering,Colombia,South America,20,0.00%,20,0.00%,,,,,20,,1,20,20,0,100.00%
R+B Diseño Experimental SASBIC,Design and Experimental Services,Consulting Services,Colombia,South America,20,0.00%,20,0.00%,,,,,,20,0,20,20,0,100.00%
R3,Technology/Blockchain,Technology/Telecommunications,United States,North America,152,0.00%,152,0.00%,,,,,152,,1,152,152,0,100.00%
Radicle,Software,Technology/Telecommunications,United States,North America,18,0.00%,18,0.00%,,,18,,,,1,18,0,18,0.00%
Radicle Group Inc.,Consulting or technology industry,Technology/Telecommunications,United States,North America,143,0.00%,143,0.00%,,,,143,,,1,143,0,143,0.00%
Radio Frequency Systems,Telecommunications,Technology/Telecommunications,Germany,Europe,100,0.00%,100,0.00%,,,,,,100,0,100,100,0,100.00%
RADIO NEXT GENERATION,Media and Entertainment,Entertainment/Media/Sports,Germany,Europe,85,0.00%,85,0.00%,,,41,20,24,,3,28,24,61,28.24%
Radisson,Hospitality/Hotel industry,Travel & Tourism,Belgium,Europe,"7,444",0.01%,"7,444",0.01%,,,,,888,"6,556",1,"3,722","7,444",0,100.00%
Raditel,Telecommunications,Technology/Telecommunications,Greece,Europe,47,0.00%,47,0.00%,,17,15,15,,,3,16,0,47,0.00%
Raglan Food Co,Food and Beverage,Food and Beverage,New Zealand,Oceania,200,0.00%,200,0.00%,,,,200,,,1,200,0,200,0.00%
Raiffeisenbank,Banking/Financial Services,Financial Services,Austria,Europe,330,0.00%,0,0.00%,0,0,0,0,0,0,5,0,0,330,0.00%
Rainforest Alliance,Non-profit organization,Non-profit/Charity/Government/NGO,United States,North America,45,0.00%,0,0.00%,0,0,0,0,0,0,5,0,0,45,0.00%
Rajapack,Packaging industry,Manufacturing/Engineering,France,Europe,347,0.00%,347,0.00%,,,,,,347,0,347,347,0,100.00%
Raketspel,Sporting Goods,Retail,Sweden,Europe,20,0.00%,20,0.00%,,20,,,,,1,20,0,20,0.00%
Ralph Lauren,Fashion/Apparel,Apparel/Fashion,United States,North America,127,0.00%,127,0.00%,,,,,,127,0,127,127,0,100.00%
Ramirez & Castillo,Food and Beverage,Food and Beverage,Colombia,South America,542,0.00%,287,0.00%,94,76,41,51,25,,5,57,25,517,4.61%
Ramudden,Construction and infrastructure sector,Construction/Engineering,Sweden,Europe,418,0.00%,418,0.00%,,,418,,,,1,418,0,418,0.00%
Range,Energy - Oil & Gas E&P,Energy/Mining/Utilities,United States,North America,"100,000",0.13%,"100,000",0.15%,,,,,,"100,000",0,"100,000","100,000",0,100.00%
Rapport Worldwide,Advertising/Marketing/Communications,Advertising/Marketing/PR,United States,North America,325,0.00%,325,0.00%,,325,,,,,1,325,0,325,0.00%
Rapunzel of Sweden,Hair care,Apparel/Fashion,Sweden,Europe,107,0.00%,107,0.00%,62,,45,,,,2,54,0,107,0.00%
RARE,Fashion/Apparel,Apparel/Fashion,United Kingdom,Europe,"1,000",0.00%,"1,000",0.00%,,,,500,500,,2,500,500,500,50.00%
RARIK,Software,Technology/Telecommunications,Iceland,Europe,"2,594",0.00%,"2,594",0.00%,,,325,175,,"2,094",2,865,"2,094",500,80.72%
Ratos AB,Investment company,Financial Services,Sweden,Europe,180,0.00%,180,0.00%,,,81,42,57,,3,60,57,123,31.67%
Ravensberger,Consumer goods,Retail,Germany,Europe,400,0.00%,400,0.00%,,,,,400,,1,400,400,0,100.00%
Rawstone Consulting,Management Consulting,Consulting Services,United Kingdom,Europe,23,0.00%,23,0.00%,,,,23,,,1,23,0,23,0.00%
Rayons d'Espoir,Non-profit organization,Non-profit/Charity/Government/NGO,France,Europe,25,0.00%,25,0.00%,,,,,25,,1,25,25,0,100.00%
RB Leipzig,Sports,Entertainment/Media/Sports,Germany,Europe,52,0.00%,52,0.00%,,,,,,52,0,52,52,0,100.00%
RBFA,Retail,Retail,United States,North America,"4,052",0.01%,"2,015",0.00%,,,"2,015",,,,1,"2,015",0,"4,052",0.00%
RBS,Banking,Financial Services,United Kingdom,Europe,620,0.00%,620,0.00%,,,,,,620,0,620,620,0,100.00%
Rdot,Automotive,Transportation/Logistics,Germany,Europe,10,0.00%,10,0.00%,,10,,,,,1,10,0,10,0.00%
Reaching Higher Ground,Education/Personal Development,Others,United States,North America,627,0.00%,627,0.00%,627,,,,,,1,627,0,627,0.00%
Reaktor,Technology Consulting,Consulting Services,Finland,Europe,"1,119",0.00%,"1,119",0.00%,36,,,"1,083",,,2,560,0,"1,119",0.00%
Real Wrap,Food & Beverage,Food and Beverage,United States,North America,"1,018",0.00%,"1,018",0.00%,,,,,,"1,018",0,"1,018","1,018",0,100.00%
Reale,Insurance,Financial Services,Spain,Europe,"2,380",0.00%,"2,380",0.00%,,,,,,"2,380",0,"2,380","2,380",0,100.00%
Reale Mutua,Insurance,Financial Services,Italy,Europe,"19,294",0.03%,"19,294",0.03%,,,,,,"19,294",0,"19,294","19,294",0,100.00%
Rebel Green,Household goods or cleaning products,Retail,United States,North America,"1,300",0.00%,"1,000",0.00%,,"1,000",,,,,1,"1,000",0,"1,300",0.00%
Recarbon,Trading,Financial Services,Australia,Oceania,"98,292",0.13%,"98,292",0.15%,,,,,,"98,292",0,"98,292","98,292",0,100.00%
Recheis,Food and beverage industry,Food and Beverage,Austria,Europe,"1,351",0.00%,"1,351",0.00%,"1,351",,,,,,1,"1,351",0,"1,351",0.00%
Recognition Express,Printing and Marketing Services,Advertising/Marketing/PR,United Kingdom,Europe,100,0.00%,50,0.00%,50,,,,,,1,50,0,100,0.00%
reconcept,Marketing and Advertising,Advertising/Marketing/PR,Germany,Europe,75,0.00%,75,0.00%,,,,75,,,1,75,0,75,0.00%
Recuperadora Biológica de Solventes S.A.,Environmental Services,Environmental & Sustainability Services,Mexico,North America,86,0.00%,86,0.00%,25,,29,32,,,3,29,0,86,0.00%
Red Blue,Information Technology,Technology/Telecommunications,United States,North America,71,0.00%,71,0.00%,,,,,,71,0,71,71,0,100.00%
RED BULL,Beverage/ Energy Drink,Food and Beverage,Austria,Europe,"13,964",0.02%,"13,964",0.02%,,,"7,000","6,964",,,2,"6,982",0,"13,964",0.00%
Red Rose,Packaging,Manufacturing/Engineering,United Kingdom,Europe,79,0.00%,79,0.00%,,,,,,79,0,79,79,0,100.00%
Red Stag Materials Ltd,Materials,Manufacturing/Engineering,Canada,North America,106,0.00%,106,0.00%,,,,,,106,0,106,106,0,100.00%
Refood,Food Waste Reduction,Environmental & Sustainability Services,Denmark,Europe,100,0.00%,100,0.00%,,,,,100,,1,100,100,0,100.00%
Refreshment Systems,Food and Beverage,Food and Beverage,United States,North America,434,0.00%,434,0.00%,,,,,,434,0,434,434,0,100.00%
Regen Market,Regenerative Agriculture Network,Agriculture/Agribusiness/Resources,United States,North America,149,0.00%,149,0.00%,,,,149,,,1,149,0,149,0.00%
Regent Office Care Ltd,Office Supplies/Office Services,Others,United Kingdom,Europe,212,0.00%,212,0.00%,,,,,212,,1,212,212,0,100.00%
ReGreen,Environmental sustainability or renewable energy sector,Energy/Mining/Utilities,United States,North America,"8,275",0.01%,"6,775",0.01%,,,25,,"6,750",,2,"3,388","6,750","1,525",81.57%
Reho Travel,Travel Agency,Travel & Tourism,Australia,Oceania,172,0.00%,0,0.00%,0,0,0,0,0,0,5,0,0,172,0.00%
REI Co-op,Retail - Outdoor and Sporting Goods,Retail,Germany,Europe,"160,768",0.22%,"132,189",0.20%,"9,800","24,568","34,058","35,086","28,677",,5,"26,438","28,677","132,091",17.84%
Reiknistofa,Financial Services,Financial Services,Iceland,Europe,10,0.00%,10,0.00%,,,,,10,,1,10,10,0,100.00%
Reima,Apparel & Accessories,Apparel/Fashion,Finland,Europe,191,0.00%,191,0.00%,,,,,,191,0,191,191,0,100.00%
Reiter,Textiles,Apparel/Fashion,Germany,Europe,100,0.00%,100,0.00%,,,,,,100,0,100,100,0,100.00%
Reka,Manufacturing,Manufacturing/Engineering,Hungary,Europe,134,0.00%,134,0.00%,,,,,134,,1,134,134,0,100.00%
Rekon,Cybersecurity,Technology/Telecommunications,United States,North America,16,0.00%,16,0.00%,,,,,16,,1,16,16,0,100.00%
Relaxshoe,Footwear/ Fashion industry,Apparel/Fashion,Italy,Europe,447,0.00%,447,0.00%,,,,,447,,1,447,447,0,100.00%
RELEX,Software - Enterprise Software,Technology/Telecommunications,Finland,Europe,"6,000",0.01%,"6,000",0.01%,,,,,,"6,000",0,"6,000","6,000",0,100.00%
Reliance,Energy,Energy/Mining/Utilities,India,Asia,100,0.00%,0,0.00%,0,0,0,0,0,0,5,0,0,100,0.00%
Reliance Transport Limited,Transportation Service,Transportation/Logistics,New Zealand,Oceania,"7,391",0.01%,"4,575",0.01%,,,,,"3,316","1,259",1,"2,288","4,575","2,816",61.90%
Rematec,Automotive,Transportation/Logistics,Netherlands,Europe,"2,300",0.00%,"2,300",0.00%,,,,,,"2,300",0,"2,300","2,300",0,100.00%
Rémi FAURE,Luxury Goods,Retail,France,Europe,72,0.00%,72,0.00%,,72,,,,,1,72,0,72,0.00%
Remi Le Priol,Fashion,Apparel/Fashion,France,Europe,14,0.00%,14,0.00%,14,,,,,,1,14,0,14,0.00%
Rémy Cointreau,Beverages,Food and Beverage,France,Europe,10,0.00%,10,0.00%,,,,,,10,0,10,10,0,100.00%
RenSti IVS,Small business/consulting services,Consulting Services,Sweden,Europe,"7,990",0.01%,"7,990",0.01%,"5,590","2,400",,,,,2,"3,995",0,"7,990",0.00%
Repha,Pharmaceuticals/Healthcare,Healthcare/Pharmaceuticals,Switzerland,Europe,106,0.00%,106,0.00%,,,,106,,,1,106,0,106,0.00%
Republica,"Coffee Roaster, Coffee Shop",Food and Beverage,Costa Rica,North America,26,0.00%,0,0.00%,0,0,0,0,0,0,5,0,0,26,0.00%
Resolve,Consulting and Business Services,Consulting Services,United States,North America,28,0.00%,28,0.00%,,,,,,28,0,28,28,0,100.00%
Resource Futures,Financial Services,Financial Services,Australia,Oceania,613,0.00%,613,0.00%,55,147,,233,,178,3,153,178,435,29.04%
Respira,Healthcare,Healthcare/Pharmaceuticals,India,Asia,"3,028",0.00%,"3,028",0.00%,,,,,99,"2,929",1,"1,514","3,028",0,100.00%
Resurs Bank,Financial services,Financial Services,Sweden,Europe,916,0.00%,916,0.00%,,,,,458,458,1,458,916,0,100.00%
Retarus,Information Technology,Technology/Telecommunications,Germany,Europe,20,0.00%,20,0.00%,,,,,20,,1,20,20,0,100.00%
Rete Clima,"HVAC (Heating, Ventilation, and Air Conditioning)",Construction/Engineering,Italy,Europe,25,0.00%,0,0.00%,0,0,0,0,0,0,5,0,0,25,0.00%
Reuzi,Reusable Products,Environmental & Sustainability Services,Ireland,Europe,49,0.00%,49,0.00%,,,38,,,11,1,25,11,38,22.45%
Reverb,Music/Entertainment industry,Entertainment/Media/Sports,United States,North America,"15,293",0.02%,"15,293",0.02%,"2,627",,,"12,616",50,,3,"5,098",50,"15,243",0.33%
Rexab,Personal care/beauty industry,Retail,United States,North America,201,0.00%,201,0.00%,201,,,,,,1,201,0,201,0.00%
Rexall,Pharmacy/Healthcare,Healthcare/Pharmaceuticals,Canada,North America,227,0.00%,227,0.00%,227,,,,,,1,227,0,227,0.00%
Reykjavik Data ehf.,Banking,Financial Services,Iceland,Europe,155,0.00%,155,0.00%,,,,,,155,0,155,155,0,100.00%
RG Group,Construction and real estate industry,Construction/Engineering,India,Asia,"2,022",0.00%,525,0.00%,292,,,233,,,2,263,0,"2,022",0.00%
RheinEnergie,Energy & Utilities,Energy/Mining/Utilities,Germany,Europe,"21,954",0.03%,"18,085",0.03%,900,"5,975",,"9,210","2,000",,4,"4,521","2,000","19,954",9.11%
RheinEnergie AG,Energy,Energy/Mining/Utilities,Germany,Europe,"1,832",0.00%,"1,832",0.00%,,,,,,"1,832",0,"1,832","1,832",0,100.00%
RheinEnergie Trading GmbH,Energy,Energy/Mining/Utilities,Germany,Europe,15,0.00%,0,0.00%,0,0,0,0,0,0,5,0,0,15,0.00%
Rhino Ark,Environmental Conservation/Non-profit sector,Environmental & Sustainability Services,Kenya,Africa,824,0.00%,824,0.00%,299,,,255,270,,3,275,270,554,32.77%
Rhino Ark Kenya,Charity/Non-profit,Non-profit/Charity/Government/NGO,Kenya,Africa,397,0.00%,397,0.00%,,,,,,397,0,397,397,0,100.00%
Rhodius,Beverage industry,Food and Beverage,Germany,Europe,"3,466",0.00%,"3,466",0.01%,,"1,875",193,216,,"1,182",3,867,"1,182","2,284",34.10%
RIB,Construction,Construction/Engineering,Germany,Europe,81,0.00%,81,0.00%,,,,81,,,1,81,0,81,0.00%
Ricardo Energy and Environment,Engineering Consulting,Consulting Services,United Kingdom,Europe,536,0.00%,536,0.00%,,438,,98,,,2,268,0,536,0.00%
Richardson,Agriculture/food processing,Food and Beverage,United States,North America,479,0.00%,479,0.00%,,,,,479,,1,479,479,0,100.00%
Richemont,Luxury goods sector,Retail,Switzerland,Europe,"358,000",0.48%,"301,000",0.46%,"107,000","100,000","74,000",,"20,000",,4,"75,250","20,000","338,000",5.59%
Richter Premium Hotelservice GmbH,Hospitality,Travel & Tourism,Germany,Europe,100,0.00%,100,0.00%,,,,,,100,0,100,100,0,100.00%
Ricoh,Technology/Office Equipment,Technology/Telecommunications,Japan,Asia,982,0.00%,982,0.00%,,,,,982,,1,982,982,0,100.00%
Rider Levett Bucknall,Construction/Real Estate,Construction/Engineering,Australia,Oceania,401,0.00%,401,0.00%,,,,,401,,1,401,401,0,100.00%
Riegos de Chiriquí,Agriculture,Agriculture/Agribusiness/Resources,Panama,North America,20,0.00%,20,0.00%,,,,,20,,1,20,20,0,100.00%
Riello,Electrical Equipment & Parts,Manufacturing/Engineering,Italy,Europe,170,0.00%,170,0.00%,,,,,,170,0,170,170,0,100.00%
Righetti,Food and Beverage,Food and Beverage,Costa Rica,North America,32,0.00%,18,0.00%,18,,,,,,1,18,0,32,0.00%
Rightmove,Real Estate/Property,Construction/Engineering,United Kingdom,Europe,524,0.00%,524,0.00%,,,,,524,,1,524,524,0,100.00%
Riksbyggen,Real Estate/Property Management,Construction/Engineering,Sweden,Europe,"1,989",0.00%,"1,989",0.00%,"1,035",954,,,,,2,995,0,"1,989",0.00%
Riksdagstrycket,Government,Non-profit/Charity/Government/NGO,Sweden,Europe,191,0.00%,191,0.00%,,99,92,,,,2,96,0,191,0.00%
Rimi,Retail or grocery sector,Food and Beverage,Latvia,Europe,"13,140",0.02%,"13,140",0.02%,,,,"4,000","9,140",,2,"6,570","9,140","4,000",69.56%
RINA,Engineering and consulting services,Consulting Services,Italy,Europe,500,0.00%,500,0.00%,,,,,,500,0,500,500,0,100.00%
RingGo,Technology,Technology/Telecommunications,United Kingdom,Europe,182,0.00%,182,0.00%,,,,,,182,0,182,182,0,100.00%
Rio Tinto,Mining,Energy/Mining/Utilities,United Kingdom,Europe,53,0.00%,0,0.00%,0,0,0,0,0,0,5,0,0,53,0.00%
Ripe Insurance,Insurance Company,Financial Services,United Kingdom,Europe,236,0.00%,236,0.00%,,,,,109,127,1,118,236,0,100.00%
Ripple,Finance/Blockchain Technology,Technology/Telecommunications,United States,North America,"5,776",0.01%,"5,776",0.01%,,,"3,376",,"2,400",,2,"2,888","2,400","3,376",41.55%
Riva UK Ltd,Manufacturing,Manufacturing/Engineering,United Kingdom,Europe,45,0.00%,45,0.00%,,,,,,45,0,45,45,0,100.00%
River Lee Hotel,Hospitality,Travel & Tourism,Ireland,Europe,200,0.00%,200,0.00%,,,,,,200,0,200,200,0,100.00%
Riverlee,Real Estate,Real Estate,Australia,Oceania,319,0.00%,319,0.00%,,,,,,319,0,319,319,0,100.00%
Riversun Nursery Limited,Agriculture/Forestry/Farming,Agriculture/Agribusiness/Resources,New Zealand,Oceania,"1,987",0.00%,"1,987",0.00%,,,769,646,,572,2,662,572,"1,415",28.79%
Rix90,Radio,Entertainment/Media/Sports,United States,North America,22,0.00%,22,0.00%,,,10,12,,,2,11,0,22,0.00%
RKF Group,Real Estate,Real Estate,Russia,Europe,10,0.00%,10,0.00%,,,,,,10,0,10,10,0,100.00%
Road Trip Club,Travel and Tourism,Travel & Tourism,United States,North America,200,0.00%,200,0.00%,,,200,,,,1,200,0,200,0.00%
ROAR AFRICA,Travel and tourism,Travel & Tourism,South Africa,Africa,"2,686",0.00%,"2,686",0.00%,,,,"1,067","1,121",498,2,895,"1,619","1,067",60.28%
Robert Allan,Engineering,Manufacturing/Engineering,Canada,North America,186,0.00%,186,0.00%,,,,,,186,0,186,186,0,100.00%
Roberto Coin,Luxury Goods,Apparel/Fashion,Italy,Europe,246,0.00%,246,0.00%,,,,,,246,0,246,246,0,100.00%
Robinhood,Financial Services,Financial Services,United States,North America,91,0.00%,91,0.00%,,,91,,,,1,91,0,91,0.00%
Rock in Rio,Entertainment/Events,Entertainment/Media/Sports,Brazil,South America,"7,882",0.01%,"7,882",0.01%,,,,"3,971","3,911",,2,"3,941","3,911","3,971",49.62%
Rocket Companies,Real Estate,Others,United States,North America,40,0.00%,0,0.00%,0,0,0,0,0,0,5,0,0,40,0.00%
Rockingham,Government,Non-profit/Charity/Government/NGO,Australia,Oceania,804,0.00%,804,0.00%,,,,,,804,0,804,804,0,100.00%
Rockwealth,Financial Services,Financial Services,United States,North America,274,0.00%,274,0.00%,,,274,,,,1,274,0,274,0.00%
Rokos Services,Services,Consulting Services,United Kingdom,Europe,"2,846",0.00%,"2,846",0.00%,,,,,"2,846",,1,"2,846","2,846",0,100.00%
Roland Berger,Consulting,Consulting Services,Germany,Europe,"11,787",0.02%,"11,787",0.02%,,"1,565","7,636",,"2,586",,3,"3,929","2,586","9,201",21.94%
Rolling Stones,Music,Entertainment/Media/Sports,United Kingdom,Europe,25,0.00%,25,0.00%,,25,,,,,1,25,0,25,0.00%
Roman,Fashion/Apparel,Apparel/Fashion,Italy,Europe,626,0.00%,626,0.00%,,,,626,,,1,626,0,626,0.00%
RON BARCELO,Hospitality and Tourism,Travel & Tourism,Spain,Europe,"48,070",0.06%,"17,720",0.03%,"17,720",,,,,,1,"17,720",0,"48,070",0.00%
Root Capital,Financial Services,Financial Services,United States,North America,242,0.00%,242,0.00%,,,,28,32,182,2,81,214,28,88.43%
Rory McIlroy Enterprises,Sports and Entertainment,Entertainment/Media/Sports,Northern Ireland,Europe,"1,174",0.00%,"1,174",0.00%,,,,412,20,742,2,391,762,412,64.91%
Roschier,Law and legal services,Consulting Services,Finland,Europe,493,0.00%,493,0.00%,,493,,,,,1,493,0,493,0.00%
Rose International,Staffing and Recruiting,Consulting Services,United States,North America,19,0.00%,19,0.00%,,,,,19,,1,19,19,0,100.00%
Roslagens Sparbank,Banking,Financial Services,Sweden,Europe,80,0.00%,80,0.00%,,,80,,,,1,80,0,80,0.00%
Rosminian Fathers,Religious Organizations,Non-profit/Charity/Government/NGO,Italy,Europe,16,0.00%,16,0.00%,,,,,,16,0,16,16,0,100.00%
Ross,Financial Services,Financial Services,United States,North America,43,0.00%,43,0.00%,,,,,,43,0,43,43,0,100.00%
Ross Strategic,Management Consulting,Consulting Services,United States,North America,50,0.00%,50,0.00%,,,,,50,,1,50,50,0,100.00%
Rösterei Bohnenschmiede,Food and Beverage,Food and Beverage,Germany,Europe,162,0.00%,162,0.00%,,,,,162,,1,162,162,0,100.00%
Rotary International,Non-profit organization,Non-profit/Charity/Government/NGO,United States,North America,14,0.00%,14,0.00%,,,,,14,,1,14,14,0,100.00%
Rothschild & Co,Financial Services,Financial Services,France,Europe,"1,666",0.00%,"1,666",0.00%,,,,,,"1,666",0,"1,666","1,666",0,100.00%
Routes,Travel and tourism,Travel & Tourism,United States,North America,113,0.00%,113,0.00%,,,,,113,,1,113,113,0,100.00%
Rover,Automotive or technology sector,Transportation/Logistics,United Kingdom,Europe,214,0.00%,214,0.00%,,,,,214,,1,214,214,0,100.00%
Rovio,Technology/Entertainment,Entertainment/Media/Sports,Finland,Europe,"3,393",0.00%,"3,393",0.01%,,,,,"3,393",,1,"3,393","3,393",0,100.00%
Royal African Safaris,Travel & Tourism,Travel & Tourism,South Africa,Africa,686,0.00%,686,0.00%,,,,,,686,0,686,686,0,100.00%
Royal Australian and New Zealand College of Obstetricians and Gynaecologists,Healthcare,Healthcare/Pharmaceuticals,Australia,Oceania,50,0.00%,50,0.00%,,,,,,50,0,50,50,0,100.00%
Royal Canadian Mounted Police,Government/ Law Enforcement,Non-profit/Charity/Government/NGO,Canada,North America,"2,012",0.00%,"2,012",0.00%,"2,012",,,,,,1,"2,012",0,"2,012",0.00%
Royal Court,Hospitality/Hotel industry,Travel & Tourism,United Kingdom,Europe,"1,369",0.00%,0,0.00%,0,0,0,0,0,0,5,0,0,"1,369",0.00%
Royal Dutch Touring Club ANWB,Travel and Tourism,Travel & Tourism,Netherlands,Europe,"77,585",0.10%,"75,169",0.11%,"41,790","2,547","5,413","17,812","7,607",,5,"15,034","7,607","69,978",9.80%
Royal Philips NV,Technology/Electronics,Technology/Telecommunications,Netherlands,Europe,"150,354",0.20%,"103,554",0.16%,"90,600","3,065",,,"9,889",,3,"34,518","9,889","140,465",6.58%
Royal Reesink,Agriculture/Heavy Machinery sector,Construction/Engineering,Netherlands,Europe,"1,381",0.00%,"1,381",0.00%,,,"1,381",,,,1,"1,381",0,"1,381",0.00%
RP Investment Advisors,Financial Services,Financial Services,United States,North America,43,0.00%,43,0.00%,,,,,,43,0,43,43,0,100.00%
RPKT,Real Estate,Others,United States,North America,19,0.00%,0,0.00%,0,0,0,0,0,0,5,0,0,19,0.00%
RPL,Technology/Software,Technology/Telecommunications,India,Asia,109,0.00%,0,0.00%,0,0,0,0,0,0,5,0,0,109,0.00%
RTA Studio,Architecture & Design,Construction/Engineering,United Kingdom,Europe,43,0.00%,43,0.00%,,,,43,,,1,43,0,43,0.00%
Rubicon Carbon,Energy,Energy/Mining/Utilities,United States,North America,27,0.00%,27,0.00%,,,,,,27,0,27,27,0,100.00%
Rubio,Finance,Financial Services,United States,North America,24,0.00%,24,0.00%,,,,,,24,0,24,24,0,100.00%
Rubix,Industrial distribution,Others,United Kingdom,Europe,50,0.00%,50,0.00%,,,,,50,,1,50,50,0,100.00%
Ruffer,Finance/Investment Management,Financial Services,United Kingdom,Europe,939,0.00%,939,0.00%,,750,189,,,,2,470,0,939,0.00%
Rugby World Cup France,Sports,Entertainment/Media/Sports,France,Europe,"10,000",0.01%,"10,000",0.02%,,,,,,"10,000",0,"10,000","10,000",0,100.00%
Rukakeskus,Retail or e-commerce sector,Retail,Finland,Europe,842,0.00%,842,0.00%,,35,697,,110,,3,281,110,732,13.06%
Rumblewood,Furniture,Retail,United States,North America,20,0.00%,20,0.00%,20,,,,,,1,20,0,20,0.00%
Russell Cooke,Law firm,Consulting Services,United Kingdom,Europe,603,0.00%,603,0.00%,,,,33,570,,2,302,570,33,94.53%
Russell Reynolds,Executive Search and Recruitment,Consulting Services,United States,North America,"1,236",0.00%,"1,236",0.00%,,,,"1,236",,,1,"1,236",0,"1,236",0.00%
RWTH Aachen University,Education,Others,Germany,Europe,10,0.00%,10,0.00%,,,,10,,,1,10,0,10,0.00%
Ryde,Technology,Technology/Telecommunications,United States,North America,175,0.00%,175,0.00%,,,,,,175,0,175,175,0,100.00%
Rynd,Real Estate,Others,Netherlands,Europe,44,0.00%,44,0.00%,,,,44,,,1,44,0,44,0.00%
S-Klimakonto,Financial Services,Financial Services,Germany,Europe,600,0.00%,600,0.00%,,,,,,600,0,600,600,0,100.00%
S-Markt,Retail sector,Retail,Germany,Europe,600,0.00%,600,0.00%,,,,,600,,1,600,600,0,100.00%
S. Kian Seng,Manufacturing/Industrial Sector,Construction/Engineering,Singapore,Asia,235,0.00%,0,0.00%,0,0,0,0,0,0,5,0,0,235,0.00%
S.Y. Twizzle,Toy,Retail,China,Asia,177,0.00%,177,0.00%,,177,,,,,1,177,0,177,0.00%
SAB Catering,Food and Beverage industry,Food and Beverage,South Africa,Africa,434,0.00%,0,0.00%,0,0,0,0,0,0,5,0,0,434,0.00%
Safari Line,Cruise Lines,Travel & Tourism,Germany,Europe,29,0.00%,0,0.00%,0,0,0,0,0,0,5,0,0,29,0.00%
Safe Water Supply,Water Utilities,Energy/Mining/Utilities,United States,North America,"136,306",0.18%,"136,306",0.21%,,,,,,"136,306",0,"136,306","136,306",0,100.00%
SafeAtWork,Safety and security,Consulting Services,United States,North America,32,0.00%,32,0.00%,,,,,,32,0,32,32,0,100.00%
SAFECHEM,Chemicals,Manufacturing/Engineering,Germany,Europe,45,0.00%,45,0.00%,,,,,45,,1,45,45,0,100.00%
Safpro,Industrial Supply,Manufacturing/Engineering,Canada,North America,40,0.00%,40,0.00%,,,,,,40,0,40,40,0,100.00%
SAGENE BRYGGERI AS,Food & Beverage,Food and Beverage,Norway,Europe,603,0.00%,0,0.00%,0,0,0,0,0,0,5,0,0,603,0.00%
Sainsbury's,Retail,Retail,United Kingdom,Europe,36,0.00%,0,0.00%,0,0,0,0,0,0,5,0,0,36,0.00%
Saint Charles Organics,Food and Beverage,Food and Beverage,Germany,Europe,50,0.00%,50,0.00%,,,,,50,,1,50,50,0,100.00%
Saint-Gobain,Building materials,Construction/Engineering,Sweden,Europe,34,0.00%,34,0.00%,,,34,,,,1,34,0,34,0.00%
Sala Sparbank,Banking,Financial Services,Sweden,Europe,72,0.00%,72,0.00%,,,,72,,,1,72,0,72,0.00%
Salema Eco Camp,Hospitality/Tourism/Outdoor Recreation,Travel & Tourism,Portugal,Europe,385,0.00%,385,0.00%,,,175,210,,,2,193,0,385,0.00%
Salesforce,Technology/Software,Technology/Telecommunications,United States,North America,"51,932",0.07%,"49,932",0.08%,,,,"49,932",,,1,"49,932",0,"51,932",0.00%
Salisbury,Food and beverage industry,Food and Beverage,United Kingdom,Europe,555,0.00%,555,0.00%,,,,,555,,1,555,555,0,100.00%
SALON,Media,Entertainment/Media/Sports,United States,North America,22,0.00%,22,0.00%,,,,,,22,0,22,22,0,100.00%
SALTO Systems,Security,Technology/Telecommunications,Spain,Europe,107,0.00%,107,0.00%,,,,32,55,20,2,36,75,32,70.09%
Sampoerna,Tobacco industry,Healthcare/Pharmaceuticals,Indonesia,Asia,677,0.00%,677,0.00%,,,,677,,,1,677,0,677,0.00%
Samsara,Technology/Internet of Things (IoT),Technology/Telecommunications,United States,North America,"5,000",0.01%,"5,000",0.01%,,,"5,000",,,,1,"5,000",0,"5,000",0.00%
Samsung,Electronics,Technology/Telecommunications,South Korea,Asia,"4,793",0.01%,"4,693",0.01%,,,,,,"4,693",0,"4,693","4,693",100,97.91%
Sana Pharma,Pharmaceuticals,Healthcare/Pharmaceuticals,India,Asia,10,0.00%,10,0.00%,,,,10,,,1,10,0,10,0.00%
Sandland,Packaging,Manufacturing/Engineering,Sandland,Asia,250,0.00%,250,0.00%,,,,,,250,0,250,250,0,100.00%
Sands,Hospitality and Gaming,Travel & Tourism,United States,North America,"17,622",0.02%,"17,622",0.03%,,,,,,"17,622",0,"17,622","17,622",0,100.00%
Sandstorm Gold,Metals & Mining,Energy/Mining/Utilities,Canada,North America,20,0.00%,20,0.00%,,,,,,20,0,20,20,0,100.00%
Sandvik,Manufacturing,Manufacturing/Engineering,Sweden,Europe,472,0.00%,472,0.00%,,,,,,472,0,472,472,0,100.00%
Sanlam,Financial Services,Financial Services,South Africa,Africa,"1,465",0.00%,0,0.00%,0,0,0,0,0,0,5,0,0,"1,465",0.00%
Sanofi,Pharmaceuticals,Healthcare/Pharmaceuticals,France,Europe,34,0.00%,34,0.00%,,,,,,34,0,34,34,0,100.00%
Sanoma,Media and Publishing,Entertainment/Media/Sports,Finland,Europe,500,0.00%,500,0.00%,,,,,500,,1,500,500,0,100.00%
Sans Ceuticals,Pharmaceuticals,Healthcare/Pharmaceuticals,United Kingdom,Europe,16,0.00%,16,0.00%,,,,,16,,1,16,16,0,100.00%
Santa Maria,Food and beverage industry,Food and Beverage,Sweden,Europe,500,0.00%,500,0.00%,,,,,500,,1,500,500,0,100.00%
SAP,Technology/Software,Technology/Telecommunications,Germany,Europe,"275,181",0.37%,"54,403",0.08%,"22,382","2,416",17,"14,653","14,935",,5,"10,881","14,935","260,246",5.43%
Sapio Group,Business/Consulting Services,Consulting Services,Italy,Europe,115,0.00%,115,0.00%,,,,,115,,1,115,115,0,100.00%
Sasol,Energy/Chemicals,Energy/Mining/Utilities,South Africa,Africa,"73,100",0.10%,"73,100",0.11%,,,,600,,"72,500",1,"36,550","72,500",600,99.18%
Sasse + Sasse,Law firm,Consulting Services,Germany,Europe,45,0.00%,45,0.00%,,,,,45,,1,45,45,0,100.00%
Saudi Motorsport Company,Automotive/Racing industry,Transportation/Logistics,Saudi Arabia,Asia,"6,924",0.01%,"6,924",0.01%,,,,,"6,924",,1,"6,924","6,924",0,100.00%
Saudi National Bank,Banking,Financial Services,Saudi Arabia,Middle East,"8,463",0.01%,"8,463",0.01%,,,,,,"8,463",0,"8,463","8,463",0,100.00%
Save the Children,Non-profit/Charity,Non-profit/Charity/Government/NGO,United Kingdom,Europe,225,0.00%,225,0.00%,,,,127,,98,1,113,98,127,43.56%
Save The Duck,Fashion/Apparel,Apparel/Fashion,Italy,Europe,"9,256",0.01%,"9,256",0.01%,,,"2,500",,"6,191",565,2,"3,085","6,756","2,500",72.99%
Save the Elephants,Non-profit/Conservation,Agriculture/Agribusiness/Resources,Kenya,Africa,782,0.00%,782,0.00%,,,438,,,344,1,391,344,438,43.99%
SaxonAir,Aviation/Airline industry,Transportation/Logistics,United Kingdom,Europe,300,0.00%,300,0.00%,,,,,300,,1,300,300,0,100.00%
SBAB Bank AB,Banking,Financial Services,Sweden,Europe,525,0.00%,525,0.00%,,,,,,525,0,525,525,0,100.00%
SBRS GmbH,Information Technology,Technology/Telecommunications,Germany,Europe,381,0.00%,381,0.00%,,,,,,381,0,381,381,0,100.00%
SBS,Real Estate,Real Estate,South Korea,Asia,19,0.00%,19,0.00%,,,,,,19,0,19,19,0,100.00%
SBS Insurance,Insurance,Financial Services,New Zealand,Oceania,50,0.00%,50,0.00%,,,,50,,,1,50,0,50,0.00%
Scandinavian Travel,Travel and Tourism,Travel & Tourism,Sweden,Europe,170,0.00%,170,0.00%,,,,,,170,0,170,170,0,100.00%
ScanLAB Projects,"Technology, 3D Scanning, Digital Design",Technology/Telecommunications,United Kingdom,Europe,20,0.00%,20,0.00%,,,,20,,,1,20,0,20,0.00%
SCC,Construction,Construction/Engineering,United States,North America,"2,348",0.00%,"2,348",0.00%,,"1,134",199,"1,015",,,3,783,0,"2,348",0.00%
Scenic Air Safaris Ltd,Travel and Tourism,Travel & Tourism,New Zealand,Oceania,"3,404",0.00%,"3,404",0.01%,,,,800,"1,204","1,400",2,"1,135","2,604",800,76.50%
Schaeffler,Automotive,Transportation/Logistics,Germany,Europe,15,0.00%,15,0.00%,,,,15,,,1,15,0,15,0.00%
SCHARR,Healthcare,Healthcare/Pharmaceuticals,Germany,Europe,814,0.00%,814,0.00%,,,814,,,,1,814,0,814,0.00%
Schellenberg,Textile Manufacturing,Manufacturing/Engineering,Germany,Europe,100,0.00%,100,0.00%,,,,,,100,0,100,100,0,100.00%
SCHERA GmbH,Fashion/Apparel,Apparel/Fashion,Germany,Europe,690,0.00%,690,0.00%,,,,,690,,1,690,690,0,100.00%
Schinko GmbH,Metalware producer,Manufacturing/Engineering,Austria,Europe,"1,839",0.00%,"1,839",0.00%,,,300,,758,781,2,613,"1,539",300,83.69%
Schlagmann,Construction or building materials industry,Construction/Engineering,Germany,Europe,"5,610",0.01%,"5,610",0.01%,"3,500",,"1,000","1,000",,110,3,"1,403",110,"5,500",1.96%
"Schmidt, Kranz & Co. GmbH",Manufacturing / Industrial Machinery,Construction/Engineering,Germany,Europe,"1,000",0.00%,"1,000",0.00%,,,,"1,000",,,1,"1,000",0,"1,000",0.00%
Schneider Electric,Technology/Electronics,Technology/Telecommunications,France,Europe,"36,289",0.05%,"25,289",0.04%,"25,289",,,,,,1,"25,289",0,"36,289",0.00%
Schornsteinfegerhandwerk NRW e.V.,Construction/Building Maintenance/Chimney Sweeping,Construction/Engineering,Germany,Europe,900,0.00%,900,0.00%,,900,,,,,1,900,0,900,0.00%
Schroder,Finance & Investment,Financial Services,United Kingdom,Europe,"29,114",0.04%,"29,114",0.04%,,,"18,300","4,428","2,049","4,337",3,"7,279","6,386","22,728",21.93%
Schröders Agentur,Advertising Agency,Advertising/Marketing/PR,Germany,Europe,16,0.00%,16,0.00%,,16,,,,,1,16,0,16,0.00%
Schuh,Retail - Footwear,Retail,United Kingdom,Europe,354,0.00%,354,0.00%,,,,,,354,0,354,354,0,100.00%
Schulte,Packaging,Retail,Germany,Europe,"1,175",0.00%,"1,175",0.00%,,,,"1,025",,150,1,588,150,"1,025",12.77%
Schumann,Consulting,Consulting Services,Germany,Europe,31,0.00%,31,0.00%,,,,,,31,0,31,31,0,100.00%
Schwarz Group,Automotive industry,Manufacturing/Engineering,Germany,Europe,130,0.00%,130,0.00%,,,,,,130,0,130,130,0,100.00%
Schwärzler,Hospitality,Travel & Tourism,Austria,Europe,64,0.00%,0,0.00%,0,0,0,0,0,0,5,0,0,64,0.00%
Schweriner Feuerbestattungs- und Dienstleistungs- GmbH,Funeral services,Non-profit/Charity/Government/NGO,Germany,Europe,"1,033",0.00%,"1,033",0.00%,,,,"1,033",,,1,"1,033",0,"1,033",0.00%
Scope3,Technology/Software,Technology/Telecommunications,United States,North America,993,0.00%,993,0.00%,,,,21,365,607,2,331,972,21,97.89%
SCOR,Insurance/Reinsurance,Financial Services,France,Europe,"4,382",0.01%,"4,382",0.01%,,,"4,382",,,,1,"4,382",0,"4,382",0.00%
Scotgrip,Construction and industrial safety equipment,Construction/Engineering,United Kingdom,Europe,363,0.00%,363,0.00%,,,,363,,,1,363,0,363,0.00%
Scottish Equity Partners,Finance/Investment sector,Financial Services,United Kingdom,Europe,205,0.00%,205,0.00%,,,,,205,,1,205,205,0,100.00%
Screen Story,Animation Studio,Entertainment/Media/Sports,United States,North America,100,0.00%,100,0.00%,,,100,,,,1,100,0,100,0.00%
SDL,IT Services and IT Consulting,Technology/Telecommunications,United Kingdom,Europe,35,0.00%,0,0.00%,0,0,0,0,0,0,5,0,0,35,0.00%
Sea of Ice,Fashion/Apparel,Apparel/Fashion,United States,North America,"20,758",0.03%,"20,758",0.03%,,,,124,,"20,634",1,"10,379","20,634",124,99.40%
Sea Women Expeditions,"Tourism, Travel, Adventure",Travel & Tourism,United States,North America,50,0.00%,50,0.00%,,,,50,,,1,50,0,50,0.00%
Seadrill,Oil and Gas industry,Energy/Mining/Utilities,Norway,Europe,"2,493",0.00%,"2,493",0.00%,,,,,"1,152","1,341",1,"1,247","2,493",0,100.00%
SearchPilot,Marketing Technology,Technology/Telecommunications,United Kingdom,Europe,24,0.00%,24,0.00%,,,,,,24,0,24,24,0,100.00%
SEAT,Automotive,Transportation/Logistics,Spain,Europe,"247,608",0.33%,"247,608",0.38%,,,,"247,608",,,1,"247,608",0,"247,608",0.00%
Secretly Group,Fashion/Beauty industry,Apparel/Fashion,United States,North America,750,0.00%,750,0.00%,,,750,,,,1,750,0,750,0.00%
Securonix,Cybersecurity,Technology/Telecommunications,United States,North America,236,0.00%,236,0.00%,,,,,,236,0,236,236,0,100.00%
SEDIF,Government / Non-Profit,Non-profit/Charity/Government/NGO,France,Europe,"15,950",0.02%,"8,699",0.01%,,,"7,090",,"1,609",,2,"4,350","1,609","14,341",10.09%
Sediver,Electrical equipment/Utilities,Energy/Mining/Utilities,France,Europe,"4,907",0.01%,"4,907",0.01%,,,"4,907",,,,1,"4,907",0,"4,907",0.00%
See Group,Technology,Technology/Telecommunications,Sweden,Europe,235,0.00%,235,0.00%,,,,235,,,1,235,0,235,0.00%
Segment,Technology,Technology/Telecommunications,United States,North America,"1,823",0.00%,"1,823",0.00%,,"1,823",,,,,1,"1,823",0,"1,823",0.00%
Seifert Systems,Software,Technology/Telecommunications,United Kingdom,Europe,71,0.00%,71,0.00%,,,,71,,,1,71,0,71,0.00%
Seismic Change Sustainability,Environmental consulting,Consulting Services,United Kingdom,Europe,10,0.00%,10,0.00%,,,,10,,,1,10,0,10,0.00%
Selecta,Food and Beverage,Food and Beverage,Netherlands,Europe,100,0.00%,100,0.00%,,,,,100,,1,100,100,0,100.00%
Self Help Africa,Nonprofit,Non-profit/Charity/Government/NGO,Ireland,Europe,425,0.00%,425,0.00%,,,,,,425,0,425,425,0,100.00%
Selina,Hospitality/Travel & Tourism,Travel & Tourism,United States,North America,"1,172",0.00%,"1,172",0.00%,,,122,820,230,,3,391,230,942,19.62%
Sella,Financial Services,Financial Services,Italy,Europe,"10,000",0.01%,"10,000",0.02%,,,,,,"10,000",0,"10,000","10,000",0,100.00%
Selle Italia,Bicycle Components,Retail,Italy,Europe,26,0.00%,26,0.00%,,,,26,,,1,26,0,26,0.00%
Sello,Retail/E-commerce,Retail,Finland,Europe,"8,550",0.01%,"6,531",0.01%,"1,720",371,"3,748",,692,,4,"1,633",692,"7,858",8.09%
SEMM,Technology,Technology/Telecommunications,Italy,Europe,"24,462",0.03%,"12,474",0.02%,,,,"12,474",,,1,"12,474",0,"24,462",0.00%
SemrÃ©n & MÃ¥nsson,Architecture,Construction/Engineering,Sweden,Europe,57,0.00%,57,0.00%,57,,,,,,1,57,0,57,0.00%
Semrén & Månsson,Architecture,Construction/Engineering,Sweden,Europe,20,0.00%,20,0.00%,,,,,,20,0,20,20,0,100.00%
Semrén och Månsson Arkitektkontor,Architecture,Construction/Engineering,Sweden,Europe,95,0.00%,95,0.00%,58,37,,,,,2,48,0,95,0.00%
Senator International Chile Spa,Furniture and Home Furnishings,Retail,Chile,South America,"22,706",0.03%,"22,706",0.03%,,,,,,"22,706",0,"22,706","22,706",0,100.00%
Senderwood,Furniture,Retail,United States,North America,62,0.00%,62,0.00%,,,,62,,,1,62,0,62,0.00%
Sense Creative,Marketing and Advertising,Advertising/Marketing/PR,United States,North America,20,0.00%,20,0.00%,20,,,,,,1,20,0,20,0.00%
Sensiba San Filippo,Accounting/Financial Services,Financial Services,United States,North America,487,0.00%,487,0.00%,,487,,,,,1,487,0,487,0.00%
Sensient Technologies,Chemicals or Food and Beverage industry,Food and Beverage,United States,North America,910,0.00%,910,0.00%,,,,,910,,1,910,910,0,100.00%
Sensient Technologies Australia PTY Limited,Chemicals,Manufacturing/Engineering,Australia,Oceania,479,0.00%,479,0.00%,,,,,,479,0,479,479,0,100.00%
Seppälä,Fashion/Apparel,Apparel/Fashion,Finland,Europe,234,0.00%,234,0.00%,,,234,,,,1,234,0,234,0.00%
Seppälän,Retail - Clothing/Apparel,Apparel/Fashion,Finland,Europe,487,0.00%,487,0.00%,,,261,226,,,2,244,0,487,0.00%
Sequoia,Investment Management,Financial Services,United Kingdom,Europe,75,0.00%,75,0.00%,,,,75,,,1,75,0,75,0.00%
Serengeti-Park,Entertainment/Tourism/Leisure,Entertainment/Media/Sports,Germany,Europe,240,0.00%,240,0.00%,,,,,240,,1,240,240,0,100.00%
ServiceNow,Technology/Software,Technology/Telecommunications,United States,North America,"3,243",0.00%,"3,243",0.00%,,,,"3,243",,,1,"3,243",0,"3,243",0.00%
Servicios Técnicos y Comerciales S.A.,Services,Others,Spain,Europe,184,0.00%,57,0.00%,57,,,,,,1,57,0,184,0.00%
SETAC,Non-profit organization,Non-profit/Charity/Government/NGO,Belgium,Europe,100,0.00%,100,0.00%,,,,,,100,0,100,100,0,100.00%
Seven Nine Invest,Finance or Investment sector,Financial Services,United States,North America,"1,300",0.00%,"1,300",0.00%,,,,,"1,300",,1,"1,300","1,300",0,100.00%
Seven.One Media,Media and Entertainment,Entertainment/Media/Sports,Germany,Europe,43,0.00%,43,0.00%,,,,,43,,1,43,43,0,100.00%
Severfield,Construction and Engineering,Construction/Engineering,United Kingdom,Europe,"9,000",0.01%,"9,000",0.01%,,,,,,"9,000",0,"9,000","9,000",0,100.00%
SG Fleet,Automotive industry,Manufacturing/Engineering,Singapore,Asia,26,0.00%,26,0.00%,,,,,,26,0,26,26,0,100.00%
SGS,Professional Services/Quality Assurance & Testing,Technology/Telecommunications,Switzerland,Europe,"3,000",0.00%,0,0.00%,0,0,0,0,0,0,5,0,0,"3,000",0.00%
Shakespeare Martineau,Legal Services,Consulting Services,United Kingdom,Europe,"1,750",0.00%,"1,750",0.00%,,,,,"1,400",350,1,875,"1,750",0,100.00%
Shannon Aerospace,Aerospace and Defense,Manufacturing/Engineering,Ireland,Europe,280,0.00%,280,0.00%,,,,,,280,0,280,280,0,100.00%
Shannon Engine Support Ltd,Aerospace and Defense,Manufacturing/Engineering,Ireland,Europe,"1,320",0.00%,"1,320",0.00%,,,,,,"1,320",0,"1,320","1,320",0,100.00%
Shared Value Initiative,"Non-profit, Social Impact",Non-profit/Charity/Government/NGO,United States,North America,10,0.00%,10,0.00%,,,,,10,,1,10,10,0,100.00%
Sharjah Airport,Aviation/Airport Operations,Transportation/Logistics,United Arab Emirates,Middle East,"5,852",0.01%,"5,852",0.01%,,,,,,"5,852",0,"5,852","5,852",0,100.00%
Shawbrook,Financial Services,Financial Services,United Kingdom,Europe,"1,201",0.00%,"1,201",0.00%,,,,,843,358,1,601,"1,201",0,100.00%
Shell,Energy/ Oil & Gas sector,Energy/Mining/Utilities,Netherlands,Europe,"6,589,427",8.88%,"6,582,748",10.07%,"5,839",,,"907,362","1,040,292","4,629,255",3,"1,645,687","5,669,547","919,880",86.04%
Sheng Yu Steel,Steel,Manufacturing/Engineering,Taiwan,Asia,15,0.00%,15,0.00%,,,,,,15,0,15,15,0,100.00%
SHI,Information Technology,Technology/Telecommunications,Japan,Asia,17,0.00%,17,0.00%,,,,,,17,0,17,17,0,100.00%
Shop Apotheke,Retail/Pharmacy,Healthcare/Pharmaceuticals,Germany,Europe,"1,974",0.00%,"1,974",0.00%,,,,,"1,974",,1,"1,974","1,974",0,100.00%
Sid de Costa Rica,Food and Beverage,Food and Beverage,Costa Rica,North America,11,0.00%,11,0.00%,,,,11,,,1,11,0,11,0.00%
Siemens,Technology,Technology/Telecommunications,Germany,Europe,"2,691",0.00%,"2,691",0.00%,,,,,,"2,691",0,"2,691","2,691",0,100.00%
Sierra Leadership,Consulting,Consulting Services,Sierra Leone,Africa,21,0.00%,21,0.00%,,,,,,21,0,21,21,0,100.00%
SIG,Manufacturing/Industrial Goods,Construction/Engineering,Switzerland,Europe,"132,267",0.18%,"66,138",0.10%,,"20,000",,"46,138",,,2,"33,069",0,"132,267",0.00%
Sigma,Technology/ Electronics,Technology/Telecommunications,Sweden,Europe,118,0.00%,118,0.00%,,,108,,,10,1,59,10,108,8.47%
SignatureSense,Biometric Security,Technology/Telecommunications,United States,North America,10,0.00%,10,0.00%,,10,,,,,1,10,0,10,0.00%
Signet,Furniture,Retail,Germany,Europe,85,0.00%,85,0.00%,,,,,85,,1,85,85,0,100.00%
Signifyd,Fraud prevention,Financial Services,United States,North America,58,0.00%,58,0.00%,,58,,,,,1,58,0,58,0.00%
Signum Aviation,Aviation,Transportation/Logistics,United Kingdom,Europe,52,0.00%,52,0.00%,,,,,,52,0,52,52,0,100.00%
Silence Therapeutics,Pharmaceuticals/Healthcare,Healthcare/Pharmaceuticals,United Kingdom,Europe,149,0.00%,149,0.00%,,,,149,,,1,149,0,149,0.00%
Silvervision,Software Development,Technology/Telecommunications,Germany,Europe,14,0.00%,0,0.00%,0,0,0,0,0,0,5,0,0,14,0.00%
Simbec-Orion,Pharmaceuticals,Healthcare/Pharmaceuticals,United Kingdom,Europe,131,0.00%,131,0.00%,,,,,,131,0,131,131,0,100.00%
SimpliZero,Renewable Energy,Energy/Mining/Utilities,Canada,North America,"1,042",0.00%,"1,042",0.00%,,,413,504,125,,3,347,125,917,12.00%
Simply Clean,Cleaning services,Others,United States,North America,103,0.00%,103,0.00%,,,103,,,,1,103,0,103,0.00%
Simply Green,Environmental sustainability or eco-friendly products,Agriculture/Agribusiness/Resources,United States,North America,600,0.00%,600,0.00%,600,,,,,,1,600,0,600,0.00%
Simplyhealth,Healthcare,Healthcare/Pharmaceuticals,United Kingdom,Europe,"2,635",0.00%,"2,635",0.00%,,,650,700,700,585,3,659,"1,285","1,350",48.77%
Simpson Grierson,Law firm,Consulting Services,New Zealand,Oceania,821,0.00%,821,0.00%,,,,,355,466,1,411,821,0,100.00%
Sinebrychoff,Beverage industry,Food and Beverage,Finland,Europe,768,0.00%,768,0.00%,,,,768,,,1,768,0,768,0.00%
Singapore Airlines,Airlines,Transportation/Logistics,Singapore,Asia,"2,118",0.00%,"2,118",0.00%,,,,,,"2,118",0,"2,118","2,118",0,100.00%
Siorom,Workspace,Technology/Telecommunications,Romania,Europe,199,0.00%,199,0.00%,,,,,199,,1,199,199,0,100.00%
SiRoKo,"Renewable Energy, Sustainability",Energy/Mining/Utilities,Germany,Europe,10,0.00%,10,0.00%,,10,,,,,1,10,0,10,0.00%
Sistema B,Non-profit organization,Non-profit/Charity/Government/NGO,Chile,South America,38,0.00%,38,0.00%,,,,,,38,0,38,38,0,100.00%
Sisters of Mercy,Nonprofit,Non-profit/Charity/Government/NGO,United States,North America,"1,315",0.00%,"1,315",0.00%,,,,,,"1,315",0,"1,315","1,315",0,100.00%
SITAB,Pharmaceuticals,Healthcare/Pharmaceuticals,Spain,Europe,66,0.00%,66,0.00%,,,,,66,,1,66,66,0,100.00%
Site Logic,Technology,Technology/Telecommunications,United States,North America,14,0.00%,14,0.00%,,,,,,14,0,14,14,0,100.00%
SiteMinder,Hospitality Technology,Technology/Telecommunications,Australia,Oceania,"1,732",0.00%,"1,732",0.00%,,,,,,"1,732",0,"1,732","1,732",0,100.00%
SITRA,Textile and Apparel Industry,Apparel/Fashion,Turkey,Asia,"1,895",0.00%,"1,895",0.00%,"1,052",160,190,139,354,,5,379,354,"1,541",18.68%
Sjöstrand Trading,Trading,Financial Services,Sweden,Europe,170,0.00%,170,0.00%,40,20,96,14,,,4,43,0,170,0.00%
SK Pharmteco,Pharmaceuticals,Healthcare/Pharmaceuticals,South Korea,Asia,"4,500",0.01%,"4,500",0.01%,,,,,,"4,500",0,"4,500","4,500",0,100.00%
SK Securities,Finance/Investment Banking,Financial Services,South Korea,Asia,"1,000",0.00%,"1,000",0.00%,,,,,"1,000",,1,"1,000","1,000",0,100.00%
SkÃ¶vdevillan,Furniture,Retail,Sweden,Europe,72,0.00%,72,0.00%,49,23,,,,,2,36,0,72,0.00%
Skandia,Financial services,Financial Services,Sweden,Europe,"2,338",0.00%,756,0.00%,,,,756,,,1,756,0,"2,338",0.00%
Skanska,Construction and engineering,Construction/Engineering,Sweden,Europe,930,0.00%,330,0.00%,190,35,105,,,,3,110,0,930,0.00%
SKF,Automotive,Transportation/Logistics,Sweden,Europe,200,0.00%,200,0.00%,,,,,,200,0,200,200,0,100.00%
SkiCab,"Transportation, Travel",Transportation/Logistics,India,Asia,15,0.00%,15,0.00%,,,,,15,,1,15,15,0,100.00%
Skipton Properties,Real Estate/Property Development,Construction/Engineering,United Kingdom,Europe,164,0.00%,164,0.00%,,,,164,,,1,164,0,164,0.00%
ŠKODA,Automotive,Transportation/Logistics,Czech Republic,Europe,"504,034",0.68%,"504,034",0.77%,,,"200,000","304,000",,34,2,"168,011",34,"504,000",0.01%
Skolon,Chemicals,Manufacturing/Engineering,South Korea,Asia,88,0.00%,88,0.00%,,,,,88,,1,88,88,0,100.00%
Sky,Technology/Telecommunications/Entertainment,Entertainment/Media/Sports,United Kingdom,Europe,"30,000",0.04%,0,0.00%,0,0,0,0,0,0,5,0,0,"30,000",0.00%
Sky Trails Zambia,Travel and Tourism,Travel & Tourism,Zambia,Africa,477,0.00%,477,0.00%,,39,187,251,,,3,159,0,477,0.00%
SkyCity Entertainment Group,Hospitality and Entertainment,Travel & Tourism,New Zealand,Oceania,"13,745",0.02%,"2,089",0.00%,,,,,"2,089",,1,"2,089","2,089","11,656",15.20%
Skydive Tilstock,Recreation and Leisure,Entertainment/Media/Sports,United Kingdom,Europe,100,0.00%,100,0.00%,,,50,50,,,2,50,0,100,0.00%
Skyfire Energy,Solar Energy,Energy/Mining/Utilities,Canada,North America,"1,000",0.00%,"1,000",0.00%,,,,,,"1,000",0,"1,000","1,000",0,100.00%
SkyFire Energy Inc,Renewable Energy,Energy/Mining/Utilities,Canada,North America,"1,000",0.00%,"1,000",0.00%,,,,"1,000",,,1,"1,000",0,"1,000",0.00%
Sloan Holzman,Law Practice,Consulting Services,United States,North America,100,0.00%,100,0.00%,,,,,,100,0,100,100,0,100.00%
Slovenský plynárenský priemysel,Energy/Utilities,Energy/Mining/Utilities,Slovakia,Europe,200,0.00%,200,0.00%,,,,,200,,1,200,200,0,100.00%
Slowear,Fashion/Apparel,Apparel/Fashion,Italy,Europe,200,0.00%,200,0.00%,,,,200,,,1,200,0,200,0.00%
SLS,Non-profit organization,Non-profit/Charity/Government/NGO,Sri Lanka,Asia,38,0.00%,38,0.00%,,,,,,38,0,38,38,0,100.00%
Slush,Technology,Technology/Telecommunications,Finland,Europe,"13,845",0.02%,"13,845",0.02%,,,,,,"13,845",0,"13,845","13,845",0,100.00%
Small Forward Productions,Entertainment industry,Entertainment/Media/Sports,United States,North America,114,0.00%,114,0.00%,,,,114,,,1,114,0,114,0.00%
SmartBear Software,Technology/Software,Technology/Telecommunications,United States,North America,225,0.00%,225,0.00%,,,,,225,,1,225,225,0,100.00%
Smartbox,Technology/Consumer Electronics,Technology/Telecommunications,France,Europe,"4,000",0.01%,"4,000",0.01%,,"4,000",,,,,1,"4,000",0,"4,000",0.00%
SmartestEnergy,Energy,Energy/Mining/Utilities,United Kingdom,Europe,85,0.00%,85,0.00%,,,,85,,,1,85,0,85,0.00%
SMBC Aviation Capital,Financial Services,Financial Services,Ireland,Europe,"9,185",0.01%,"9,185",0.01%,,,,,,"9,185",0,"9,185","9,185",0,100.00%
Smith College,Education,Non-profit/Charity/Government/NGO,United States,North America,268,0.00%,0,0.00%,0,0,0,0,0,0,5,0,0,268,0.00%
Snowberry,Beauty and skincare industry,Retail,New Zealand,Oceania,294,0.00%,294,0.00%,,,226,,68,,2,147,68,226,23.13%
SNS,Technology/Software,Technology/Telecommunications,United States,North America,"29,271",0.04%,0,0.00%,0,0,0,0,0,0,5,0,0,"29,271",0.00%
SNS Bank,Banking/Financial Services,Financial Services,Netherlands,Europe,"12,480",0.02%,0,0.00%,0,0,0,0,0,0,5,0,0,"12,480",0.00%
Soar Printing,Printing and publishing industry,Entertainment/Media/Sports,New Zealand,Oceania,367,0.00%,367,0.00%,,,117,250,,,2,184,0,367,0.00%
SOAS,Education,Others,United States,North America,452,0.00%,452,0.00%,,,,,,452,0,452,452,0,100.00%
SociÃ©tÃ© des Eaux de Marseille,Utilities,Energy/Mining/Utilities,France,Europe,"16,225",0.02%,"8,213",0.01%,,"8,213",,,,,1,"8,213",0,"16,225",0.00%
Socialdemokraterna,Non-Profit / Government,Non-profit/Charity/Government/NGO,Sweden,Europe,376,0.00%,376,0.00%,254,122,,,,,2,188,0,376,0.00%
Società per la Cremazione di Torino,Funeral services,Non-profit/Charity/Government/NGO,Italy,Europe,"3,508",0.00%,"3,508",0.01%,"3,508",,,,,,1,"3,508",0,"3,508",0.00%
Societe Generale,Finance/ Banking,Financial Services,France,Europe,"48,000",0.06%,"40,000",0.06%,,"4,000","31,500",500,"4,000",,4,"10,000","4,000","44,000",8.33%
SOCRATES,Software,Technology/Telecommunications,Greece,Europe,75,0.00%,0,0.00%,0,0,0,0,0,0,5,0,0,75,0.00%
Södermanlands Sparbank,Banking/Financial Services,Financial Services,Sweden,Europe,194,0.00%,194,0.00%,194,,,,,,1,194,0,194,0.00%
Sodexo,Food service and facilities management,Food and Beverage,France,Europe,343,0.00%,0,0.00%,0,0,0,0,0,0,5,0,0,343,0.00%
Soennecken,Office supplies/Stationery,Retail,Germany,Europe,"2,501",0.00%,"2,141",0.00%,360,383,440,427,328,203,5,357,531,"1,970",21.23%
Softwire Technology Limited,Technology/Software industry,Technology/Telecommunications,United Kingdom,Europe,444,0.00%,444,0.00%,,,,237,,207,1,222,207,237,46.62%
Sogeti,Technology/IT Services,Technology/Telecommunications,France,Europe,"10,100",0.01%,0,0.00%,0,0,0,0,0,0,5,0,0,"10,100",0.00%
SOIN,Information Technology,Technology/Telecommunications,Colombia,South America,181,0.00%,110,0.00%,110,,,,,,1,110,0,181,0.00%
Solaris,Real Estate,Others,Mexico,North America,14,0.00%,14,0.00%,,14,,,,,1,14,0,14,0.00%
Solarwatt,Renewable energy,Energy/Mining/Utilities,Germany,Europe,105,0.00%,105,0.00%,,,,105,,,1,105,0,105,0.00%
solarZero,Renewable Energy,Energy/Mining/Utilities,New Zealand,Oceania,29,0.00%,29,0.00%,,,,,29,,1,29,29,0,100.00%
Solidus,Financial Services,Financial Services,United Kingdom,Europe,252,0.00%,252,0.00%,,,,252,,,1,252,0,252,0.00%
SOLIS,Agriculture/ Farming,Agriculture/Agribusiness/Resources,Spain,Europe,311,0.00%,311,0.00%,143,168,,,,,2,156,0,311,0.00%
Solita,Information Technology,Technology/Telecommunications,Finland,Europe,"2,348",0.00%,"2,348",0.00%,,,,,,"2,348",0,"2,348","2,348",0,100.00%
Solitude Revival,Wellness/Self-Care,Healthcare/Pharmaceuticals,United States,North America,20,0.00%,20,0.00%,,,,20,,,1,20,0,20,0.00%
Sonatype,Technology/Software Development,Technology/Telecommunications,United States,North America,100,0.00%,100,0.00%,,,,,100,,1,100,100,0,100.00%
Sonnentaler,Food and Beverage,Food and Beverage,Germany,Europe,56,0.00%,56,0.00%,,18,,38,,,2,28,0,56,0.00%
Sonnländer,Fashion/Apparel,Apparel/Fashion,Germany,Europe,"3,973",0.01%,"3,973",0.01%,,,"3,973",,,,1,"3,973",0,"3,973",0.00%
Sony,Technology/Electronics,Technology/Telecommunications,Japan,Asia,"19,200",0.03%,"15,830",0.02%,,"10,000",,"5,830",,,2,"7,915",0,"19,200",0.00%
Sörmlands Sparbank,Banking/Financial Services,Financial Services,Sweden,Europe,487,0.00%,203,0.00%,,,,203,,,1,203,0,487,0.00%
Soroptimist International,Non-profit organization,Non-profit/Charity/Government/NGO,United States,North America,200,0.00%,200,0.00%,,,200,,,,1,200,0,200,0.00%
SOS International,Emergency Assistance and Travel Insurance,Financial Services,Denmark,Europe,35,0.00%,35,0.00%,20,15,,,,,2,18,0,35,0.00%
Sotela Mussio y Madrigal Arquitectos Asociados S.A.,Architecture,Construction/Engineering,Colombia,South America,62,0.00%,42,0.00%,14,28,,,,,2,21,0,62,0.00%
Sotheby's,Auction House/Art Industry,Entertainment/Media/Sports,United States,North America,"1,680",0.00%,"1,680",0.00%,,,"1,680",,,,1,"1,680",0,"1,680",0.00%
South Pacific Scaffolding,Construction,Construction/Engineering,New Zealand,Oceania,138,0.00%,138,0.00%,,,53,,68,17,2,46,85,53,61.59%
South Pole,Carbon marketplaces or exchanges,Environmental & Sustainability Services,Switzerland,Europe,"205,747",0.28%,"102,375",0.16%,"2,297","2,611","55,901","22,431","13,694","5,441",5,"17,063","19,135","186,612",9.30%
Southampton International Airport Ltd,Transportation/Aviation,Transportation/Logistics,United Kingdom,Europe,518,0.00%,518,0.00%,,,518,,,,1,518,0,518,0.00%
Southbase,Construction and Engineering,Construction/Engineering,South Korea,Asia,855,0.00%,855,0.00%,,,,,,855,0,855,855,0,100.00%
Southern Cross Safaris,Travel and Tourism,Travel & Tourism,Kenya,Africa,826,0.00%,826,0.00%,440,,,,,386,1,413,386,440,46.73%
Southern Water Engineering,Water Utilities,Energy/Mining/Utilities,United Kingdom,Europe,112,0.00%,112,0.00%,,,,24,88,,2,56,88,24,78.57%
Southern Water Engineering Limited,Engineering,Manufacturing/Engineering,United Kingdom,Europe,233,0.00%,233,0.00%,,,,,,233,0,233,233,0,100.00%
Soycaliptra,Food & Beverage,Food and Beverage,United States,North America,20,0.00%,20,0.00%,,,,,,20,0,20,20,0,100.00%
Sozialbank,Banking,Financial Services,Germany,Europe,161,0.00%,161,0.00%,,,,,,161,0,161,161,0,100.00%
SP Blinds Limited,Manufacturing - Home Furnishings,Manufacturing/Engineering,New Zealand,Oceania,22,0.00%,22,0.00%,,,,,,22,0,22,22,0,100.00%
Space Ape Games,Gaming/Technology,Entertainment/Media/Sports,United Kingdom,Europe,"1,586",0.00%,"1,586",0.00%,,,,744,,842,1,793,842,744,53.09%
Spaceful,Real Estate,Real Estate,United States,North America,59,0.00%,59,0.00%,,,,,,59,0,59,59,0,100.00%
Sparbank,Finance/ Banking,Financial Services,Sweden,Europe,477,0.00%,477,0.00%,,143,,173,161,,3,159,161,316,33.75%
Sparda-Bank,Banking,Financial Services,Germany,Europe,569,0.00%,569,0.00%,,,,569,,,1,569,0,569,0.00%
Sparebanken,Finance/ Banking,Financial Services,Norway,Europe,490,0.00%,0,0.00%,0,0,0,0,0,0,5,0,0,490,0.00%
Sparkasse,Financial Services,Financial Services,Germany,Europe,"42,958",0.06%,"42,958",0.07%,,"10,902",746,"5,835","18,072","7,403",4,"8,592","25,475","17,483",59.30%
Sparkasse Neuss,Banking/Financial Services,Financial Services,Germany,Europe,"2,045",0.00%,"2,045",0.00%,,,,"2,045",,,1,"2,045",0,"2,045",0.00%
Sparks Filmtechnik,Film and Video Equipment,Entertainment/Media/Sports,Germany,Europe,68,0.00%,68,0.00%,,,34,34,,,2,34,0,68,0.00%
Specialresor,Travel,Travel & Tourism,Sweden,Europe,112,0.00%,12,0.00%,,12,,,,,1,12,0,112,0.00%
Spectrum,Technology,Technology/Telecommunications,United States,North America,317,0.00%,317,0.00%,,,,,,317,0,317,317,0,100.00%
Spektra Design,Design,Others,India,Asia,18,0.00%,18,0.00%,18,,,,,,1,18,0,18,0.00%
Spencer Ogden,Recruitment/Employment Services,Consulting Services,United Kingdom,Europe,328,0.00%,328,0.00%,,,,,,328,0,328,328,0,100.00%
Spin,Technology,Technology/Telecommunications,United States,North America,74,0.00%,74,0.00%,,,,,,74,0,74,74,0,100.00%
Spire,Investment Banking,Financial Services,United States,North America,70,0.00%,70,0.00%,,,,70,,,1,70,0,70,0.00%
Spirent,Technology/Telecommunications,Technology/Telecommunications,United Kingdom,Europe,150,0.00%,150,0.00%,,,150,,,,1,150,0,150,0.00%
Spitzmüller,Travel,Travel & Tourism,Germany,Europe,40,0.00%,0,0.00%,0,0,0,0,0,0,5,0,0,40,0.00%
Splunk,Software,Technology/Telecommunications,United States,North America,25,0.00%,25,0.00%,,,,25,,,1,25,0,25,0.00%
Sponge,Household goods/Cleaning supplies,Retail,United Kingdom,Europe,10,0.00%,10,0.00%,,,10,,,,1,10,0,10,0.00%
Sport Bründl GesmbH,Retail - Outdoor equipment or sporting goods,Entertainment/Media/Sports,Austria,Europe,192,0.00%,192,0.00%,,,142,50,,,2,96,0,192,0.00%
Sport Press,Media/Press,Entertainment/Media/Sports,United States,North America,350,0.00%,350,0.00%,,,,,350,,1,350,350,0,100.00%
Spotify,Technology/Entertainment/Music,Entertainment/Media/Sports,Sweden,Europe,"23,722",0.03%,"23,504",0.04%,"1,172","8,987","13,345",,,,3,"7,835",0,"23,722",0.00%
SPOTLEIT,Marketing and Advertising,Advertising/Marketing/PR,Germany,Europe,15,0.00%,15,0.00%,,,,15,,,1,15,0,15,0.00%
Spotless Commercial Cleaning,Cleaning Services,Others,Australia,Oceania,705,0.00%,121,0.00%,,,,,,121,0,121,121,584,17.16%
SPP Fastigheter,Real Estate,Construction/Engineering,Sweden,Europe,"16,186",0.02%,"16,186",0.02%,,"4,330","4,070","2,483","5,303",,4,"4,047","5,303","10,883",32.76%
Spring Hill,Real Estate/Property Development,Construction/Engineering,United States,North America,217,0.00%,217,0.00%,,,,170,,47,1,109,47,170,21.66%
SPRINGER,Publishing/Information Services,Entertainment/Media/Sports,Germany,Europe,618,0.00%,618,0.00%,,,618,,,,1,618,0,618,0.00%
Springvale House,Hospitality,Travel & Tourism,United Kingdom,Europe,19,0.00%,0,0.00%,0,0,0,0,0,0,5,0,0,19,0.00%
Sprout,Food and Beverage,Food and Beverage,United States,North America,30,0.00%,30,0.00%,,15,15,,,,2,15,0,30,0.00%
Spur Steak Ranches,Restaurant,Food and Beverage,South Africa,Africa,26,0.00%,26,0.00%,,,,26,,,1,26,0,26,0.00%
SQUAKE.earth GmbH,Technology/Software,Technology/Telecommunications,Germany,Europe,563,0.00%,563,0.00%,,,,40,502,21,2,188,523,40,92.90%
Square,Technology/Finance,Financial Services,United States,North America,"25,978",0.03%,"25,978",0.04%,,,"25,978",,,,1,"25,978",0,"25,978",0.00%
Squeaky Wheels Limited,"Publishing, Cartography",Others,United Kingdom,Europe,40,0.00%,40,0.00%,,40,,,,,1,40,0,40,0.00%
Squire,Locks and Security Equipment,Manufacturing/Engineering,United States,North America,51,0.00%,51,0.00%,,,,,,51,0,51,51,0,100.00%
SRA Architects,Architecture,Construction/Engineering,United States,North America,51,0.00%,51,0.00%,,,,51,,,1,51,0,51,0.00%
SRA Consulting,Consulting,Consulting Services,United Kingdom,Europe,231,0.00%,231,0.00%,,,75,12,75,69,3,58,144,87,62.34%
SRA International,Non-profit organization,Non-profit/Charity/Government/NGO,India,Asia,30,0.00%,0,0.00%,0,0,0,0,0,0,5,0,0,30,0.00%
SRO Motorsports Europe Ltd,Automotive/Racing industry,Transportation/Logistics,Belgium,Europe,"5,765",0.01%,"5,765",0.01%,,,,,"2,600","3,165",1,"2,883","5,765",0,100.00%
SSE,Energy Utilities,Energy/Mining/Utilities,United Kingdom,Europe,"3,913",0.01%,"3,913",0.01%,,,,,,"3,913",0,"3,913","3,913",0,100.00%
SSR,Labor Union,Non-profit/Charity/Government/NGO,Sweden,Europe,52,0.00%,52,0.00%,,,,52,,,1,52,0,52,0.00%
SSSB,Real Estate,Others,Sweden,Europe,20,0.00%,20,0.00%,,,,,20,,1,20,20,0,100.00%
St Raphael,Hospitality and Tourism,Travel & Tourism,France,Europe,40,0.00%,40,0.00%,,,,,,40,0,40,40,0,100.00%
St-Hubert,Food and Beverage,Food and Beverage,Canada,North America,"3,774",0.01%,"3,774",0.01%,,,,"3,774",,,1,"3,774",0,"3,774",0.00%
St. Onderwijs Midden-Limburg,Education,Non-profit/Charity/Government/NGO,Netherlands,Europe,"1,444",0.00%,"1,444",0.00%,,"1,444",,,,,1,"1,444",0,"1,444",0.00%
St√§dtische Betriebswerke Luckenwalde,Utilities,Energy/Mining/Utilities,Germany,Europe,40,0.00%,40,0.00%,,,40,,,,1,40,0,40,0.00%
Staatliche Toto-Lotto,Gaming/lottery industry,Entertainment/Media/Sports,Germany,Europe,"1,976",0.00%,"1,976",0.00%,,,,,"1,976",,1,"1,976","1,976",0,100.00%
Stabilo,Stationery/Office Supplies,Retail,Germany,Europe,204,0.00%,204,0.00%,,,204,,,,1,204,0,204,0.00%
Stada,Pharmaceuticals,Healthcare/Pharmaceuticals,Germany,Europe,663,0.00%,663,0.00%,,,,,97,566,1,332,663,0,100.00%
Stadspodia,Arts and Entertainment,Entertainment/Media/Sports,Netherlands,Europe,180,0.00%,0,0.00%,0,0,0,0,0,0,5,0,0,180,0.00%
Stadt Darmstadt,Government/Public Sector,Non-profit/Charity/Government/NGO,Germany,Europe,67,0.00%,0,0.00%,0,0,0,0,0,0,5,0,0,67,0.00%
Stadt Mannheim,Government/Municipality,Non-profit/Charity/Government/NGO,Germany,Europe,10,0.00%,10,0.00%,,,,10,,,1,10,0,10,0.00%
Städtische Betriebswerke Luckenwalde GmbH,Utilities,Energy/Mining/Utilities,Germany,Europe,"2,896",0.00%,"2,896",0.00%,594,,656,"1,060",586,,4,724,586,"2,310",20.23%
Stadttheater Gießen,Arts and Entertainment,Entertainment/Media/Sports,Germany,Europe,10,0.00%,10,0.00%,,,,,,10,0,10,10,0,100.00%
Stadtverwaltung Kempten,Government or Public Sector,Non-profit/Charity/Government/NGO,Germany,Europe,794,0.00%,794,0.00%,,,794,,,,1,794,0,794,0.00%
Stadtwerke Ahlen GmbH,Government or Public Sector,Energy/Mining/Utilities,Germany,Europe,700,0.00%,700,0.00%,,,700,,,,1,700,0,700,0.00%
Stadtwerke Augsburg,Energy,Energy/Mining/Utilities,Germany,Europe,"1,708",0.00%,"1,708",0.00%,,,,,,"1,708",0,"1,708","1,708",0,100.00%
Stadtwerke Bayreuth,Utilities,Energy/Mining/Utilities,Germany,Europe,"4,800",0.01%,0,0.00%,0,0,0,0,0,0,5,0,0,"4,800",0.00%
Stadtwerke Bietigheim Bissingen GmbH,Utilities,Energy/Mining/Utilities,Germany,Europe,"1,008",0.00%,930,0.00%,,,,930,,,1,930,0,"1,008",0.00%
Stadtwerke Kleve GmbH,Utilities,Energy/Mining/Utilities,Germany,Europe,"1,074",0.00%,737,0.00%,135,147,134,152,169,,5,147,169,905,15.74%
Stadtwerke Neumarkt i.d. OPf. Energie GmbH,Energy/utility sector,Energy/Mining/Utilities,Germany,Europe,"7,333",0.01%,"6,177",0.01%,,,"3,052","1,099","1,510",516,3,"1,544","2,026","5,307",27.63%
Stadtwerke Rostock,Utilities,Energy/Mining/Utilities,Germany,Europe,"54,732",0.07%,"48,955",0.07%,"3,437","17,442","25,326","2,750",,,4,"12,239",0,"54,732",0.00%
Stadtwerke Soest,Utilities,Energy/Mining/Utilities,Germany,Europe,"12,471",0.02%,"12,471",0.02%,,,,"12,471",,,1,"12,471",0,"12,471",0.00%
Stage,Entertainment/Event Planning,Entertainment/Media/Sports,Netherlands,Europe,162,0.00%,162,0.00%,162,,,,,,1,162,0,162,0.00%
Stahrebolaget,Food and Beverage,Food and Beverage,Sweden,Europe,22,0.00%,22,0.00%,,22,,,,,1,22,0,22,0.00%
Stakely,Financial Services,Financial Services,United Kingdom,Europe,16,0.00%,16,0.00%,,,,16,,,1,16,0,16,0.00%
Stammhaus,Hospitality/Restaurant industry,Food and Beverage,Germany,Europe,"6,528",0.01%,"6,528",0.01%,,,,,"6,528",,1,"6,528","6,528",0,100.00%
Stand For Trees,Environmental Services,Environmental & Sustainability Services,United States,North America,"13,311",0.02%,"2,266",0.00%,"1,022",63,,,,"1,181",2,755,"1,181","12,130",8.87%
Standard Brands Trading Ireland Ltd,Retail or Consumer Goods,Retail,Ireland,Europe,544,0.00%,544,0.00%,,,544,,,,1,544,0,544,0.00%
Standard Chartered,Banking/Financial Services,Financial Services,United Kingdom,Europe,"187,572",0.25%,"187,572",0.29%,,,"118,000","15,000","22,801","31,771",3,"46,893","54,572","133,000",29.09%
Stanford,Education,Others,United States,North America,303,0.00%,303,0.00%,,,,,,303,0,303,303,0,100.00%
Stansted Airport,Travel and Transportation,Travel & Tourism,United Kingdom,Europe,"15,762",0.02%,"11,669",0.02%,"3,718","4,154",,,"3,797",,3,"3,890","3,797","11,965",24.09%
Stanton & Stanton,Services,Consulting Services,United States,North America,112,0.00%,112,0.00%,,,,,,112,0,112,112,0,100.00%
Stanton Williams,Architecture,Construction/Engineering,United Kingdom,Europe,91,0.00%,91,0.00%,,,,,22,69,1,46,91,0,100.00%
Stargate Group,Advertising Agency,Advertising/Marketing/PR,Germany,Europe,30,0.00%,30,0.00%,,,,,30,,1,30,30,0,100.00%
Starling Bank,Finance/ Banking,Financial Services,United Kingdom,Europe,"1,137",0.00%,"1,137",0.00%,,,,,441,696,1,569,"1,137",0,100.00%
StarRez,Software - Technology,Technology/Telecommunications,New Zealand,Oceania,168,0.00%,168,0.00%,,,,,,168,0,168,168,0,100.00%
Starwood,Hospitality,Travel & Tourism,United States,North America,18,0.00%,0,0.00%,0,0,0,0,0,0,5,0,0,18,0.00%
State Street,Finance/Investment Banking,Financial Services,United States,North America,"75,098",0.10%,"45,334",0.07%,,"14,636","30,698",,,,2,"22,667",0,"75,098",0.00%
STEICO,Construction and building materials,Construction/Engineering,Germany,Europe,229,0.00%,229,0.00%,,,,,229,,1,229,229,0,100.00%
Steiff,Toys and collectibles,Retail,Germany,Europe,"2,500",0.00%,"2,500",0.00%,,,,"2,500",,,1,"2,500",0,"2,500",0.00%
Stella McCartney,Fashion/Apparel,Apparel/Fashion,United Kingdom,Europe,"3,811",0.01%,"3,811",0.01%,623,,,661,,"2,527",2,"1,270","2,527","1,284",66.31%
Stellar Heliskiing,"Tourism, Adventure Tourism, Ski & Snowboard Resorts",Travel & Tourism,Canada,North America,75,0.00%,75,0.00%,,75,,,,,1,75,0,75,0.00%
Step Right Investments,Financial Services,Financial Services,Australia,Oceania,88,0.00%,0,0.00%,0,0,0,0,0,0,5,0,0,88,0.00%
Stern,Fashion/Apparel,Apparel/Fashion,Germany,Europe,258,0.00%,258,0.00%,,,248,,,10,1,129,10,248,3.88%
Stewart Associates,Consulting or Financial Services,Consulting Services,United States,North America,139,0.00%,139,0.00%,,,,139,,,1,139,0,139,0.00%
Stewart Investors,Finance & Investment,Financial Services,United Kingdom,Europe,836,0.00%,836,0.00%,,,,,836,,1,836,836,0,100.00%
Stewarts,Food and Beverage,Food and Beverage,United States,North America,267,0.00%,267,0.00%,,,,,267,,1,267,267,0,100.00%
Steyn Reddy Associates Ltd,Architecture and Planning,Construction/Engineering,South Africa,Africa,69,0.00%,69,0.00%,,,,,,69,0,69,69,0,100.00%
SThree,Recruitment and staffing industry,Consulting Services,United Kingdom,Europe,"4,275",0.01%,"4,275",0.01%,,500,"2,375","1,400",,,3,"1,425",0,"4,275",0.00%
Stichting Onderwijs Midden-Limburg,Education,Non-profit/Charity/Government/NGO,Netherlands,Europe,"3,212",0.00%,"3,212",0.00%,,,"1,097","1,354",761,,3,"1,071",761,"2,451",23.69%
Stickerapp,Printing & Publishing,Entertainment/Media/Sports,Sweden,Europe,"1,200",0.00%,"1,200",0.00%,,,,,,"1,200",0,"1,200","1,200",0,100.00%
STIHL,Outdoor power equipment industry,Agriculture/Agribusiness/Resources,Germany,Europe,"133,638",0.18%,"124,866",0.19%,"9,104","4,181","2,821","18,369","50,392","39,999",5,"20,811","90,391","43,247",67.64%
Stillfront Group,Technology/Software Industry,Technology/Telecommunications,Sweden,Europe,"5,000",0.01%,"5,000",0.01%,,,,"5,000",,,1,"5,000",0,"5,000",0.00%
Sto,Furniture/home decor,Retail,Sweden,Europe,"1,100",0.00%,"1,100",0.00%,,,"1,100",,,,1,"1,100",0,"1,100",0.00%
Stockgap,Building materials,Construction/Engineering,United Kingdom,Europe,87,0.00%,87,0.00%,,,,,87,,1,87,87,0,100.00%
Stockholm Exergi,Energy & Utilities,Energy/Mining/Utilities,Sweden,Europe,"51,048",0.07%,"51,048",0.08%,"7,302",,"2,354","8,072","3,251","30,069",4,"10,210","33,320","17,728",65.27%
Stocksigns,Manufacturing,Manufacturing/Engineering,United Kingdom,Europe,18,0.00%,18,0.00%,,,,,,18,0,18,18,0,100.00%
STOK,Food and Beverage Industry,Food and Beverage,Canada,North America,17,0.00%,17,0.00%,,,,,,17,0,17,17,0,100.00%
Stora Enso,Manufacturing/Forestry & Paper Industry,Agriculture/Agribusiness/Resources,Finland,Europe,"4,155",0.01%,"4,155",0.01%,,,"1,079",,"3,076",,2,"2,078","3,076","1,079",74.03%
Storebox,Self-storage,Retail,Germany,Europe,23,0.00%,0,0.00%,0,0,0,0,0,0,5,0,0,23,0.00%
Storebrand,Insurance and financial services,Financial Services,Norway,Europe,"1,480",0.00%,"1,480",0.00%,,,475,320,685,,3,493,685,795,46.28%
Stork,Oil and Gas Services,Energy/Mining/Utilities,United Kingdom,Europe,206,0.00%,206,0.00%,,,,,67,139,1,103,206,0,100.00%
Stormberg,Outdoor apparel and gear,Apparel/Fashion,Norway,Europe,"55,684",0.07%,"19,279",0.03%,,"2,048","17,231",,,,2,"9,640",0,"55,684",0.00%
Strandbygaard Grafisk,Printing and Graphic Design,Others,Denmark,Europe,75,0.00%,0,0.00%,0,0,0,0,0,0,5,0,0,75,0.00%
Strandeck,Technology/Software,Technology/Telecommunications,United States,North America,155,0.00%,155,0.00%,155,,,,,,1,155,0,155,0.00%
Stratasys,3D Printing,Technology/Telecommunications,United States,North America,29,0.00%,29,0.00%,29,,,,,,1,29,0,29,0.00%
Strawberry Publishing,Publishing,Entertainment/Media/Sports,Norway,Europe,25,0.00%,25,0.00%,,25,,,,,1,25,0,25,0.00%
Strobilus,Technology,Technology/Telecommunications,Switzerland,Europe,45,0.00%,45,0.00%,,,,,,45,0,45,45,0,100.00%
Strom-Vorkette,Energy,Energy/Mining/Utilities,Germany,Europe,"12,673",0.02%,"12,673",0.02%,,,,,,"12,673",0,"12,673","12,673",0,100.00%
STROMBERGER,Unknown,Others,Germany,Europe,170,0.00%,170,0.00%,,,170,,,,1,170,0,170,0.00%
Stromnetz Hamburg,Energy & Utilities,Energy/Mining/Utilities,Germany,Europe,"3,150",0.00%,"3,150",0.00%,,,,,"3,150",,1,"3,150","3,150",0,100.00%
Strong Productions,Entertainment,Entertainment/Media/Sports,United States,North America,38,0.00%,38,0.00%,,,,,,38,0,38,38,0,100.00%
STT GDC,Technology/IT/Data Centers,Technology/Telecommunications,United States,North America,"7,500",0.01%,"7,500",0.01%,,,"7,500",,,,1,"7,500",0,"7,500",0.00%
Studio Nine,Photography Studio,Entertainment/Media/Sports,United States,North America,132,0.00%,132,0.00%,,,,,50,82,1,66,132,0,100.00%
Studiosus,Travel and Tourism,Travel & Tourism,Germany,Europe,"8,209",0.01%,"8,209",0.01%,,,,,,"8,209",0,"8,209","8,209",0,100.00%
StudOrg,Student Organization,Non-profit/Charity/Government/NGO,United States,North America,10,0.00%,10,0.00%,,10,,,,,1,10,0,10,0.00%
Stuttgart indoors,Event Management,Others,Germany,Europe,99,0.00%,99,0.00%,,,99,,,,1,99,0,99,0.00%
Subiaco,Government/Local Government,Non-profit/Charity/Government/NGO,Australia,Oceania,33,0.00%,33,0.00%,,,,,33,,1,33,33,0,100.00%
Suewag,Energy & Utilities,Energy/Mining/Utilities,Germany,Europe,"35,000",0.05%,0,0.00%,0,0,0,0,0,0,5,0,0,"35,000",0.00%
SUEZ,Consulting,Consulting Services,France,Europe,216,0.00%,216,0.00%,,,,,,216,0,216,216,0,100.00%
Sugar Media,Media and Entertainment,Entertainment/Media/Sports,United States,North America,26,0.00%,26,0.00%,,,,,16,10,1,13,26,0,100.00%
Sulmara,Fashion/Apparel,Apparel/Fashion,Italy,Europe,250,0.00%,250,0.00%,,250,,,,,1,250,0,250,0.00%
sum.cumo,Technology/Software,Technology/Telecommunications,Germany,Europe,400,0.00%,400,0.00%,,400,,,,,1,400,0,400,0.00%
Sumerlin,Law firm,Consulting Services,United States,North America,100,0.00%,100,0.00%,,,100,,,,1,100,0,100,0.00%
SUMISHO,Retail,Retail,Japan,Asia,10,0.00%,10,0.00%,,,,,,10,0,10,10,0,100.00%
Sumitomo Mitsui Banking Corporation,Banking,Financial Services,Japan,Asia,"1,414",0.00%,"1,414",0.00%,,,,,,"1,414",0,"1,414","1,414",0,100.00%
Summerset Group,Real Estate/Property Development,Construction/Engineering,New Zealand,Oceania,"16,753",0.02%,"11,965",0.02%,,"3,268","3,219","5,478",,,3,"3,988",0,"16,753",0.00%
Sun Life Financial,Financial Services,Financial Services,Canada,North America,10,0.00%,10,0.00%,,,10,,,,1,10,0,10,0.00%
Sun Path Electric,Electrical services,Construction/Engineering,United States,North America,26,0.00%,26,0.00%,26,,,,,,1,26,0,26,0.00%
Suncorp,Financial Services,Financial Services,Australia,Oceania,"1,925",0.00%,"1,925",0.00%,,,,,40,"1,885",1,963,"1,925",0,100.00%
Sundfrakt,Shipping and Logistics,Transportation/Logistics,Norway,Europe,80,0.00%,80,0.00%,,80,,,,,1,80,0,80,0.00%
Sundowner Holidays,Travel and Tourism,Travel & Tourism,India,Asia,100,0.00%,100,0.00%,,,,,100,,1,100,100,0,100.00%
Suomen Yliopistokiinteistöt,Real Estate,Real Estate,Finland,Europe,"5,000",0.01%,"5,000",0.01%,,,,,,"5,000",0,"5,000","5,000",0,100.00%
Suora Broadcast Oy,Media/Entertainment,Entertainment/Media/Sports,Finland,Europe,889,0.00%,889,0.00%,,,,889,,,1,889,0,889,0.00%
Super Pits,Food and Beverage,Food and Beverage,Switzerland,Europe,43,0.00%,43,0.00%,,,,21,22,,2,22,22,21,51.16%
Supercell,Technology/Video Games,Entertainment/Media/Sports,Finland,Europe,"18,264",0.02%,"18,264",0.03%,,,,"18,264",,,1,"18,264",0,"18,264",0.00%
Supercritical Fluid Technologies,Technology,Technology/Telecommunications,United States,North America,12,0.00%,12,0.00%,,,,12,,,1,12,0,12,0.00%
Sureclean,Cleaning Services,Others,Singapore,Asia,184,0.00%,184,0.00%,,,,,,184,0,184,184,0,100.00%
Sureserve,Construction and Engineering,Construction/Engineering,United Kingdom,Europe,250,0.00%,250,0.00%,,,,,,250,0,250,250,0,100.00%
Surf Coast Shire Council,Government,Non-profit/Charity/Government/NGO,Australia,Oceania,"8,884",0.01%,"8,884",0.01%,,,,,,"8,884",0,"8,884","8,884",0,100.00%
SurfWeek,Travel,Travel & Tourism,United States,North America,89,0.00%,89,0.00%,,,,89,,,1,89,0,89,0.00%
Sussex Biltong Co.,Food and Beverage,Food and Beverage,South Africa,Africa,80,0.00%,80,0.00%,,,80,,,,1,80,0,80,0.00%
Sustainable AG,Agriculture/Environmental Sustainability,Agriculture/Agribusiness/Resources,Germany,Europe,380,0.00%,380,0.00%,,380,,,,,1,380,0,380,0.00%
Sustainable Apparel Coalition,Fashion/Apparel Industry,Apparel/Fashion,United States,North America,700,0.00%,700,0.00%,700,,,,,,1,700,0,700,0.00%
Sustainable Brands,Sustainability/Eco-friendly industry,Agriculture/Agribusiness/Resources,United States,North America,212,0.00%,0,0.00%,0,0,0,0,0,0,5,0,0,212,0.00%
Sustainable Fashion Alliance,Non-profit organization,Non-profit/Charity/Government/NGO,United States,North America,40,0.00%,0,0.00%,0,0,0,0,0,0,5,0,0,40,0.00%
Sustainable Solutions,Environmental consulting,Consulting Services,New Zealand,Oceania,50,0.00%,50,0.00%,50,,,,,,1,50,0,50,0.00%
"Sustineri Group, Inc.",Sustainability Consulting,Environmental & Sustainability Services,United States,North America,40,0.00%,40,0.00%,,,40,,,,1,40,0,40,0.00%
SutterlÃ¼ty,Retail - Grocery,Food and Beverage,Austria,Europe,219,0.00%,0,0.00%,0,0,0,0,0,0,5,0,0,219,0.00%
Suzhou Carbon Peaking,Technology,Technology/Telecommunications,China,Asia,"2,322",0.00%,"2,322",0.00%,,,,,,"2,322",0,"2,322","2,322",0,100.00%
SV SparkassenVersicherung,Insurance,Financial Services,Germany,Europe,"3,941",0.01%,"3,941",0.01%,,,,,,"3,941",0,"3,941","3,941",0,100.00%
Svemo,Automotive,Transportation/Logistics,Sweden,Europe,344,0.00%,344,0.00%,344,,,,,,1,344,0,344,0.00%
Svenka,Food and Beverage,Food and Beverage,Sweden,Europe,123,0.00%,0,0.00%,0,0,0,0,0,0,5,0,0,123,0.00%
Svenska Handelsbanken,Banking/Financial Services,Financial Services,Sweden,Europe,130,0.00%,0,0.00%,0,0,0,0,0,0,5,0,0,130,0.00%
Svenska Postkodlotteriet,Entertainment/Non-profit sector,Entertainment/Media/Sports,Sweden,Europe,"9,039",0.01%,"9,039",0.01%,,"1,850",,,"3,026","4,163",2,"3,013","7,189","1,850",79.53%
Svenska Resebolaget,Travel and tourism,Travel & Tourism,Sweden,Europe,212,0.00%,0,0.00%,0,0,0,0,0,0,5,0,0,212,0.00%
Svenska Röda Korset,Non-profit/Charity,Non-profit/Charity/Government/NGO,Sweden,Europe,175,0.00%,175,0.00%,,,175,,,,1,175,0,175,0.00%
Svoboda Press,Media,Entertainment/Media/Sports,Czech Republic,Europe,40,0.00%,40,0.00%,,,,,,40,0,40,40,0,100.00%
swa,Utilities,Energy/Mining/Utilities,Sweden,Europe,92,0.00%,92,0.00%,,,,,,92,0,92,92,0,100.00%
Swallow,Construction and Engineering,Construction/Engineering,United Kingdom,Europe,190,0.00%,190,0.00%,,,,,,190,0,190,190,0,100.00%
Swanton Care & Community,Healthcare,Healthcare/Pharmaceuticals,United Kingdom.,Europe,131,0.00%,131,0.00%,,,,,131,,1,131,131,0,100.00%
SwCG,Consulting,Consulting Services,Sweden,Europe,20,0.00%,20,0.00%,20,,,,,,1,20,0,20,0.00%
Sweco,Engineering and Consulting,Construction/Engineering,Sweden,Europe,16,0.00%,16,0.00%,,16,,,,,1,16,0,16,0.00%
Swedbank,Banking/Financial Services,Financial Services,Sweden,Europe,"42,089",0.06%,"42,089",0.06%,,"25,014","11,646","5,429",,,3,"14,030",0,"42,089",0.00%
Swedfund,Finance/Investment,Financial Services,Sweden,Europe,"1,179",0.00%,"1,179",0.00%,778,291,110,,,,3,393,0,"1,179",0.00%
Sweep,Cleaning/Home Maintenance,Others,United States,North America,128,0.00%,128,0.00%,,,,,128,,1,128,128,0,100.00%
Swegon,Manufacturing/Industrial sector,Construction/Engineering,Sweden,Europe,"1,261",0.00%,"1,261",0.00%,,,,,918,343,1,631,"1,261",0,100.00%
Swinburne,Education,Others,Australia,Oceania,"2,263",0.00%,"2,263",0.00%,,,,,,"2,263",0,"2,263","2,263",0,100.00%
Swire,Oil & Gas Services,Energy/Mining/Utilities,United Kingdom,Europe,300,0.00%,300,0.00%,,,,,,300,0,300,300,0,100.00%
Swiss Carbon Value Ltd.,Manufacturing/Carbon Fiber Industry,Construction/Engineering,Switzerland,Europe,"21,565",0.03%,"15,935",0.02%,,,,,"15,935",,1,"15,935","15,935","5,630",73.89%
Swiss Re,Insurance/Reinsurance,Financial Services,Switzerland,Europe,"126,137",0.17%,"87,000",0.13%,"45,000",,,,"42,000",,2,"43,500","42,000","84,137",33.30%
Swiss Tropical and Public Health Institute,Healthcare/Research/Education,Healthcare/Pharmaceuticals,Switzerland,Europe,200,0.00%,0,0.00%,0,0,0,0,0,0,5,0,0,200,0.00%
Swisse,Health and wellness industry,Healthcare/Pharmaceuticals,Australia,Oceania,650,0.00%,0,0.00%,0,0,0,0,0,0,5,0,0,650,0.00%
Switch,Renewable energy,Energy/Mining/Utilities,Sweden,Europe,46,0.00%,46,0.00%,,,22,24,,,2,23,0,46,0.00%
Switch2Zero Ltd,Renewable Energy,Energy/Mining/Utilities,United Kingdom,Europe,417,0.00%,417,0.00%,,,,,142,275,1,209,417,0,100.00%
SyG Internacional,Wholesale Trade,Retail,Mexico,North America,11,0.00%,0,0.00%,0,0,0,0,0,0,5,0,0,11,0.00%
SYK Oy,Real Estate,Construction/Engineering,Finland,Europe,"64,295",0.09%,"54,295",0.08%,"10,000","13,220","29,975",,"1,100",,4,"13,574","1,100","63,195",1.71%
SYNBRA,SYNBRA most likely operates in the chemical industry.,Agriculture/Agribusiness/Resources,Brazil,South America,200,0.00%,0,0.00%,0,0,0,0,0,0,5,0,0,200,0.00%
SYNCREON,Logistics and Supply Chain,Transportation/Logistics,Ireland,Europe,"4,000",0.01%,"4,000",0.01%,,,,,,"4,000",0,"4,000","4,000",0,100.00%
Syndicat des Eaux d'Île-de-France,Utilities,Energy/Mining/Utilities,France,Europe,100,0.00%,100,0.00%,,,,100,,,1,100,0,100,0.00%
Synergy,Consulting or technology sector,Consulting Services,United States,North America,"2,651",0.00%,521,0.00%,395,,,,,126,1,261,126,"2,525",4.75%
Synertec,Technology,Technology/Telecommunications,Australia,Oceania,15,0.00%,15,0.00%,,,,,,15,0,15,15,0,100.00%
Synyati,Information Technology,Technology/Telecommunications,India,Asia,16,0.00%,16,0.00%,,,,,,16,0,16,16,0,100.00%
Sysav,Waste management,Environmental & Sustainability Services,Sweden,Europe,46,0.00%,46,0.00%,25,,,21,,,2,23,0,46,0.00%
Sysco,Foodservice Distribution,Food and Beverage,United States,North America,281,0.00%,0,0.00%,0,0,0,0,0,0,5,0,0,281,0.00%
SYSTRA Ltd,Engineering/Transportation,Construction/Engineering,France,Europe,"2,283",0.00%,"2,283",0.00%,,,,"1,578",705,,2,"1,142",705,"1,578",30.88%
T.D. Williamson,Oil and Gas,Energy/Mining/Utilities,United Kingdom,Europe,69,0.00%,69,0.00%,,,29,21,19,,3,23,19,50,27.54%
Tabaqueira,Tobacco industry,Healthcare/Pharmaceuticals,Portugal,Europe,"8,768",0.01%,"8,768",0.01%,,,,"4,331","4,437",,2,"4,384","4,437","4,331",50.60%
Taglieber,Fashion/Apparel,Apparel/Fashion,Germany,Europe,390,0.00%,390,0.00%,,,,,390,,1,390,390,0,100.00%
Tahbilk,Wine & Spirits,Food and Beverage,Australia,Oceania,780,0.00%,780,0.00%,,,531,,249,,2,390,249,531,31.92%
Tailor Inc Limited,Architecture and Planning,Consulting Services,New Zealand,Oceania,790,0.00%,790,0.00%,,,,,,790,0,790,790,0,100.00%
Taiwan Cooperative Bank,Banking,Financial Services,Taiwan,Asia,10,0.00%,10,0.00%,,,,,,10,0,10,10,0,100.00%
Takeda,Pharmaceuticals/Healthcare,Healthcare/Pharmaceuticals,Japan,Asia,"281,554",0.38%,"241,142",0.37%,"5,000","100,810","40,278","79,996","15,058",,5,"48,228","15,058","266,496",5.35%
Taksi,Transportation,Transportation/Logistics,Finland,Europe,49,0.00%,49,0.00%,,,49,,,,1,49,0,49,0.00%
Talis,Software,Technology/Telecommunications,India,Asia,89,0.00%,89,0.00%,,,89,,,,1,89,0,89,0.00%
Tallgrass Energy,Energy,Energy/Mining/Utilities,United States,North America,"9,830",0.01%,"9,830",0.02%,,,,,,"9,830",0,"9,830","9,830",0,100.00%
Tampereen kaupungin,Government/Local Government,Non-profit/Charity/Government/NGO,Finland,Europe,377,0.00%,377,0.00%,,377,,,,,1,377,0,377,0.00%
Tana Copenhagen,Fashion,Apparel/Fashion,Denmark,Europe,50,0.00%,50,0.00%,,,,50,,,1,50,0,50,0.00%
Tanner Kibble Denton Architects,Architecture and Design,Construction/Engineering,Australia,Oceania,140,0.00%,140,0.00%,,,,140,,,1,140,0,140,0.00%
Tap Air Portugal,Airlines,Transportation/Logistics,Portugal,Europe,"1,000",0.00%,"1,000",0.00%,,,,,,"1,000",0,"1,000","1,000",0,100.00%
TAS AG,Technology,Technology/Telecommunications,Germany,Europe,866,0.00%,866,0.00%,,,,,,866,0,866,866,0,100.00%
TASC SA Pty Ltd,Environmental Services,Environmental & Sustainability Services,South Africa,Africa,"3,951,084",5.32%,"3,951,084",6.04%,,,,"103,847","918,187","2,929,050",2,"1,317,028","3,847,237","103,847",97.37%
Task Systems,Software Development,Technology/Telecommunications,United Kingdom,Europe,46,0.00%,46,0.00%,,,,46,,,1,46,0,46,0.00%
Tasman Environmental Markets,Environmental consulting,Consulting Services,Australia,Oceania,58,0.00%,58,0.00%,,,,,58,,1,58,58,0,100.00%
Taxicharge,Transportation,Transportation/Logistics,United Kingdom,Europe,25,0.00%,25,0.00%,,,,,12,13,1,13,25,0,100.00%
Taylist Media,Media and Entertainment,Entertainment/Media/Sports,United Kingdom,Europe,50,0.00%,50,0.00%,,,,,50,,1,50,50,0,100.00%
Taylor Consulting,Management Consulting,Consulting Services,United States,North America,22,0.00%,22,0.00%,,,22,,,,1,22,0,22,0.00%
Taylor Knights Architects,Architecture,Construction/Engineering,United States,North America,20,0.00%,20,0.00%,,,20,,,,1,20,0,20,0.00%
TAYLOR WESSING,Legal Services,Consulting Services,Germany,Europe,"1,124",0.00%,"1,124",0.00%,,,,824,,300,1,562,300,824,26.69%
TaylorMade,Golf equipment manufacturing,Manufacturing/Engineering,United States,North America,"21,110",0.03%,"21,110",0.03%,,,,,,"21,110",0,"21,110","21,110",0,100.00%
Tayto,Food and Beverage,Food and Beverage,Ireland,Europe,613,0.00%,613,0.00%,,,613,,,,1,613,0,613,0.00%
TBLI Conferences,Conferences,Others,Singapore,Asia,131,0.00%,0,0.00%,0,0,0,0,0,0,5,0,0,131,0.00%
TCC,Telecommunications/Technology,Technology/Telecommunications,Turkey,Asia,863,0.00%,0,0.00%,0,0,0,0,0,0,5,0,0,863,0.00%
Tchibo,Retail/Consumer Goods,Retail,Germany,Europe,"37,919",0.05%,"17,556",0.03%,,"4,329",,"10,178","3,049",,3,"5,852","3,049","34,870",8.04%
TCL,Technology/Electronics,Technology/Telecommunications,China,Asia,119,0.00%,119,0.00%,,,,119,,,1,119,0,119,0.00%
TCO Development,Technology/IT industry,Technology/Telecommunications,Sweden,Europe,700,0.00%,500,0.00%,,,500,,,,1,500,0,700,0.00%
TCX,Technology/Software,Technology/Telecommunications,United States,North America,295,0.00%,0,0.00%,0,0,0,0,0,0,5,0,0,295,0.00%
TDCZukunftswerk,Education,Others,Germany,Europe,230,0.00%,230,0.00%,,,,,,230,0,230,230,0,100.00%
TDL,Technology/Software,Technology/Telecommunications,India,Asia,614,0.00%,396,0.00%,396,,,,,,1,396,0,614,0.00%
TDV Industries,Manufacturing or Industrial Sector,Construction/Engineering,France,Europe,"4,000",0.01%,"2,000",0.00%,,,,"2,000",,,1,"2,000",0,"4,000",0.00%
Teach Well,Education,Others,Australia,Oceania,139,0.00%,139,0.00%,,125,14,,,,2,70,0,139,0.00%
Teamsport,Sports/Teamwear/Apparel,Apparel/Fashion,Germany,Europe,200,0.00%,200,0.00%,,,,200,,,1,200,0,200,0.00%
Techcombank,Banking,Financial Services,Vietnam,Asia,87,0.00%,87,0.00%,,,,,,87,0,87,87,0,100.00%
Technikal Support,Information Technology,Technology/Telecommunications,United States,North America,12,0.00%,12,0.00%,,,,,12,,1,12,12,0,100.00%
Technogym,Fitness Equipment,Retail,Italy,Europe,120,0.00%,120,0.00%,,,,,,120,0,120,120,0,100.00%
Techrete,Construction and building materials,Construction/Engineering,Ireland,Europe,"1,400",0.00%,"1,400",0.00%,,,,"1,400",,,1,"1,400",0,"1,400",0.00%
Techstars,"Venture Capital, Accelerator",Financial Services,United States,North America,75,0.00%,75,0.00%,,,,75,,,1,75,0,75,0.00%
TECNARO,Technology/Manufacturing,Technology/Telecommunications,Italy,Europe,198,0.00%,198,0.00%,,,198,,,,1,198,0,198,0.00%
Tecnomedia SRL,Technology,Technology/Telecommunications,Italy,Europe,"24,375",0.03%,"24,375",0.04%,"9,525","4,612",,,"10,238",,3,"8,125","10,238","14,137",42.00%
Teemill,"E-commerce, Sustainable Apparel",Retail,United Kingdom,Europe,48,0.00%,48,0.00%,,,,48,,,1,48,0,48,0.00%
Tefal,Household appliances,Retail,France,Europe,11,0.00%,11,0.00%,,,11,,,,1,11,0,11,0.00%
Tefla,Building materials,Construction/Engineering,Sweden,Europe,40,0.00%,40,0.00%,,40,,,,,1,40,0,40,0.00%
TEK,Technology,Technology/Telecommunications,South Korea,Asia,92,0.00%,92,0.00%,,,,,,92,0,92,92,0,100.00%
Tekniikan Akateemisten Liitto,Professional Services/Trade Union,Consulting Services,Finland,Europe,134,0.00%,134,0.00%,,,,,134,,1,134,134,0,100.00%
Tekniska högskolan,Education/University,Others,Sweden,Europe,110,0.00%,110,0.00%,110,,,,,,1,110,0,110,0.00%
Teknoflor,Construction/Building Materials,Construction/Engineering,United States,North America,"1,297",0.00%,"1,297",0.00%,,,"1,000",,297,,2,649,297,"1,000",22.90%
Telekom,Telecommunications,Technology/Telecommunications,Germany,Europe,"17,622",0.02%,"17,622",0.03%,,,,,,"17,622",0,"17,622","17,622",0,100.00%
Telia,Telecommunications,Technology/Telecommunications,Sweden,Europe,"18,500",0.02%,"18,500",0.03%,30,,"6,000","1,500","1,650","9,320",4,"3,700","10,970","7,530",59.30%
Telinet Energi,Energy,Energy/Mining/Utilities,Sweden,Europe,15,0.00%,15,0.00%,,,,,15,,1,15,15,0,100.00%
Tell-Tex,Textiles,Apparel/Fashion,Bangladesh,Asia,212,0.00%,212,0.00%,,,,,,212,0,212,212,0,100.00%
Temasek Holdings,Finance/Investment sector,Financial Services,Singapore,Asia,"1,500",0.00%,"1,500",0.00%,,,,"1,500",,,1,"1,500",0,"1,500",0.00%
Temmos,Hospitality/Travel & Tourism,Travel & Tourism,France,Europe,"1,550",0.00%,0,0.00%,0,0,0,0,0,0,5,0,0,"1,550",0.00%
Ten Square Games,Gaming,Entertainment/Media/Sports,Poland,Europe,"1,000",0.00%,"1,000",0.00%,,,,,,"1,000",0,"1,000","1,000",0,100.00%
Ten Tree,Apparel & Fashion,Apparel/Fashion,Canada,North America,"5,767",0.01%,"5,767",0.01%,,,,"5,767",,,1,"5,767",0,"5,767",0.00%
Ten-Nine Technology,Technology,Technology/Telecommunications,China,Asia,10,0.00%,10,0.00%,,,,,,10,0,10,10,0,100.00%
Tenno Rice,Food & Beverage,Food and Beverage,Japan,Asia,30,0.00%,30,0.00%,,,,,,30,0,30,30,0,100.00%
Tentree,Apparel/Outdoor Industry,Retail,Canada,North America,"1,500",0.00%,"1,500",0.00%,,,"1,500",,,,1,"1,500",0,"1,500",0.00%
Teosto,Music Copyright Management,Entertainment/Media/Sports,Finland,Europe,64,0.00%,64,0.00%,,,,,,64,0,64,64,0,100.00%
Terega,Energy & Utilities,Energy/Mining/Utilities,France,Europe,"195,886",0.26%,"165,510",0.25%,,"15,612","124,614","6,144","19,140",,4,"41,378","19,140","176,746",9.77%
Terence O'Rourke Ltd,Architecture,Construction/Engineering,United Kingdom,Europe,35,0.00%,35,0.00%,,,,,35,,1,35,35,0,100.00%
Terpel,Energy & Utilities,Energy/Mining/Utilities,Colombia,South America,"18,750",0.03%,"18,750",0.03%,,,,"18,750",,,1,"18,750",0,"18,750",0.00%
TerraPass,Environmental Conservation/Eco-Friendly Products,Environmental & Sustainability Services,United States,North America,"2,635",0.00%,0,0.00%,0,0,0,0,0,0,5,0,0,"2,635",0.00%
terrestris,Geospatial technology,Technology/Telecommunications,Germany,Europe,12,0.00%,12,0.00%,,,,,,12,0,12,12,0,100.00%
Tesla,Automotive,Transportation/Logistics,United States,North America,"15,732",0.02%,"15,732",0.02%,,,25,"12,000","2,952",755,3,"3,933","3,707","12,025",23.56%
TeT,Technology,Technology/Telecommunications,South Korea,Asia,50,0.00%,50,0.00%,,,,,,50,0,50,50,0,100.00%
Tetra Pak,Packaging industry,Agriculture/Agribusiness/Resources,Sweden,Europe,"35,096",0.05%,"29,996",0.05%,"4,002",,,"12,237","13,757",,3,"9,999","13,757","21,339",39.20%
Tetra Tech,Engineering and Consulting,Construction/Engineering,United States,North America,94,0.00%,94,0.00%,,,94,,,,1,94,0,94,0.00%
The Antipodes Water Company Limited,Water-bottling company,Retail,New Zealand,Oceania,"1,828",0.00%,"1,828",0.00%,,,,,"1,828",,1,"1,828","1,828",0,100.00%
The Apartment,Real Estate/Property Management,Construction/Engineering,Italy,Europe,"2,386",0.00%,"2,386",0.00%,,,,,"1,191","1,195",1,"1,193","2,386",0,100.00%
The Approach,Film Production,Entertainment/Media/Sports,United Kingdom,Europe,25,0.00%,25,0.00%,,,,25,,,1,25,0,25,0.00%
The Children's Investment Fund Foundation,Non-profit,Non-profit/Charity/Government/NGO,United Kingdom,Europe,"10,011",0.01%,"10,011",0.02%,,,"2,760","2,808",,"4,443",2,"3,337","4,443","5,568",44.38%
The Citadel Group,Technology/IT Security,Technology/Telecommunications,Australia,Oceania,234,0.00%,234,0.00%,,,,234,,,1,234,0,234,0.00%
The Co-operative Bank,Banking,Financial Services,United Kingdom,Europe,550,0.00%,550,0.00%,,,,,,550,0,550,550,0,100.00%
The Donkey Sanctuary,Animal Welfare,Non-profit/Charity/Government/NGO,United Kingdom,Europe,452,0.00%,324,0.00%,150,174,,,,,2,162,0,452,0.00%
The Economist Group,News & Media,Entertainment/Media/Sports,United Kingdom,Europe,"1,660",0.00%,"1,565",0.00%,,,,,,"1,565",0,"1,565","1,565",95,94.28%
The Edge,Media/Entertainment,Entertainment/Media/Sports,United States,North America,250,0.00%,250,0.00%,,250,,,,,1,250,0,250,0.00%
The European Parliament,Government/Politics,Non-profit/Charity/Government/NGO,France,Europe,44,0.00%,0,0.00%,0,0,0,0,0,0,5,0,0,44,0.00%
The Flying Bulls,Aviation,Transportation/Logistics,Austria,Europe,"1,094",0.00%,"1,094",0.00%,,,,,,"1,094",0,"1,094","1,094",0,100.00%
The Gold Standard Foundation,Non-profit organization,Non-profit/Charity/Government/NGO,Switzerland,Europe,233,0.00%,233,0.00%,,,,,,233,0,233,233,0,100.00%
The Goldsmith's Centre,Education,Others,United Kingdom,Europe,126,0.00%,126,0.00%,,,,,,126,0,126,126,0,100.00%
The Kauri Museum,Museums,Entertainment/Media/Sports,New Zealand,Oceania,18,0.00%,18,0.00%,,,,,18,,1,18,18,0,100.00%
The Little Posy Co,Flowers & Gifts,Retail,United Kingdom,Europe,76,0.00%,76,0.00%,,33,43,,,,2,38,0,76,0.00%
The Loco Group,Food and beverage industry,Food and Beverage,Singapore,Asia,564,0.00%,564,0.00%,564,,,,,,1,564,0,564,0.00%
The London Speaker Bureau,Speaker Bureau,Consulting Services,United Kingdom,Europe,98,0.00%,98,0.00%,,,98,,,,1,98,0,98,0.00%
The Lux Collective Ltd,Hospitality and Tourism,Travel & Tourism,Mauritius,Africa,"6,911",0.01%,"6,911",0.01%,"5,411","1,500",,,,,2,"3,456",0,"6,911",0.00%
The Ocean Cleanup,Environmental Non-Profit,Non-profit/Charity/Government/NGO,Netherlands,Europe,30,0.00%,30,0.00%,,30,,,,,1,30,0,30,0.00%
The Real Wrap Company,Food and Beverage industry,Food and Beverage,United Kingdom,Europe,"1,500",0.00%,"1,500",0.00%,,,,400,"1,100",,2,750,"1,100",400,73.33%
The Safari Collection,Hospitality and Tourism,Travel & Tourism,Kenya,Africa,"1,151",0.00%,"1,151",0.00%,,,"1,151",,,,1,"1,151",0,"1,151",0.00%
The Sash Window Workshop,Construction/ Home Improvement,Construction/Engineering,United Kingdom,Europe,314,0.00%,314,0.00%,,,,,161,153,1,157,314,0,100.00%
The Sleep Store Limited,Retail - Home Goods/Bedding,Retail,New Zealand,Oceania,419,0.00%,419,0.00%,,,,,313,106,1,210,419,0,100.00%
The Thinking Traveller,Travel,Travel & Tourism,United Kingdom,Europe,24,0.00%,24,0.00%,,,,,24,,1,24,24,0,100.00%
The Wine Team Global AB,Food & Beverage,Food and Beverage,Sweden,Europe,293,0.00%,293,0.00%,,,,,293,,1,293,293,0,100.00%
The World Bank,Finance/International Development,Non-profit/Charity/Government/NGO,United States,North America,"35,972",0.05%,"28,773",0.04%,"4,889",,"7,304",,"16,580",,3,"9,591","16,580","19,392",46.09%
TheCoin Collaborative,Financial Services,Financial Services,Canada,North America,51,0.00%,51,0.00%,,,23,28,,,2,26,0,51,0.00%
Theegarten-Pactec,Packaging machinery industry,Manufacturing/Engineering,Germany,Europe,"1,200",0.00%,"1,200",0.00%,,,,"1,200",,,1,"1,200",0,"1,200",0.00%
Thesis,Financial Services,Financial Services,United States,North America,224,0.00%,224,0.00%,,,,,,224,0,224,224,0,100.00%
THG,Retail,Retail,Thailand,Asia,396,0.00%,396,0.00%,,,,,,396,0,396,396,0,100.00%
Think,Beverage,Food and Beverage,France,Europe,59,0.00%,59,0.00%,,,39,,,20,1,30,20,39,33.90%
Thinkbox,Advertising & Marketing,Advertising/Marketing/PR,United States,North America,107,0.00%,107,0.00%,,,,,,107,0,107,107,0,100.00%
Thinking Ergonomix,Furniture and Home Furnishings,Retail,United States,North America,50,0.00%,50,0.00%,,,,,,50,0,50,50,0,100.00%
Thinking Works,Furniture and Design,Retail,Australia,Oceania,210,0.00%,210,0.00%,,,,,,210,0,210,210,0,100.00%
thinkPARALLAX,Marketing and Advertising,Advertising/Marketing/PR,United States,North America,54,0.00%,54,0.00%,,,,,,54,0,54,54,0,100.00%
Thinks,Market Research,Consulting Services,United States,North America,30,0.00%,30,0.00%,,,,,,30,0,30,30,0,100.00%
Third Light,Digital Asset Management,Technology/Telecommunications,United Kingdom,Europe,107,0.00%,107,0.00%,,,47,60,,,2,54,0,107,0.00%
Thirdfort,Legal Technology,Technology/Telecommunications,United Kingdom,Europe,67,0.00%,67,0.00%,,,,67,,,1,67,0,67,0.00%
THNK,Education,Others,Thailand,Asia,16,0.00%,16,0.00%,,,,,,16,0,16,16,0,100.00%
Thomas Family & Friends Wine Company,Food and Beverage industry,Food and Beverage,New Zealand,Oceania,268,0.00%,268,0.00%,,,,,268,,1,268,268,0,100.00%
ThoughtWorks,Technology/Software Development,Technology/Telecommunications,United States,North America,"6,977",0.01%,"6,977",0.01%,"3,511","1,466","1,400",600,,,4,"1,744",0,"6,977",0.00%
THRACE GREENHOUSES,Agriculture,Agriculture/Agribusiness/Resources,Greece,Europe,239,0.00%,239,0.00%,,,,,,239,0,239,239,0,100.00%
Threadneedle,Financial Services,Financial Services,United Kingdom,Europe,"3,150",0.00%,"3,150",0.00%,"3,150",,,,,,1,"3,150",0,"3,150",0.00%
Threads for Thought,Apparel and Accessories,Apparel/Fashion,United States,North America,50,0.00%,0,0.00%,0,0,0,0,0,0,5,0,0,50,0.00%
Tiba & Marl,Fashion/Accessories,Apparel/Fashion,United Kingdom,Europe,112,0.00%,112,0.00%,,,,112,,,1,112,0,112,0.00%
Ticket Tailor,Event Ticketing,Entertainment/Media/Sports,United Kingdom,Europe,36,0.00%,36,0.00%,,,,36,,,1,36,0,36,0.00%
Tickr,Finance/Investment sector,Financial Services,United Kingdom,Europe,147,0.00%,147,0.00%,,,147,,,,1,147,0,147,0.00%
Tico Reizen,Travel,Travel & Tourism,Netherlands,Europe,285,0.00%,285,0.00%,,,,92,193,,2,143,193,92,67.72%
Tide,Consumer goods/FMCG (Fast Moving Consumer Goods),Retail,United States,North America,"5,700",0.01%,"5,700",0.01%,,,,"5,700",,,1,"5,700",0,"5,700",0.00%
Tiffany & Co.,Luxury goods/retail sector,Apparel/Fashion,United States,North America,"52,500",0.07%,"52,500",0.08%,"18,200","13,500","11,300","9,500",,,4,"13,125",0,"52,500",0.00%
Tiger Global Management,Finance & Investment,Financial Services,United States,North America,"1,411",0.00%,"1,411",0.00%,,,,"1,411",,,1,"1,411",0,"1,411",0.00%
Tiger of Sweden,Apparel and Fashion,Apparel/Fashion,Sweden,Europe,40,0.00%,40,0.00%,,,,,40,,1,40,40,0,100.00%
Tikkurila,Construction/Building Materials,Construction/Engineering,Finland,Europe,"3,500",0.00%,"3,500",0.01%,,,"3,500",,,,1,"3,500",0,"3,500",0.00%
time:matters,Logistics,Transportation/Logistics,Germany,Europe,328,0.00%,328,0.00%,,,,,,328,0,328,328,0,100.00%
Tiroler Bauernstandl,Food and Beverage,Food and Beverage,Austria,Europe,63,0.00%,21,0.00%,,,,21,,,1,21,0,63,0.00%
TMNZ,Tax and Accounting Services,Consulting Services,New Zealand,Oceania,61,0.00%,61,0.00%,,,,,,61,0,61,61,0,100.00%
TNO,Technology/Research & Development,Technology/Telecommunications,United States,North America,"5,281",0.01%,"2,448",0.00%,,,,"2,448",,,1,"2,448",0,"5,281",0.00%
To the Market,Retail,Retail,United States,North America,40,0.00%,40,0.00%,,,,,40,,1,40,40,0,100.00%
Toa,Insurance,Financial Services,Japan,Asia,64,0.00%,64,0.00%,,,,,,64,0,64,64,0,100.00%
Todd Engineering Ltd,Automotive,Transportation/Logistics,United Kingdom,Europe,500,0.00%,500,0.00%,,,500,,,,1,500,0,500,0.00%
Toffeln,Food and Beverage,Food and Beverage,Germany,Europe,54,0.00%,54,0.00%,,,,10,,44,1,27,44,10,81.48%
TOHO GAS,Energy & Utilities,Energy/Mining/Utilities,Japan,Asia,"31,280",0.04%,"31,280",0.05%,,,"31,280",,,,1,"31,280",0,"31,280",0.00%
Toit,Restaurant industry,Food and Beverage,India,Asia,287,0.00%,287,0.00%,,,,,,287,0,287,287,0,100.00%
ToitÅ«,Technology/Software,Technology/Telecommunications,New Zealand,Oceania,614,0.00%,614,0.00%,,,200,12,181,221,3,154,402,212,65.47%
Toitū Envirocare,Environmental Services,Environmental & Sustainability Services,New Zealand,Oceania,466,0.00%,466,0.00%,,,,,,466,0,466,466,0,100.00%
Toitū Group,Sustainability and environmental services,Environmental & Sustainability Services,New Zealand,Oceania,239,0.00%,239,0.00%,,,,,,239,0,239,239,0,100.00%
Tokio Marine,Insurance,Financial Services,Japan,Asia,"2,941",0.00%,"2,941",0.00%,,,,"2,941",,,1,"2,941",0,"2,941",0.00%
Tom and Luke Limited,Food and Beverage,Food and Beverage,New Zealand,Oceania,113,0.00%,113,0.00%,,,,,113,,1,113,113,0,100.00%
Tonari Animation,Animation Studio,Entertainment/Media/Sports,Japan,Asia,17,0.00%,17,0.00%,,,,17,,,1,17,0,17,0.00%
Tony Gee and Partners LLP,Engineering,Manufacturing/Engineering,United Kingdom,Europe,450,0.00%,450,0.00%,,,,,,450,0,450,450,0,100.00%
Tony's Coffee,Food & Beverage,Food and Beverage,United States,North America,250,0.00%,250,0.00%,,,,,,250,0,250,250,0,100.00%
toom,Retail/Home Improvement,Retail,Germany,Europe,"3,174",0.00%,"3,174",0.00%,,"3,174",,,,,1,"3,174",0,"3,174",0.00%
Tortuga,Agriculture Technology (AgTech),Agriculture/Agribusiness/Resources,United States,North America,77,0.00%,77,0.00%,,77,,,,,1,77,0,77,0.00%
TOSHIBA,Technology/Electronics,Technology/Telecommunications,Japan,Asia,"121,355",0.16%,"102,083",0.16%,"4,253","7,531","25,107","24,446","16,254","24,492",5,"17,014","40,746","80,609",33.58%
Total Clean - OMCRO S.R.L.,Cleaning products supplier,Retail,Romania,Europe,40,0.00%,40,0.00%,10,10,10,10,,,4,10,0,40,0.00%
Total Media Group,Media and Marketing,Advertising/Marketing/PR,United Kingdom,Europe,110,0.00%,110,0.00%,,,,50,60,,2,55,60,50,54.55%
Total Produce,Food and Beverage,Food and Beverage,Ireland,Europe,94,0.00%,94,0.00%,,,94,,,,1,94,0,94,0.00%
Total Utilities Management Group,Utilities,Energy/Mining/Utilities,United Kingdom,Europe,27,0.00%,27,0.00%,,,,15,12,,2,14,12,15,44.44%
TotalEnergies,Energy & Utilities,Energy/Mining/Utilities,France,Europe,"127,570",0.17%,"127,570",0.20%,,"9,499","6,533","66,341","44,421",776,4,"25,514","45,197","82,373",35.43%
Toto-Lotto,Gaming/Entertainment,Entertainment/Media/Sports,Germany,Europe,"1,953",0.00%,"1,953",0.00%,"1,953",,,,,,1,"1,953",0,"1,953",0.00%
Touchline,Sports Apparel and Equipment,Apparel/Fashion,United States,North America,20,0.00%,20,0.00%,,20,,,,,1,20,0,20,0.00%
Tourismusschulen Salzburg GmbH,Hospitality and Tourism,Travel & Tourism,Austria,Europe,36,0.00%,36,0.00%,,,,,,36,0,36,36,0,100.00%
Toyola Cook Stoves,Home appliances or kitchen appliances,Retail,Ghana,Africa,"8,193",0.01%,0,0.00%,0,0,0,0,0,0,5,0,0,"8,193",0.00%
Toyota,Automotive,Transportation/Logistics,Japan,Asia,26,0.00%,26,0.00%,,,,,26,,1,26,26,0,100.00%
TP Bennett,Retail,Retail,United States,North America,442,0.00%,442,0.00%,,,35,82,,325,2,147,325,117,73.53%
TR Media AB,Media/Entertainment,Entertainment/Media/Sports,Sweden,Europe,264,0.00%,264,0.00%,,,,264,,,1,264,0,264,0.00%
Trace,Software,Technology/Telecommunications,France,Europe,100,0.00%,100,0.00%,,100,,,,,1,100,0,100,0.00%
Tracker,Financial Services,Financial Services,United States,North America,63,0.00%,63,0.00%,,,,,,63,0,63,63,0,100.00%
Tracker Group,Financial Services,Financial Services,United Kingdom,Europe,58,0.00%,58,0.00%,,,,,58,,1,58,58,0,100.00%
TRACS,"Recruitment, Consulting & Staffing",Consulting Services,United Kingdom,Europe,386,0.00%,386,0.00%,,,,,,386,0,386,386,0,100.00%
TradeMark East Africa,Non-profit organization,Non-profit/Charity/Government/NGO,Kenya,Africa,10,0.00%,10,0.00%,,,,10,,,1,10,0,10,0.00%
Tradera,"E-commerce, Online Marketplace",Retail,Sweden,Europe,367,0.00%,367,0.00%,,,,61,306,,2,184,306,61,83.38%
Tradisa,Automotive,Transportation/Logistics,Spain,Europe,171,0.00%,171,0.00%,,,,,,171,0,171,171,0,100.00%
TRAFFIC,Transportation,Transportation/Logistics,Turkey,Europe,614,0.00%,614,0.00%,,,,,,614,0,614,614,0,100.00%
Tranås resebyrå,Furniture/Home Goods,Retail,Sweden,Europe,408,0.00%,408,0.00%,64,285,59,,,,3,136,0,408,0.00%
trans-o-flex,Logistics and transportation,Transportation/Logistics,Germany,Europe,"16,181",0.02%,"16,181",0.02%,"2,336","2,336",,,"5,000","6,509",3,"4,045","11,509","4,672",71.13%
Transgourmet,Food and beverage industry,Food and Beverage,Switzerland,Europe,"4,000",0.01%,"2,000",0.00%,,,,"2,000",,,1,"2,000",0,"4,000",0.00%
Transmeri,Consumer Goods,Retail,Finland,Europe,73,0.00%,73,0.00%,,,,,,73,0,73,73,0,100.00%
TRANSTANK INTERNATIONAL,Transportation and Logistics,Transportation/Logistics,Australia,Oceania,30,0.00%,30,0.00%,,30,,,,,1,30,0,30,0.00%
Träumeland,Baby products/children's bedding industry,Retail,Austria,Europe,278,0.00%,278,0.00%,,,,278,,,1,278,0,278,0.00%
Travel Places Ltd,Travel and Tourism,Travel & Tourism,United Kingdom,Europe,302,0.00%,302,0.00%,,,,,121,181,1,151,302,0,100.00%
Tread Lightly!,Non-profit organization,Non-profit/Charity/Government/NGO,United States,North America,99,0.00%,99,0.00%,,99,,,,,1,99,0,99,0.00%
Treasury Wine Estates,Beverages - Wineries & Distilleries,Food and Beverage,Australia,Oceania,76,0.00%,76,0.00%,,,,,,76,0,76,76,0,100.00%
Treatwell,Beauty and wellness industry,Healthcare/Pharmaceuticals,United Kingdom,Europe,"3,000",0.00%,"3,000",0.00%,,,,"3,000",,,1,"3,000",0,"3,000",0.00%
Tree Zero,Sustainable/Environmental Products,Agriculture/Agribusiness/Resources,United States,North America,"1,831",0.00%,0,0.00%,0,0,0,0,0,0,5,0,0,"1,831",0.00%
TreeMedia,Environmental consulting,Consulting Services,United States,North America,202,0.00%,0,0.00%,0,0,0,0,0,0,5,0,0,202,0.00%
Treepoints Ltd,Technology/Software,Technology/Telecommunications,United States,North America,500,0.00%,500,0.00%,,,500,,,,1,500,0,500,0.00%
Trees for All,Environmental Conservation or Non-Profit Sector,Environmental & Sustainability Services,Netherlands,Europe,"109,000",0.15%,"99,000",0.15%,"54,000",,"45,000",,,,2,"49,500",0,"109,000",0.00%
Trehearne,Architecture,Construction/Engineering,Canada,North America,19,0.00%,19,0.00%,,,,,,19,0,19,19,0,100.00%
Trenchant,Technology,Technology/Telecommunications,United States,North America,500,0.00%,500,0.00%,,,,500,,,1,500,0,500,0.00%
Treya Partners,Private Equity,Financial Services,India,Asia,73,0.00%,73,0.00%,,,73,,,,1,73,0,73,0.00%
Triadex,Marketing and Advertising,Advertising/Marketing/PR,United States,North America,27,0.00%,27,0.00%,,,,,,27,0,27,27,0,100.00%
Tricorona,Energy/Environmental Services,Energy/Mining/Utilities,Sweden,Europe,736,0.00%,736,0.00%,736,,,,,,1,736,0,736,0.00%
Trip,Travel and tourism,Travel & Tourism,United States,North America,201,0.00%,201,0.00%,,,,,201,,1,201,201,0,100.00%
Triple Bottom Line Accounting,Accounting,Financial Services,Canada,North America,15,0.00%,15,0.00%,,,15,,,,1,15,0,15,0.00%
Triple Flag,Finance/Investment sector,Financial Services,Canada,North America,"37,787",0.05%,"37,787",0.06%,,,,"2,787",,"35,000",1,"18,894","35,000","2,787",92.62%
TripleA,Gaming,Entertainment/Media/Sports,United States,North America,39,0.00%,39,0.00%,,,,,39,,1,39,39,0,100.00%
Tripon Entertainment,Entertainment,Entertainment/Media/Sports,Germany,Europe,24,0.00%,14,0.00%,,,,,14,,1,14,14,10,58.33%
Triton,Manufacturing or Industrial sector,Construction/Engineering,Germany,Europe,"29,906",0.04%,"29,906",0.05%,,"29,906",,,,,1,"29,906",0,"29,906",0.00%
Troy,Troy could most likely operate in the fashion or clothing industry.,Apparel/Fashion,Italy,Europe,102,0.00%,102,0.00%,,,,,102,,1,102,102,0,100.00%
Troy Asset Management,Investment Management,Financial Services,United Kingdom,Europe,37,0.00%,37,0.00%,,,,37,,,1,37,0,37,0.00%
Tru Travels,Travel and Tourism,Travel & Tourism,United Kingdom,Europe,825,0.00%,825,0.00%,,,,,,825,0,825,825,0,100.00%
Trumpf,Restaurant,Food and Beverage,Germany,Europe,39,0.00%,16,0.00%,,,16,,,,1,16,0,39,0.00%
TSG 1899 Hoffenheim,Sports/Professional Soccer,Entertainment/Media/Sports,Germany,Europe,"6,410",0.01%,"6,410",0.01%,"3,187",,,,"3,223",,2,"3,205","3,223","3,187",50.28%
TSK Group Ltd,Construction and Engineering,Construction/Engineering,The United Kingdom,Europe,100,0.00%,100,0.00%,,,,,,100,0,100,100,0,100.00%
TT International,Financial Services,Financial Services,Trinidad and Tobago,North America,680,0.00%,680,0.00%,,,,,,680,0,680,680,0,100.00%
Tubman,Construction,Construction/Engineering,Sweden,Europe,76,0.00%,76,0.00%,45,19,12,,,,3,25,0,76,0.00%
Turin,Automotive,Transportation/Logistics,Italy,Europe,"14,520",0.02%,"14,520",0.02%,,,,,,"14,520",0,"14,520","14,520",0,100.00%
Turismo Curú,Tourism,Travel & Tourism,Costa Rica,North America,175,0.00%,151,0.00%,25,24,29,23,28,22,5,25,50,125,28.57%
Turkish Airlines,Airline,Transportation/Logistics,Turkey,Middle East,25,0.00%,25,0.00%,,,,,25,,1,25,25,0,100.00%
Turner & Townsend,Construction/Engineering/Consulting,Construction/Engineering,United Kingdom,Europe,"4,000",0.01%,"4,000",0.01%,,,"4,000",,,,1,"4,000",0,"4,000",0.00%
Turnkey Consulting,Consulting Services,Consulting Services,United Kingdom,Europe,110,0.00%,110,0.00%,,,,,110,,1,110,110,0,100.00%
Tusk Trust,Non-profit organization,Non-profit/Charity/Government/NGO,United Kingdom,Europe,225,0.00%,225,0.00%,,,,,,225,0,225,225,0,100.00%
Tusker,Beverage/Alcohol industry,Food and Beverage,Kenya,Africa,115,0.00%,115,0.00%,,,115,,,,1,115,0,115,0.00%
Tuskerdirect,Travel,Travel & Tourism,Kenya,Africa,50,0.00%,50,0.00%,,,,,50,,1,50,50,0,100.00%
TÜV NORD,"Energy, Sustainability, Certification",Energy/Mining/Utilities,Germany,Europe,10,0.00%,0,0.00%,0,0,0,0,0,0,5,0,0,10,0.00%
TVS,Logistics and supply chain management,Transportation/Logistics,India,Asia,100,0.00%,100,0.00%,,,,,,100,0,100,100,0,100.00%
Twin Monkeys,Beverage Equipment,Food and Beverage,United States,North America,26,0.00%,26,0.00%,,,,26,,,1,26,0,26,0.00%
TXF Limited,Technology,Technology/Telecommunications,United Kingdom,Europe,680,0.00%,680,0.00%,680,,,,,,1,680,0,680,0.00%
UBC,Education/Research,Others,Canada,North America,17,0.00%,17,0.00%,,,,,,17,0,17,17,0,100.00%
Uber,Transportation and logistics,Transportation/Logistics,United States,North America,25,0.00%,25,0.00%,,,,25,,,1,25,0,25,0.00%
Uipkes,Flooring,Retail,Netherlands,Europe,51,0.00%,0,0.00%,0,0,0,0,0,0,5,0,0,51,0.00%
UNFCCC,Climate Change,Environmental & Sustainability Services,Egypt,Africa,40,0.00%,40,0.00%,,,,40,,,1,40,0,40,0.00%
Unica,Technology/Software,Technology/Telecommunications,United States,North America,860,0.00%,860,0.00%,,,860,,,,1,860,0,860,0.00%
Unifrog Education Ltd,Education,Others,United Kingdom,Europe,21,0.00%,21,0.00%,,,,,,21,0,21,21,0,100.00%
Unify,Software,Technology/Telecommunications,United States,North America,25,0.00%,25,0.00%,,,,25,,,1,25,0,25,0.00%
Unilever,Consumer Goods,Retail,Netherlands,Europe,280,0.00%,280,0.00%,,,280,,,,1,280,0,280,0.00%
Unilink,Software,Technology/Telecommunications,India,Asia,61,0.00%,61,0.00%,,,34,27,,,2,31,0,61,0.00%
Unioil,Oil and Gas,Energy/Mining/Utilities,Denmark,Europe,40,0.00%,40,0.00%,,,,,40,,1,40,40,0,100.00%
Unitaid,Healthcare/Pharmaceuticals,Healthcare/Pharmaceuticals,Switzerland,Europe,917,0.00%,917,0.00%,,,,,917,,1,917,917,0,100.00%
United Airlines,Travel & Transportation,Transportation/Logistics,United States,North America,"19,770",0.03%,"19,770",0.03%,,"16,452",,"3,318",,,2,"9,885",0,"19,770",0.00%
United Bank of Carbon,Banking,Financial Services,United Kingdom,Europe,786,0.00%,786,0.00%,,,,,,786,0,786,786,0,100.00%
United Energy Trading LLC,Energy Trading,Energy/Mining/Utilities,United States,North America,132,0.00%,132,0.00%,,,132,,,,1,132,0,132,0.00%
United Nations Development Programme,International Development,Non-profit/Charity/Government/NGO,United States,North America,20,0.00%,20,0.00%,,,,20,,,1,20,0,20,0.00%
United Nations Environment Programme,International Organization,Non-profit/Charity/Government/NGO,Kenya,Africa,10,0.00%,10,0.00%,,,,,10,,1,10,10,0,100.00%
United Purpose,Non-profit/charity sector,Non-profit/Charity/Government/NGO,United Kingdom,Europe,656,0.00%,656,0.00%,,,,,656,,1,656,656,0,100.00%
United Technologies Aerospace Systems,Aerospace and Defense,Manufacturing/Engineering,United States,North America,26,0.00%,26,0.00%,,26,,,,,1,26,0,26,0.00%
uniVersa Lebensversicherung a.G.,Insurance,Financial Services,Germany,Europe,477,0.00%,477,0.00%,,,,,,477,0,477,477,0,100.00%
Universidad Comunera,Education,Non-profit/Charity/Government/NGO,Colombia,South America,20,0.00%,20,0.00%,,,,20,,,1,20,0,20,0.00%
Universidad San José,Education,Non-profit/Charity/Government/NGO,Costa Rica,North America,46,0.00%,0,0.00%,0,0,0,0,0,0,5,0,0,46,0.00%
Université de Montréal,"Research, Healthcare, Education",Healthcare/Pharmaceuticals,Canada,North America,13,0.00%,13,0.00%,,13,,,,,1,13,0,13,0.00%
University of Antwerp,Education,Non-profit/Charity/Government/NGO,Belgium,Europe,525,0.00%,525,0.00%,249,276,,,,,2,263,0,525,0.00%
University of Eastern Finland,Education,Non-profit/Charity/Government/NGO,Finland,Europe,197,0.00%,197,0.00%,197,,,,,,1,197,0,197,0.00%
University of Ghent,Education,Non-profit/Charity/Government/NGO,Belgium,Europe,30,0.00%,0,0.00%,0,0,0,0,0,0,5,0,0,30,0.00%
University of Helsinki,Education,Non-profit/Charity/Government/NGO,Finland,Europe,"9,103",0.01%,"9,103",0.01%,"4,504",,,"4,599",,,2,"4,552",0,"9,103",0.00%
University of Liverpool,Education,Others,United Kingdom,Europe,11,0.00%,11,0.00%,,,,,,11,0,11,11,0,100.00%
University of Maryland,Education,Non-profit/Charity/Government/NGO,United States,North America,"15,418",0.02%,"15,418",0.02%,,,,,,"15,418",0,"15,418","15,418",0,100.00%
University of Queensland Press,Education,Non-profit/Charity/Government/NGO,Australia,Oceania,35,0.00%,35,0.00%,,,,,35,,1,35,35,0,100.00%
University of Tasmania,Education,Non-profit/Charity/Government/NGO,Australia,Oceania,"17,588",0.02%,"17,588",0.03%,"2,000",374,,,,"15,214",2,"5,863","15,214","2,374",86.50%
University of Twente,Education,Non-profit/Charity/Government/NGO,Netherlands,Europe,511,0.00%,511,0.00%,,40,,,,471,1,256,471,40,92.17%
University of Western Australia,Education,Non-profit/Charity/Government/NGO,Australia,Oceania,"1,250",0.00%,"1,250",0.00%,,,,,"1,250",,1,"1,250","1,250",0,100.00%
University of Zurich,Education,Non-profit/Charity/Government/NGO,Switzerland,Europe,45,0.00%,45,0.00%,,,,,45,,1,45,45,0,100.00%
Uno Loco,Advertising,Advertising/Marketing/PR,New Zealand,Oceania,"6,532",0.01%,"6,532",0.01%,,,,,,"6,532",0,"6,532","6,532",0,100.00%
UnternehmerWege,Business Consulting,Consulting Services,Germany,Europe,13,0.00%,13,0.00%,,,13,,,,1,13,0,13,0.00%
Up2You SRL,Retail or fashion industry,Apparel/Fashion,United States,North America,470,0.00%,470,0.00%,,,,170,300,,2,235,300,170,63.83%
UpCloud,Cloud Computing,Technology/Telecommunications,Finland,Europe,507,0.00%,507,0.00%,,,,,,507,0,507,507,0,100.00%
UpEnergy Group,Energy sector,Energy/Mining/Utilities,Uganda,Africa,"6,388",0.01%,0,0.00%,0,0,0,0,0,0,5,0,0,"6,388",0.00%
Uphold,Financial Services,Financial Services,United States,North America,100,0.00%,100,0.00%,,100,,,,,1,100,0,100,0.00%
Uplift,Accounting,Financial Services,United States,North America,10,0.00%,10,0.00%,,,10,,,,1,10,0,10,0.00%
UPM,Manufacturing/Forestry/Paper & Packaging,Agriculture/Agribusiness/Resources,Finland,Europe,"2,411",0.00%,"2,411",0.00%,,,"1,259","1,032",,120,2,804,120,"2,291",4.98%
Uponor,Building Materials,Construction/Engineering,Finland,Europe,94,0.00%,94,0.00%,,,,,,94,0,94,94,0,100.00%
Uppsala University,Education,Others,Sweden,Europe,12,0.00%,12,0.00%,12,,,,,,1,12,0,12,0.00%
Uppsalaekonomerna,Student organization,Non-profit/Charity/Government/NGO,Sweden,Europe,20,0.00%,20,0.00%,20,,,,,,1,20,0,20,0.00%
uptodate Ventures GmbH,Venture capital,Financial Services,Germany,Europe,20,0.00%,20,0.00%,,,,,,20,0,20,20,0,100.00%
Urban Dynamic,Real Estate,Others,United States,North America,48,0.00%,48,0.00%,,,,48,,,1,48,0,48,0.00%
Urban Jungle,Retail/Outdoor and Adventure Gear,Apparel/Fashion,United States,North America,397,0.00%,397,0.00%,,,,228,,169,1,199,169,228,42.57%
Urban Logistics,Logistics,Transportation/Logistics,Germany,Europe,14,0.00%,14,0.00%,,,,,14,,1,14,14,0,100.00%
Urban Planters,Agriculture/ Landscaping/ Gardening,Retail,United Kingdom,Europe,116,0.00%,116,0.00%,116,,,,,,1,116,0,116,0.00%
Urban Technology,Technology,Technology/Telecommunications,Germany,Europe,44,0.00%,44,0.00%,,44,,,,,1,44,0,44,0.00%
Urgent Couriers Limited,Logistics and transportation sector,Transportation/Logistics,New Zealand,Oceania,"4,367",0.01%,"4,367",0.01%,,,"1,367",,107,"2,893",2,"1,456","3,000","1,367",68.70%
URIMAT,Sanitary and Hygiene Products,Retail,Germany,Europe,123,0.00%,0,0.00%,0,0,0,0,0,0,5,0,0,123,0.00%
US Open Tennis Championships,Sports/Entertainment,Entertainment/Media/Sports,United States,North America,"2,041",0.00%,0,0.00%,0,0,0,0,0,0,5,0,0,"2,041",0.00%
ustwo,Video Games,Entertainment/Media/Sports,United Kingdom,Europe,116,0.00%,116,0.00%,,,,,,116,0,116,116,0,100.00%
UTA,Transportation,Transportation/Logistics,United States,North America,"1,129",0.00%,"1,129",0.00%,,,,,,"1,129",0,"1,129","1,129",0,100.00%
Utilita,Energy & Utilities,Energy/Mining/Utilities,United Kingdom,Europe,"1,245",0.00%,"1,245",0.00%,,,,"1,245",,,1,"1,245",0,"1,245",0.00%
Utility Warehouse,Utilities,Energy/Mining/Utilities,United Kingdom,Europe,850,0.00%,850,0.00%,,,,,,850,0,850,850,0,100.00%
Utopia,Software,Technology/Telecommunications,Germany,Europe,16,0.00%,16,0.00%,,,,,16,,1,16,16,0,100.00%
v3 consulting GmbH,Consulting Services,Consulting Services,Germany,Europe,200,0.00%,200,0.00%,,,200,,,,1,200,0,200,0.00%
VÃ¶hringer,Furniture or Home Decor industry,Retail,Germany,Europe,"1,750",0.00%,"1,750",0.00%,,,500,"1,250",,,2,875,0,"1,750",0.00%
VÃ¤stanhem,Real Estate,Others,Sweden,Europe,60,0.00%,60,0.00%,40,20,,,,,2,30,0,60,0.00%
Vaasa Energy Week 2024,Energy,Energy/Mining/Utilities,Finland,Europe,50,0.00%,50,0.00%,,,,,,50,0,50,50,0,100.00%
Vacse,Software,Technology/Telecommunications,Sweden,Europe,60,0.00%,60,0.00%,,22,14,11,13,,4,15,13,47,21.67%
Vaillant Group,Manufacturing - Heating and cooling appliances,Manufacturing/Engineering,Germany,Europe,"3,244",0.00%,"3,244",0.00%,,,,,,"3,244",0,"3,244","3,244",0,100.00%
ValenciaPort,Shipping and logistics,Transportation/Logistics,Spain,Europe,141,0.00%,141,0.00%,,,,,,141,0,141,141,0,100.00%
Valmont,Beauty and skincare industry,Retail,Switzerland,Europe,688,0.00%,0,0.00%,0,0,0,0,0,0,5,0,0,688,0.00%
vamos Eltern-Kind-Reisen GmbH,Travel and tourism,Travel & Tourism,Spain,Europe,280,0.00%,280,0.00%,,11,269,,,,2,140,0,280,0.00%
Van de Haar Buitenruimte B.V.,Landscaping,Others,Netherlands,Europe,86,0.00%,86,0.00%,,,86,,,,1,86,0,86,0.00%
Van Weelde,Fashion/Apparel,Apparel/Fashion,Netherlands,Europe,"1,080",0.00%,"1,080",0.00%,,,,,800,280,1,540,"1,080",0,100.00%
Vantastic Voyage,Travel,Travel & Tourism,United States,North America,11,0.00%,11,0.00%,,,,,11,,1,11,11,0,100.00%
Vaolo,Food and Beverage,Food and Beverage,Indonesia,Asia,20,0.00%,20,0.00%,,,20,,,,1,20,0,20,0.00%
Vapaus,Jewelry,Apparel/Fashion,United Kingdom,Europe,"1,863",0.00%,"1,863",0.00%,,,,,,"1,863",0,"1,863","1,863",0,100.00%
VAR Group,Information Technology,Technology/Telecommunications,United States,North America,195,0.00%,195,0.00%,,,,,,195,0,195,195,0,100.00%
Variant Bio,Biotechnology,Healthcare/Pharmaceuticals,United States,North America,45,0.00%,45,0.00%,,,,10,35,,2,23,35,10,77.78%
Vasakronan,Real Estate,Construction/Engineering,Sweden,Europe,"37,892",0.05%,"23,033",0.04%,,,,"14,091",,"8,942",1,"11,517","8,942","28,950",23.60%
Vattenfall,Energy,Energy/Mining/Utilities,Sweden,Europe,"8,204",0.01%,"8,204",0.01%,,22,,"3,402","4,780",,3,"2,735","4,780","3,424",58.26%
VDMA,Industrial Machinery and Equipment,Manufacturing/Engineering,Germany,Europe,66,0.00%,10,0.00%,,,10,,,,1,10,0,66,0.00%
Vector,Aerospace and Defense,Manufacturing/Engineering,Italy,Europe,87,0.00%,87,0.00%,,,,,87,,1,87,87,0,100.00%
VEH,Energy,Energy/Mining/Utilities,Germany,Europe,53,0.00%,0,0.00%,0,0,0,0,0,0,5,0,0,53,0.00%
VEI,Water Management,Environmental & Sustainability Services,Netherlands,Europe,134,0.00%,134,0.00%,,,,134,,,1,134,0,134,0.00%
Veincentre,Healthcare,Healthcare/Pharmaceuticals,United Kingdom,Europe,111,0.00%,111,0.00%,,,,,,111,0,111,111,0,100.00%
Veitch Lister Consulting,Consulting,Consulting Services,Australia,Oceania,75,0.00%,75,0.00%,,,,,75,,1,75,75,0,100.00%
Veitch Lister Consulting Pty Ltd,Consulting Services,Consulting Services,Australia,Oceania,168,0.00%,168,0.00%,,,,,168,,1,168,168,0,100.00%
VENTREX,Automotive,Transportation/Logistics,Germany,Europe,100,0.00%,100,0.00%,,,,,,100,0,100,100,0,100.00%
Ventum Consulting,Management Consulting,Consulting Services,Germany,Europe,28,0.00%,28,0.00%,,,,,28,,1,28,28,0,100.00%
VERA,Pension Fund,Financial Services,Finland,Europe,23,0.00%,23,0.00%,,23,,,,,1,23,0,23,0.00%
Verband Druck und Medien Nord-West e.V.,Printing Services,Others,Germany,Europe,"19,270",0.03%,"6,000",0.01%,,,,"6,000",,,1,"6,000",0,"19,270",0.00%
VERBUND,Energy & Utilities,Energy/Mining/Utilities,Austria,Europe,"1,000",0.00%,"1,000",0.00%,,"1,000",,,,,1,"1,000",0,"1,000",0.00%
Verco,Furniture or home decor industry,Retail,United States,North America,290,0.00%,290,0.00%,,,,60,230,,2,145,230,60,79.31%
Veritas,Technology/Software/Data Management,Technology/Telecommunications,United States,North America,500,0.00%,500,0.00%,,,,500,,,1,500,0,500,0.00%
Verizon,Telecommunications,Technology/Telecommunications,United States,North America,939,0.00%,939,0.00%,,939,,,,,1,939,0,939,0.00%
Verkís,Engineering,Manufacturing/Engineering,Iceland,Europe,171,0.00%,171,0.00%,,,,,,171,0,171,171,0,100.00%
Vermessung AVT-GmbH,Surveying,Construction/Engineering,Germany,Europe,21,0.00%,21,0.00%,,,21,,,,1,21,0,21,0.00%
Verosel Fabrics BV,Textiles and Fabrics,Apparel/Fashion,Netherlands,Europe,431,0.00%,0,0.00%,0,0,0,0,0,0,5,0,0,431,0.00%
Vertis,Technology,Technology/Telecommunications,United States,North America,"1,000",0.00%,0,0.00%,0,0,0,0,0,0,5,0,0,"1,000",0.00%
Vertree Partners,Financial Services,Financial Services,Hong Kong,Asia,50,0.00%,50,0.00%,,,50,,,,1,50,0,50,0.00%
VestlAB,Biotechnology,Healthcare/Pharmaceuticals,Sweden,Europe,14,0.00%,14,0.00%,,14,,,,,1,14,0,14,0.00%
VET.CT,Veterinary Care,Healthcare/Pharmaceuticals,Vietnam,Asia,120,0.00%,120,0.00%,,,,,,120,0,120,120,0,100.00%
Vetmedica,Veterinary Pharmaceuticals,Healthcare/Pharmaceuticals,United States,North America,400,0.00%,400,0.00%,,,400,,,,1,400,0,400,0.00%
VETTER PHARMA-FERTIGUNG GMBH + CO. KG,Pharmaceuticals/Healthcare,Healthcare/Pharmaceuticals,Germany,Europe,"58,000",0.08%,"58,000",0.09%,,,,"20,000","16,000","22,000",2,"19,333","38,000","20,000",65.52%
VF,Apparel & Accessories,Apparel/Fashion,United States,North America,"2,500",0.00%,"2,500",0.00%,,,,,,"2,500",0,"2,500","2,500",0,100.00%
Vi Media,Media and Entertainment,Entertainment/Media/Sports,Sweden,Europe,76,0.00%,76,0.00%,,76,,,,,1,76,0,76,0.00%
Vi-skogen,Non-profit/charity sector,Non-profit/Charity/Government/NGO,Sweden,Europe,"1,998",0.00%,"1,998",0.00%,,,"1,998",,,,1,"1,998",0,"1,998",0.00%
VIA Consult,Consulting,Consulting Services,Denmark,Europe,62,0.00%,62,0.00%,,,,,,62,0,62,62,0,100.00%
Viabono,Agriculture/Environmental Sustainability,Agriculture/Agribusiness/Resources,Germany,Europe,"8,385",0.01%,"4,216",0.01%,902,462,577,"2,229",,46,4,843,46,"8,339",0.55%
Vibergs Blommor,Florist,Retail,Sweden,Europe,186,0.00%,186,0.00%,186,,,,,,1,186,0,186,0.00%
VICTOR BUYCK STEEL CONSTRUCTION,Construction,Construction/Engineering,Belgium,Europe,25,0.00%,25,0.00%,,,,25,,,1,25,0,25,0.00%
Vida Connected Specialists,Healthcare,Healthcare/Pharmaceuticals,United Kingdom,Europe,41,0.00%,41,0.00%,,,,14,27,,2,21,27,14,65.85%
Viessmann,Manufacturing/Engineering/Energy,Construction/Engineering,Germany,Europe,"2,000",0.00%,"2,000",0.00%,,"2,000",,,,,1,"2,000",0,"2,000",0.00%
VIIA,Technology/Software,Technology/Telecommunications,United States,North America,"7,100",0.01%,"7,100",0.01%,,,,"7,100",,,1,"7,100",0,"7,100",0.00%
VIII Congreso Nacional de la Defensa Pública,"Law, Legal Services",Consulting Services,Mexico,North America,20,0.00%,20,0.00%,,,,,20,,1,20,20,0,100.00%
Vimeo,Technology/Software/Video Streaming,Technology/Telecommunications,United States,North America,"1,322",0.00%,"1,322",0.00%,,,535,787,,,2,661,0,"1,322",0.00%
Vindirekt,Wine and Spirits,Food and Beverage,Denmark,Europe,13,0.00%,13,0.00%,,,,,13,,1,13,13,0,100.00%
Vinga,Consumer Electronics,Technology/Telecommunications,India,Asia,241,0.00%,241,0.00%,,,241,,,,1,241,0,241,0.00%
Virasure,Healthcare,Healthcare/Pharmaceuticals,India,Asia,13,0.00%,13,0.00%,,13,,,,,1,13,0,13,0.00%
Virgel Technology AB,Technology,Technology/Telecommunications,Sweden,Europe,40,0.00%,40,0.00%,40,,,,,,1,40,0,40,0.00%
Virgin,Airlines,Transportation/Logistics,United Kingdom,Europe,72,0.00%,56,0.00%,,,,,56,,1,56,56,16,77.78%
Virgin Racing,Sports/Entertainment/Automotive,Entertainment/Media/Sports,United Kingdom,Europe,410,0.00%,410,0.00%,,,410,,,,1,410,0,410,0.00%
Virgo Steate,Real Estate,Others,Netherlands,Europe,80,0.00%,0,0.00%,0,0,0,0,0,0,5,0,0,80,0.00%
Viridios Capital,Financial Services,Environmental & Sustainability Services,Australia,Oceania,"1,424",0.00%,"1,424",0.00%,,,,,792,632,1,712,"1,424",0,100.00%
Visa,Financial Services,Financial Services,United States,North America,69,0.00%,69,0.00%,,,,,,69,0,69,69,0,100.00%
Visceral Games,Video game development,Entertainment/Media/Sports,United States,North America,76,0.00%,76,0.00%,,,76,,,,1,76,0,76,0.00%
Vision Invest,Financial Services,Financial Services,United States,North America,20,0.00%,20,0.00%,,,,20,,,1,20,0,20,0.00%
Visit Sweden,Tourism,Travel & Tourism,Sweden,Europe,110,0.00%,83,0.00%,14,,,69,,,2,42,0,110,0.00%
Visma,Software,Technology/Telecommunications,Norway,Europe,38,0.00%,38,0.00%,,,,38,,,1,38,0,38,0.00%
Visser,Individual,Others,Netherlands,Europe,10,0.00%,0,0.00%,0,0,0,0,0,0,5,0,0,10,0.00%
Vista Equity Partners,Finance/Investment sector,Financial Services,United States,North America,"16,927",0.02%,"16,927",0.03%,,"16,927",,,,,1,"16,927",0,"16,927",0.00%
VistaJet,Aviation/Transportation,Transportation/Logistics,Switzerland,Europe,"180,711",0.24%,"180,711",0.28%,,"30,469","44,180","37,500","2,250","66,312",4,"36,142","68,562","112,149",37.94%
Vita,Health and wellness,Healthcare/Pharmaceuticals,Malaysia,Asia,"3,479",0.00%,"3,479",0.01%,891,771,"1,110",,,707,3,870,707,"2,772",20.32%
Vitality,Health and wellness,Healthcare/Pharmaceuticals,United Kingdom,Europe,400,0.00%,400,0.00%,,,,400,,,1,400,0,400,0.00%
Vitamin Well,Health and wellness industry,Healthcare/Pharmaceuticals,Sweden,Europe,"8,000",0.01%,"8,000",0.01%,,,,,"8,000",,1,"8,000","8,000",0,100.00%
Vitapus,Health and wellness industry,Healthcare/Pharmaceuticals,United States,North America,500,0.00%,0,0.00%,0,0,0,0,0,0,5,0,0,500,0.00%
Vitec Software Group,Technology,Technology/Telecommunications,Sweden,Europe,"1,200",0.00%,"1,200",0.00%,,,,,,"1,200",0,"1,200","1,200",0,100.00%
Viterma,Home improvement/renovation sector,Construction/Engineering,Austria,Europe,"2,465",0.00%,"2,465",0.00%,,422,"1,370",652,21,,4,616,21,"2,444",0.85%
Vittoria,Sports/Outdoor Recreation,Entertainment/Media/Sports,Italy,Europe,"1,500",0.00%,0,0.00%,0,0,0,0,0,0,5,0,0,"1,500",0.00%
Vivat,Insurance,Financial Services,Netherlands,Europe,"5,832",0.01%,"2,932",0.00%,,,"2,932",,,,1,"2,932",0,"5,832",0.00%
Vivienne Westwood,Fashion,Apparel/Fashion,United Kingdom,Europe,15,0.00%,15,0.00%,,,,,,15,0,15,15,0,100.00%
Vizion,Technology,Technology/Telecommunications,United States,North America,134,0.00%,134,0.00%,,,,,,134,0,134,134,0,100.00%
Vlabs,Software Development,Technology/Telecommunications,Germany,Europe,45,0.00%,45,0.00%,45,,,,,,1,45,0,45,0.00%
Voelkel,Food and beverage industry,Food and Beverage,Germany,Europe,"3,413",0.00%,"3,413",0.01%,,,,"1,142","1,691",580,2,"1,138","2,271","1,142",66.54%
VOGEL-BAUER EDELSTAHL GmbH & Co. KG,Manufacturing/Industrial Sector,Construction/Engineering,Germany,Europe,295,0.00%,295,0.00%,,,,,295,,1,295,295,0,100.00%
Volio y Trejos Asociados,Law firm,Consulting Services,Costa Rica,North America,46,0.00%,46,0.00%,,46,,,,,1,46,0,46,0.00%
Volksbank,Banking/Financial Services,Financial Services,Germany,Europe,"5,368",0.01%,825,0.00%,,474,,97,,254,2,275,254,"5,114",4.73%
Volkswagen,Automotive,Transportation/Logistics,Germany,Europe,"1,329,124",1.79%,"1,329,124",2.03%,,,"785,131","543,993",,,2,"664,562",0,"1,329,124",0.00%
von Gebr. Schütt KG,Manufacturing,Construction/Engineering,Germany,Europe,320,0.00%,320,0.00%,,,,320,,,1,320,0,320,0.00%
Vontobel,Finance/Investment Banking,Financial Services,Switzerland,Europe,"1,067",0.00%,0,0.00%,0,0,0,0,0,0,5,0,0,"1,067",0.00%
Voodoo Park Ltd,Fashion/Apparel,Apparel/Fashion,United Kingdom,Europe,200,0.00%,200,0.00%,,,,200,,,1,200,0,200,0.00%
Voorhees Investments Inc.,Financial Services,Financial Services,United States,North America,"60,500",0.08%,"60,500",0.09%,,,,,,"60,500",0,"60,500","60,500",0,100.00%
Vöslauer,Beverage industry,Food and Beverage,Austria,Europe,"19,475",0.03%,"17,593",0.03%,,"8,000",,"8,000","1,593",,3,"5,864","1,593","17,882",8.18%
VP Capital Group,Finance/Investment Banking,Financial Services,United States,North America,"12,985",0.02%,"12,985",0.02%,,,,"3,340","4,055","5,590",2,"4,328","9,645","3,340",74.28%
VPK Packaging,Packaging industry,Agriculture/Agribusiness/Resources,India,Asia,192,0.00%,0,0.00%,0,0,0,0,0,0,5,0,0,192,0.00%
VR Bank,Banking,Financial Services,Germany,Europe,10,0.00%,10,0.00%,,10,,,,,1,10,0,10,0.00%
Vynamic,Software Development,Technology/Telecommunications,India,Asia,100,0.00%,100,0.00%,,,,,52,48,1,50,100,0,100.00%
W. Neudorff,Agriculture/Gardening/Home and Garden,Agriculture/Agribusiness/Resources,Germany,Europe,"1,931",0.00%,"1,931",0.00%,,"1,000",,,931,,2,966,931,"1,000",48.21%
Wales and West Utilities,Utilities,Energy/Mining/Utilities,United Kingdom,Europe,900,0.00%,900,0.00%,,,,,,900,0,900,900,0,100.00%
WALGA,"Non-profit organization, Government",Non-profit/Charity/Government/NGO,Australia,Oceania,100,0.00%,0,0.00%,0,0,0,0,0,0,5,0,0,100,0.00%
Walter Kraus GmbH,Manufacturing/Industrial Machinery,Construction/Engineering,Germany,Europe,286,0.00%,286,0.00%,286,,,,,,1,286,0,286,0.00%
Walter Otto Müller,Manufacturing/Industrial Machinery,Construction/Engineering,Germany,Europe,671,0.00%,671,0.00%,,,,671,,,1,671,0,671,0.00%
WALTER PERRY,Retail,Retail,United States,North America,50,0.00%,50,0.00%,50,,,,,,1,50,0,50,0.00%
WAN HAI,Shipping and logistics,Transportation/Logistics,Singapore,Asia,"1,108",0.00%,"1,108",0.00%,,,,,,"1,108",0,"1,108","1,108",0,100.00%
Wan Hai Lines,Shipping and logistics,Transportation/Logistics,Taiwan,Asia,464,0.00%,464,0.00%,,,,,,464,0,464,464,0,100.00%
Ward Security,Security Services,Others,United Kingdom,Europe,423,0.00%,423,0.00%,,,,143,180,100,2,141,280,143,66.19%
Warmworks Scotland,Construction/Infrastructure,Construction/Engineering,United Kingdom,Europe,238,0.00%,238,0.00%,,,165,,,73,1,119,73,165,30.67%
Warner Bros. Discovery,Media and Entertainment,Entertainment/Media/Sports,United States,North America,186,0.00%,186,0.00%,,,155,31,,,2,93,0,186,0.00%
Warren and Mahoney,Architecture,Construction/Engineering,New Zealand,Oceania,"1,954",0.00%,"1,954",0.00%,,,,,189,"1,765",1,977,"1,954",0,100.00%
Warwick,Musical Instruments,Retail,United Kingdom,Europe,28,0.00%,28,0.00%,,,,,28,,1,28,28,0,100.00%
Waste Management,Environmental Services/ Waste Management,Agriculture/Agribusiness/Resources,United States,North America,360,0.00%,0,0.00%,0,0,0,0,0,0,5,0,0,360,0.00%
Water Company,Energy & Utilities,Energy/Mining/Utilities,United States,North America,768,0.00%,606,0.00%,314,292,,,,,2,303,0,768,0.00%
Water Plus,Water Treatment,Environmental & Sustainability Services,Hong Kong,Asia,46,0.00%,46,0.00%,,,,,46,,1,46,46,0,100.00%
Watersmart,Water and Wastewater Treatment,Environmental & Sustainability Services,United States,North America,15,0.00%,15,0.00%,,,,,,15,0,15,15,0,100.00%
Wates Group,Construction,Construction/Engineering,United Kingdom,Europe,466,0.00%,466,0.00%,,,,466,,,1,466,0,466,0.00%
Wattanders,Technology/Electronics,Technology/Telecommunications,Netherlands,Europe,"48,279",0.07%,"23,786",0.04%,"7,757",,"14,560",,"1,469",,3,"7,929","1,469","46,810",3.04%
WCEF,Technology/Software,Technology/Telecommunications,United States,North America,323,0.00%,323,0.00%,,,,,323,,1,323,323,0,100.00%
WD Solutions,Information Technology,Technology/Telecommunications,United States,North America,138,0.00%,138,0.00%,,,,,,138,0,138,138,0,100.00%
WE DO,Communication,Consulting Services,South Korea,Asia,36,0.00%,36,0.00%,,,,,,36,0,36,36,0,100.00%
WeAct Pty Ltd,Financial Services,Environmental & Sustainability Services,Australia,Oceania,"1,209,880",1.63%,"1,209,843",1.85%,,"100,360","1,109,483",,,,2,"604,922",0,"1,209,880",0.00%
Webb Henderson,Law firm,Consulting Services,United States,North America,117,0.00%,117,0.00%,,35,,,,82,1,59,82,35,70.09%
Webb Yates,Engineering,Manufacturing/Engineering,United Kingdom,Europe,48,0.00%,48,0.00%,,,,,,48,0,48,48,0,100.00%
Weber-Reisen,Travel,Travel & Tourism,Germany,Europe,125,0.00%,50,0.00%,,,,50,,,1,50,0,125,0.00%
Webjet,Travel and tourism,Travel & Tourism,Australia,Oceania,"10,566",0.01%,"10,566",0.02%,,,675,788,"1,861","7,242",3,"2,642","9,103","1,463",86.15%
Webjet Marketing Pty Ltd,Travel and Tourism,Travel & Tourism,Australia,Oceania,"4,517",0.01%,"4,517",0.01%,,,,,,"4,517",0,"4,517","4,517",0,100.00%
Websales,E-commerce,Retail,Ireland,Europe,80,0.00%,80,0.00%,,,80,,,,1,80,0,80,0.00%
Webshop,E-commerce/Online Retail,Retail,United States,North America,"1,283",0.00%,45,0.00%,45,,,,,,1,45,0,"1,283",0.00%
WeCHOOOSE,Technology/Software,Technology/Telecommunications,United States,North America,500,0.00%,500,0.00%,,,500,,,,1,500,0,500,0.00%
WEFCOS,Non-profit/charity sector,Non-profit/Charity/Government/NGO,United States,North America,"3,411",0.00%,"3,411",0.01%,,"1,698",,"1,713",,,2,"1,706",0,"3,411",0.00%
Weiling Coesfeld,Organic produce,Retail,Germany,Europe,216,0.00%,216,0.00%,,,,,216,,1,216,216,0,100.00%
Weiling GmbH,Food and beverage industry,Food and Beverage,Germany,Europe,"76,058",0.10%,"54,776",0.08%,"2,800","18,547","15,224","3,713","9,359","5,133",5,"9,129","14,492","61,566",19.05%
Wellbeing Software,Healthcare,Healthcare/Pharmaceuticals,United Kingdom,Europe,599,0.00%,599,0.00%,,,,599,,,1,599,0,599,0.00%
Wellhöfer,Construction and building materials,Construction/Engineering,Germany,Europe,"1,270",0.00%,"1,270",0.00%,,,,379,379,512,2,423,891,379,70.16%
Wells Fargo,Banking/Financial Services,Financial Services,United States,North America,"83,345",0.11%,"83,345",0.13%,,,,"55,000","8,000","20,345",2,"27,782","28,345","55,000",34.01%
Welthungerhilfe,Non-profit/charity sector,Non-profit/Charity/Government/NGO,Germany,Europe,"18,862",0.03%,"14,411",0.02%,,"5,844",,"5,613","2,954",,3,"4,804","2,954","15,908",15.66%
WeltPartner,Travel,Travel & Tourism,Germany,Europe,71,0.00%,0,0.00%,0,0,0,0,0,0,5,0,0,71,0.00%
Wendover Productions,"Media, Entertainment, YouTube",Entertainment/Media/Sports,United States,North America,10,0.00%,10,0.00%,,,,10,,,1,10,0,10,0.00%
WeNow,Social Media,Technology/Telecommunications,United States,North America,748,0.00%,678,0.00%,,,,,,678,0,678,678,70,90.64%
Werner,Construction and industrial equipment sector,Construction/Engineering,United States,North America,617,0.00%,617,0.00%,,,617,,,,1,617,0,617,0.00%
Werner Knake,Furniture Manufacturing,Manufacturing/Engineering,Germany,Europe,75,0.00%,75,0.00%,,,,75,,,1,75,0,75,0.00%
Wesleyan,Insurance,Financial Services,United Kingdom,Europe,150,0.00%,150,0.00%,,,,,,150,0,150,150,0,100.00%
Westbury,Fashion/Apparel,Apparel/Fashion,United States,North America,275,0.00%,275,0.00%,,,,200,,75,1,138,75,200,27.27%
Westermann,Publishing,Entertainment/Media/Sports,Germany,Europe,159,0.00%,0,0.00%,0,0,0,0,0,0,5,0,0,159,0.00%
Western Power Administration,Energy,Energy/Mining/Utilities,Australia,Oceania,250,0.00%,250,0.00%,,,,,,250,0,250,250,0,100.00%
Westerwald Bio,Food and Beverage,Food and Beverage,Germany,Europe,44,0.00%,44,0.00%,44,,,,,,1,44,0,44,0.00%
Westerwald-Brauerei,Food & Beverage,Food and Beverage,Germany,Europe,"1,000",0.00%,"1,000",0.00%,,,"1,000",,,,1,"1,000",0,"1,000",0.00%
WestPier,Consumer goods,Retail,Canada,North America,"2,000",0.00%,"2,000",0.00%,,,,,,"2,000",0,"2,000","2,000",0,100.00%
WFA,Advertising,Advertising/Marketing/PR,United States,North America,821,0.00%,821,0.00%,,,,,,821,0,821,821,0,100.00%
WFI,Financial Services,Financial Services,United States,North America,25,0.00%,0,0.00%,0,0,0,0,0,0,5,0,0,25,0.00%
Whalefarer,Technology,Technology/Telecommunications,Germany,Europe,41,0.00%,41,0.00%,,,,,41,,1,41,41,0,100.00%
What3words,Technology/Mapping/GPS,Transportation/Logistics,United Kingdom,Europe,608,0.00%,608,0.00%,,,78,330,200,,3,203,200,408,32.89%
Whatley Manor,Hospitality,Travel & Tourism,United Kingdom,Europe,"1,800",0.00%,"1,800",0.00%,,,,,,"1,800",0,"1,800","1,800",0,100.00%
WHG,Gambling & Casinos,Entertainment/Media/Sports,Malta,Europe,700,0.00%,700,0.00%,,,,,,700,0,700,700,0,100.00%
White Arkitekter,Architecture and Design,Construction/Engineering,Sweden,Europe,"1,874",0.00%,"1,859",0.00%,272,635,222,463,,267,4,372,267,"1,607",14.25%
WHS Foundation GmbH,Nonprofit,Non-profit/Charity/Government/NGO,Germany,Europe,15,0.00%,15,0.00%,,,,,,15,0,15,15,0,100.00%
WHSmith,Retail/Stationery/Books,Retail,United Kingdom,Europe,"1,665",0.00%,"1,665",0.00%,,,,"1,665",,,1,"1,665",0,"1,665",0.00%
Wienerberger,Construction and building materials industry,Construction/Engineering,Austria,Europe,"9,704",0.01%,"7,896",0.01%,"4,000",,"1,800","2,000",,96,3,"1,974",96,"9,608",0.99%
Wildlife Conservation Research Unit,Non-profit/Conservation,Agriculture/Agribusiness/Resources,United Kingdom,Europe,157,0.00%,157,0.00%,,,132,25,,,2,79,0,157,0.00%
Wildlife Management International,Environmental Services,Environmental & Sustainability Services,United Kingdom,Europe,70,0.00%,70,0.00%,,,,,70,,1,70,70,0,100.00%
Wildlife Works,Environmental Conservation/Non-profit,Environmental & Sustainability Services,Kenya,Africa,215,0.00%,115,0.00%,,,,115,,,1,115,0,215,0.00%
Wildlife WorksWildlife Works	Environmental Conservation/Non-profit	Non-profit/Charity/Government/NGO	Kenya	Africa,Environmental Conservation,Environmental & Sustainability Services,Kenya,Africa,50,0.00%,0,0.00%,0,0,0,0,0,0,5,0,0,50,0.00%
WILDSIDE,Fashion/Apparel,Apparel/Fashion,United States,North America,"3,529",0.00%,"3,529",0.01%,,,192,"2,111",242,984,3,882,"1,226","2,303",34.74%
Will Todd Music,Music,Entertainment/Media/Sports,United States,North America,12,0.00%,12,0.00%,,,,,,12,0,12,12,0,100.00%
William Hare Group Limited,Construction and Engineering,Construction/Engineering,United Kingdom,Europe,"2,189",0.00%,"2,189",0.00%,,,"1,250",838,101,,3,730,101,"2,088",4.61%
Williams-Sonoma,Retail,Retail,United States,North America,"1,326",0.00%,"1,326",0.00%,,,,,,"1,326",0,"1,326","1,326",0,100.00%
Willis,Insurance,Financial Services,United Kingdom,Europe,70,0.00%,70,0.00%,,70,,,,,1,70,0,70,0.00%
Willmott Dixon,Construction and Real Estate,Construction/Engineering,United Kingdom,Europe,"122,592",0.17%,"79,184",0.12%,"3,589","17,535","17,084","19,169","14,522","7,285",5,"13,197","21,807","100,785",17.79%
Wilmington,Location/Real Estate,Construction/Engineering,United States,North America,250,0.00%,250,0.00%,,,,,250,,1,250,250,0,100.00%
Wilside,Film Production,Entertainment/Media/Sports,Italy,Europe,340,0.00%,340,0.00%,,,,,340,,1,340,340,0,100.00%
Wilson Family,Musical group,Entertainment/Media/Sports,United States,North America,20,0.00%,20,0.00%,,,,,,20,0,20,20,0,100.00%
Wilson Vale,Food Services,Food and Beverage,United Kingdom,Europe,40,0.00%,40,0.00%,,,,40,,,1,40,0,40,0.00%
Winbond,Semiconductors,Technology/Telecommunications,Taiwan,Asia,204,0.00%,204,0.00%,,,,,,204,0,204,204,0,100.00%
Wincanton,Logistics and transportation,Transportation/Logistics,United Kingdom,Europe,"3,577",0.00%,"3,577",0.01%,,,,"3,577",,,1,"3,577",0,"3,577",0.00%
Wineflow,Freight forwarding,Transportation/Logistics,France,Europe,11,0.00%,11,0.00%,,,,,,11,0,11,11,0,100.00%
WineWorks,Wine and Spirits,Food and Beverage,Australia,Oceania,429,0.00%,429,0.00%,,,268,,115,46,2,143,161,268,37.53%
Winter,Financial Services,Financial Services,Canada,North America,362,0.00%,362,0.00%,,,,,,362,0,362,362,0,100.00%
Wisdomtree,Financial Services,Financial Services,United States,North America,200,0.00%,200,0.00%,,,,,,200,0,200,200,0,100.00%
Wise Payments Ltd,Finance/Financial Technology,Financial Services,United Kingdom,Europe,"17,131",0.02%,"17,131",0.03%,,"1,504","2,492","4,527",,"8,608",3,"4,283","8,608","8,523",50.25%
Withersworldwide,Law firm,Consulting Services,United Kingdom,Europe,10,0.00%,10,0.00%,,,10,,,,1,10,0,10,0.00%
Witty,Creative/Marketing/Entertainment,Entertainment/Media/Sports,United States,North America,547,0.00%,547,0.00%,,,315,,232,,2,274,232,315,42.41%
WM Donald,Retail,Retail,Canada,North America,161,0.00%,161,0.00%,,,,50,,111,1,81,111,50,68.94%
WM Donald Ltd,Construction and building materials,Construction/Engineering,United Kingdom,Europe,128,0.00%,128,0.00%,,,,,128,,1,128,128,0,100.00%
WMIL,Environmental Services,Environmental & Sustainability Services,United States,North America,96,0.00%,96,0.00%,,,,,,96,0,96,96,0,100.00%
Woden Valley Uniting Church,Religious Organizations,Non-profit/Charity/Government/NGO,Australia,Oceania,13,0.00%,13,0.00%,,,,,,13,0,13,13,0,100.00%
Wohnpoint,Furniture and home decor sector,Retail,Germany,Europe,160,0.00%,160,0.00%,,,,160,,,1,160,0,160,0.00%
Wolf Safety,Manufacturing,Manufacturing/Engineering,United Kingdom,Europe,72,0.00%,72,0.00%,,,,,,72,0,72,72,0,100.00%
Wolffkran,Construction and Engineering,Construction/Engineering,Germany,Europe,278,0.00%,278,0.00%,,,,,,278,0,278,278,0,100.00%
Wolt,Food delivery,Food and Beverage,Finland,Europe,"19,723",0.03%,"19,723",0.03%,,,"19,723",,,,1,"19,723",0,"19,723",0.00%
Women in Impact,Non-profit organization,Non-profit/Charity/Government/NGO,United States,North America,26,0.00%,26,0.00%,,,,26,,,1,26,0,26,0.00%
Wonderbag,Consumer Goods/ Household Goods,Retail,South Africa,Africa,"95,000",0.13%,"95,000",0.15%,,,"95,000",,,,1,"95,000",0,"95,000",0.00%
Woodfashioners,Manufacturing,Manufacturing/Engineering,Germany,Europe,32,0.00%,32,0.00%,,,,,,32,0,32,32,0,100.00%
Woodlite,Lighting,Manufacturing/Engineering,Sweden,Europe,74,0.00%,74,0.00%,,74,,,,,1,74,0,74,0.00%
Woodside,Oil & Gas,Energy/Mining/Utilities,Australia,Oceania,"13,412",0.02%,"13,412",0.02%,,,,,,"13,412",0,"13,412","13,412",0,100.00%
Woof,Pet Supplies,Retail,United Kingdom,Europe,20,0.00%,10,0.00%,10,,,,,,1,10,0,20,0.00%
Work.Life,Coworking Spaces,Others,United Kingdom,Europe,450,0.00%,450,0.00%,,,,,,450,0,450,450,0,100.00%
Workday,Technology/Software,Technology/Telecommunications,United States,North America,"17,356",0.02%,"17,356",0.03%,,,,"3,000","7,856","6,500",2,"5,785","14,356","3,000",82.71%
WorkOS,Identity and Access Management (IAM),Technology/Telecommunications,United States,North America,81,0.00%,81,0.00%,,,,81,,,1,81,0,81,0.00%
World Economic Forum,Business/Finance/Economics,Financial Services,Switzerland,Europe,"50,255",0.07%,"24,686",0.04%,"8,750","7,990",791,"7,155",,,4,"6,172",0,"50,255",0.00%
World Fuel Services,Energy & Utilities,Energy/Mining/Utilities,United States,North America,"6,260",0.01%,"6,260",0.01%,,,,,"6,260",,1,"6,260","6,260",0,100.00%
World Habitat,Non-profit organization,Non-profit/Charity/Government/NGO,United Kingdom,Europe,74,0.00%,74,0.00%,,,,,38,36,1,37,74,0,100.00%
World Jewish Relief,Nonprofit,Non-profit/Charity/Government/NGO,United Kingdom,Europe,500,0.00%,500,0.00%,,,,,,500,0,500,500,0,100.00%
World Vision,Non-profit/charity sector,Non-profit/Charity/Government/NGO,United States,North America,"16,944",0.02%,"12,194",0.02%,"2,427","2,471","2,728","3,047",23,"1,498",5,"2,032","1,521","15,423",8.98%
World Wildlife Fund,Non-profit/Environmental Conservation,Agriculture/Agribusiness/Resources,Switzerland,Europe,"15,806",0.02%,"10,848",0.02%,"1,651","1,000","4,135",,"4,062",,4,"2,712","4,062","11,744",25.70%
Wörnlein,Exhibition stand construction,Construction/Engineering,Germany,Europe,37,0.00%,37,0.00%,,,,,,37,0,37,37,0,100.00%
Wren Climate PBC,Environmental Services,Environmental & Sustainability Services,United States,North America,"9,182",0.01%,"9,182",0.01%,,,,,,"9,182",0,"9,182","9,182",0,100.00%
Wren Sterling,Financial Services,Financial Services,United Kingdom,Europe,74,0.00%,74,0.00%,,,74,,,,1,74,0,74,0.00%
Wright Communications,Marketing and Advertising,Advertising/Marketing/PR,United Kingdom,Europe,11,0.00%,11,0.00%,,,,11,,,1,11,0,11,0.00%
Writing Rights,"Publishing, Copyright, Intellectual Property",Others,United Kingdom,Europe,15,0.00%,15,0.00%,,,,15,,,1,15,0,15,0.00%
WSL,Technology/Software,Technology/Telecommunications,United States,North America,"1,000",0.00%,"1,000",0.00%,,"1,000",,,,,1,"1,000",0,"1,000",0.00%
WSP,Engineering and consulting services,Construction/Engineering,Canada,North America,657,0.00%,657,0.00%,,,,,151,506,1,329,657,0,100.00%
WWC,Carbon Capture and Storage,Energy/Mining/Utilities,United States,North America,727,0.00%,727,0.00%,,,,,,727,0,727,727,0,100.00%
WWF,Non-profit organization,Non-profit/Charity/Government/NGO,Switzerland,Europe,104,0.00%,104,0.00%,,,,,,104,0,104,104,0,100.00%
www.carbonfootprint.com,Environmental Services,Environmental & Sustainability Services,United Kingdom,Europe,372,0.00%,372,0.00%,,,,,,372,0,372,372,0,100.00%
Wyld & Wyld,Fashion/retail,Apparel/Fashion,United States,North America,111,0.00%,111,0.00%,,,111,,,,1,111,0,111,0.00%
Wyndham,Hospitality/Hotel industry,Travel & Tourism,United States,North America,"1,426",0.00%,"1,426",0.00%,,"1,169",257,,,,2,713,0,"1,426",0.00%
Wynn,Law Practice,Consulting Services,United States,North America,606,0.00%,606,0.00%,,,,,,606,0,606,606,0,100.00%
X-Flite,Aerospace/Aviation,Transportation/Logistics,United States,North America,100,0.00%,100,0.00%,,,,,100,,1,100,100,0,100.00%
X-Team International,Technology/Software Development,Technology/Telecommunications,United States,North America,"1,165",0.00%,"1,165",0.00%,,333,,832,,,2,583,0,"1,165",0.00%
Xbrane,Pharmaceuticals/Healthcare,Healthcare/Pharmaceuticals,Sweden,Europe,128,0.00%,128,0.00%,,,,,128,,1,128,128,0,100.00%
Xenia,Retail,Retail,Italy,Europe,73,0.00%,73,0.00%,15,15,15,15,,13,4,15,13,60,17.81%
XL Joinery,Construction/Building Materials,Construction/Engineering,United Kingdom,Europe,150,0.00%,150,0.00%,,,,150,,,1,150,0,150,0.00%
Xlife Sciences,Healthcare,Healthcare/Pharmaceuticals,Switzerland,Europe,84,0.00%,84,0.00%,,,,,,84,0,84,84,0,100.00%
XLNT Travel,Travel and Tourism,Travel & Tourism,United States,North America,"3,397",0.00%,"3,397",0.01%,,"3,397",,,,,1,"3,397",0,"3,397",0.00%
Xoserve,Energy & Utilities,Energy/Mining/Utilities,United Kingdom,Europe,260,0.00%,260,0.00%,,,250,,10,,2,130,10,250,3.85%
Xpansiv,Carbon marketplaces or exchanges,Technology/Telecommunications,United States,North America,880,0.00%,880,0.00%,,880,,,,,1,880,0,880,0.00%
XRP Ledger,Cryptocurrency,Financial Services,United States,North America,937,0.00%,937,0.00%,,,,,,937,0,937,937,0,100.00%
xymatic GmbH,Technology/Software,Technology/Telecommunications,Germany,Europe,385,0.00%,385,0.00%,,,,200,,185,1,193,185,200,48.05%
Y.Chroma Apparel,Apparel,Apparel/Fashion,Canada,North America,90,0.00%,90,0.00%,,,,,90,,1,90,90,0,100.00%
Yacht Carbon Offset,Travel and Tourism,Travel & Tourism,United Kingdom,Europe,"15,631",0.02%,"14,941",0.02%,"1,681","1,046",781,"2,069","1,069","8,295",5,"2,490","9,364","6,267",59.91%
Yachting Pages Media Group,Media and Publishing,Entertainment/Media/Sports,United Kingdom,Europe,40,0.00%,40,0.00%,,,,40,,,1,40,0,40,0.00%
Yale School of Public Health,Education/Healthcare,Healthcare/Pharmaceuticals,United States,North America,"3,106",0.00%,"1,564",0.00%,,,"1,564",,,,1,"1,564",0,"3,106",0.00%
Yamato Transport,Logistics/Transportation,Transportation/Logistics,Japan,Asia,"96,000",0.13%,"96,000",0.15%,,,,,"96,000",,1,"96,000","96,000",0,100.00%
YAPI KREDI,Banking,Financial Services,Turkey,Europe,290,0.00%,290,0.00%,,,,,,290,0,290,290,0,100.00%
Yarn Collective,Textiles,Apparel/Fashion,United Kingdom,Europe,145,0.00%,145,0.00%,,,,,,145,0,145,145,0,100.00%
Yarra,Government,Non-profit/Charity/Government/NGO,Australia,Oceania,190,0.00%,190,0.00%,,,,,,190,0,190,190,0,100.00%
Yayzy,Environmental Technology,Environmental & Sustainability Services,United Kingdom,Europe,167,0.00%,167,0.00%,,,23,144,,,2,84,0,167,0.00%
"YCO, Mimi La Sardine",Food and Beverage,Food and Beverage,France,Europe,10,0.00%,10,0.00%,,10,,,,,1,10,0,10,0.00%
Yealands,Food & Beverage (specifically wine),Food and Beverage,New Zealand,Oceania,"7,093",0.01%,"4,037",0.01%,,"1,000",,,"3,007",30,2,"1,346","3,037","4,056",42.82%
Yearning Communications,Advertising and Marketing,Advertising/Marketing/PR,Germany,Europe,48,0.00%,48,0.00%,,,,,48,,1,48,48,0,100.00%
Yeelight,Lighting,Manufacturing/Engineering,China,Asia,136,0.00%,136,0.00%,,,,,,136,0,136,136,0,100.00%
Yele,"Social enterprise, mobile payments",Technology/Telecommunications,Kenya,Africa,30,0.00%,30,0.00%,,30,,,,,1,30,0,30,0.00%
Yello Strom GmbH,Energy,Energy/Mining/Utilities,Germany,Europe,"33,300",0.04%,"33,300",0.05%,,,,,,"33,300",0,"33,300","33,300",0,100.00%
Yellow Wings,Aerospace/Aviation,Transportation/Logistics,United States,North America,"1,076",0.00%,"1,076",0.00%,,,,116,600,360,2,359,960,116,89.22%
Yora,Pet care industry,Others,United Kingdom,Europe,300,0.00%,300,0.00%,,,,200,100,,2,150,100,200,33.33%
Your Property Profits Pty Ltd,Real Estate,Construction/Engineering,Australia,Oceania,128,0.00%,128,0.00%,,,,,12,116,1,64,128,0,100.00%
Yves Kessler,Landscaping,Construction/Engineering,Germany,Europe,92,0.00%,92,0.00%,,,92,,,,1,92,0,92,0.00%
Yves Saint Laurent,Luxury Fashion,Apparel/Fashion,France,Europe,20,0.00%,20,0.00%,20,,,,,,1,20,0,20,0.00%
Z Energy Ltd,Energy & Utilities,Energy/Mining/Utilities,New Zealand,Oceania,"5,577",0.01%,"5,577",0.01%,,,,"3,425","2,152",,2,"2,789","2,152","3,425",38.59%
Żabka,Retail,Retail,Poland,Europe,75,0.00%,75,0.00%,,,,,,75,0,75,75,0,100.00%
Zalando,Retail/E-commerce,Retail,Germany,Europe,"314,179",0.42%,"271,189",0.41%,"11,731","102,438","112,123","30,878","14,019",,5,"54,238","14,019","300,160",4.46%
ZAMA,Manufacturing,Manufacturing/Engineering,Zambia,Africa,"18,484",0.02%,"18,484",0.03%,,,,,,"18,484",0,"18,484","18,484",0,100.00%
ZARA,"Retail, Fashion",Retail,Spain,Europe,119,0.00%,119,0.00%,,,47,47,25,,3,40,25,94,21.01%
zeb,Financial Services,Financial Services,United States,North America,"3,120",0.00%,"3,120",0.00%,,,,,,"3,120",0,"3,120","3,120",0,100.00%
Zeedz GmbH,Technology/Software,Technology/Telecommunications,Germany,Europe,104,0.00%,104,0.00%,,,,,104,,1,104,104,0,100.00%
Zen,Telecommunications,Technology/Telecommunications,Japan,Asia,334,0.00%,334,0.00%,,,,,,334,0,334,334,0,100.00%
Zen Internet,Telecommunications,Technology/Telecommunications,United Kingdom,Europe,359,0.00%,359,0.00%,,,,,,359,0,359,359,0,100.00%
Zenith,Technology/Consumer Electronics,Technology/Telecommunications,South Korea,Asia,783,0.00%,783,0.00%,,,136,,647,,2,392,647,136,82.63%
Zenlen,Technology,Technology/Telecommunications,China,Asia,"47,200",0.06%,"47,200",0.07%,,,,,,"47,200",0,"47,200","47,200",0,100.00%
Zentrum,Retail or automotive industry,Retail,Germany,Europe,"4,800",0.01%,"4,800",0.01%,,,"4,800",,,,1,"4,800",0,"4,800",0.00%
Zero Carbon Farms,Agriculture,Agriculture/Agribusiness/Resources,United Kingdom,Europe,50,0.00%,50,0.00%,,,50,,,,1,50,0,50,0.00%
Zero Foodprint,Food and beverage industry,Food and Beverage,United States,North America,"1,330",0.00%,0,0.00%,0,0,0,0,0,0,5,0,0,"1,330",0.00%
Zero Imprint,Printing and Publishing,Others,United Kingdom,Europe,29,0.00%,29,0.00%,,,,29,,,1,29,0,29,0.00%
Zero Imprint Ltd,Printing and promotional products industry,Advertising/Marketing/PR,United Kingdom,Europe,527,0.00%,527,0.00%,,,,527,,,1,527,0,527,0.00%
Zero Trace Procurement Ltd,"Sustainability, Environmental Consulting",Environmental & Sustainability Services,United Kingdom,Europe,60,0.00%,60,0.00%,,,,,30,30,1,30,60,0,100.00%
Zero Waste City,Environmental Services,Environmental & Sustainability Services,Singapore,Asia,12,0.00%,12,0.00%,,,,,,12,0,12,12,0,100.00%
Zero Waste Scotland,Environmental Non-Profit,Non-profit/Charity/Government/NGO,United Kingdom,Europe,111,0.00%,111,0.00%,,,,,111,,1,111,111,0,100.00%
ZeroFoodprint,Food and beverage industry,Food and Beverage,United States,North America,170,0.00%,0,0.00%,0,0,0,0,0,0,5,0,0,170,0.00%
ZeroMission,Environmental/Carbon offsetting sector,Energy/Mining/Utilities,Sweden,Europe,"11,662",0.02%,"11,662",0.02%,,237,"4,250","2,038","4,209",928,4,"2,332","5,137","6,525",44.05%
Zeutschel GmbH,Technology/Information Technology,Technology/Telecommunications,Germany,Europe,974,0.00%,974,0.00%,,,134,,289,551,2,325,840,134,86.24%
ZIM Integrated Shipping Services,Shipping and Logistics,Transportation/Logistics,United Arab Emirates,Middle East,45,0.00%,0,0.00%,0,0,0,0,0,0,5,0,0,45,0.00%
ZIV,Technology,Technology/Telecommunications,United States,North America,"11,470",0.02%,"9,117",0.01%,"4,614",,,"4,503",,,2,"4,559",0,"11,470",0.00%
Zkipster,Event Management Software,Technology/Telecommunications,Switzerland,Europe,60,0.00%,60,0.00%,,,,,,60,0,60,60,0,100.00%
Zona Franca del Este (ZFE),Free Trade Zone Management,Others,Dominican Republic,North America,76,0.00%,0,0.00%,0,0,0,0,0,0,5,0,0,76,0.00%
Zona Franca Metropolitana,Real Estate,Real Estate,Dominican Republic,North America,31,0.00%,31,0.00%,,,,,,31,0,31,31,0,100.00%
Zoos Victoria,Non-profit/Conservation/Wildlife,Non-profit/Charity/Government/NGO,Australia,Oceania,"14,785",0.02%,"5,500",0.01%,,,"3,000","2,500",,,2,"2,750",0,"14,785",0.00%
Zotter,Food and Beverage,Food and Beverage,Austria,Europe,216,0.00%,216,0.00%,,,216,,,,1,216,0,216,0.00%
Zucchi,Textiles and Home Goods,Retail,Italy,Europe,420,0.00%,0,0.00%,0,0,0,0,0,0,5,0,0,420,0.00%
Zühlke Engineering,Engineering,Manufacturing/Engineering,Switzerland,Europe,"2,000",0.00%,"2,000",0.00%,,,,,,"2,000",0,"2,000","2,000",0,100.00%
Zukunftswer eG,Technology/Consulting/Innovation,Technology/Telecommunications,Germany,Europe,"662,933",0.89%,"168,936",0.26%,20,"10,452","6,114","3,691",,"148,659",4,"33,787","148,659","514,274",22.42%
Zumo,Financial Services,Financial Services,United Kingdom,Europe,10,0.00%,10,0.00%,,,,10,,,1,10,0,10,0.00%
Zürcher Kantonalbank,Banking/Financial Services,Financial Services,Switzerland,Europe,"3,448",0.00%,"3,448",0.01%,,"3,448",,,,,1,"3,448",0,"3,448",0.00%
Zurich,Insurance and financial services,Financial Services,Switzerland,Europe,"1,378",0.00%,0,0.00%,0,0,0,0,0,0,5,0,0,"1,378",0.00%
Zwembad De Bosberg,Recreation and Leisure,Entertainment/Media/Sports,Netherlands,Europe,41,0.00%,41,0.00%,,,,26,15,,2,21,15,26,36.59%
Zwick,Manufacturing/Industrial Machinery,Construction/Engineering,Germany,Europe,900,0.00%,0,0.00%,0,0,0,0,0,0,5,0,0,900,0.00%